Date,Open,High,Low,Close,Volume,Dividends,Stock Splits
1993-12-14 00:00:00-05:00,8.381286642169425,8.8685707492723,8.356922436814282,8.819842338562012,1077400,0.0,0.0
1993-12-15 00:00:00-05:00,8.771114672644664,8.771114672644664,8.47874418355651,8.624929428100586,897800,0.0,0.0
1993-12-16 00:00:00-05:00,8.649293635524598,8.649293635524598,8.576201013252561,8.624929428100586,571200,0.0,0.0
1993-12-17 00:00:00-05:00,8.62493019434758,8.62493019434758,8.43001651763916,8.43001651763916,1053000,0.0,0.0
1993-12-20 00:00:00-05:00,8.430010990602295,8.698017120361328,8.430010990602295,8.698017120361328,1284800,0.0,0.0
1993-12-21 00:00:00-05:00,8.673657106431149,8.917299159982587,8.673657106431149,8.819842338562012,882800,0.0,0.0
1993-12-22 00:00:00-05:00,8.844206543917155,8.844206543917155,8.746749722496581,8.819842338562012,200600,0.0,0.0
1993-12-23 00:00:00-05:00,8.844205561692153,9.01475498023718,8.844205561692153,8.99039077758789,195800,0.0,0.0
1993-12-27 00:00:00-05:00,9.039119685137713,9.258397521165312,9.039119685137713,9.20966911315918,68400,0.0,0.0
1993-12-28 00:00:00-05:00,9.185303416657955,9.185303416657955,9.112210816525398,9.16093921661377,273600,0.0,0.0
1993-12-29 00:00:00-05:00,9.209670855304388,9.282763481140137,9.209670855304388,9.282763481140137,264400,0.0,0.0
1993-12-30 00:00:00-05:00,9.282764952736798,9.380221802634296,9.282764952736798,9.331493377685547,156200,0.0,0.0
1993-12-31 00:00:00-05:00,9.282761305256894,9.307125508157831,9.209668696554084,9.258397102355957,133000,0.0,0.0
1994-01-03 00:00:00-05:00,9.2827647857666,9.2827647857666,9.01475845336914,9.136579513549805,467800,0.0,0.0
1994-01-04 00:00:00-05:00,9.136572769143905,9.136572769143905,8.698017276224997,8.7954740524292,2250200,0.0,0.0
1994-01-05 00:00:00-05:00,8.576202220648106,8.64929485321045,8.47874537723165,8.64929485321045,2933400,0.0,0.0
1994-01-06 00:00:00-05:00,8.576200375611755,8.649292992449356,8.381286730711489,8.478743553161621,2753200,0.0,0.0
1994-01-07 00:00:00-05:00,8.45438241673087,8.45438241673087,8.088919199869304,8.13764762878418,3428400,0.0,0.0
1994-01-10 00:00:00-05:00,8.162005719221021,8.381283484812032,8.137641523044241,8.356919288635254,1411000,0.0,0.0
1994-01-11 00:00:00-05:00,8.381285126446283,8.381285126446283,8.259464121701425,8.33255672454834,1185400,0.0,0.0
1994-01-12 00:00:00-05:00,8.308193780127025,8.308193780127025,8.1376443476904,8.186372756958008,2209200,0.0,0.0
1994-01-13 00:00:00-05:00,8.162011843241617,8.186376057699055,8.113283414326741,8.13764762878418,1033400,0.0,0.0
1994-01-14 00:00:00-05:00,8.162007331848145,8.210735733829328,8.113278929866961,8.162007331848145,1366000,0.0,0.0
1994-01-17 00:00:00-05:00,8.137643130857553,8.186371532838736,8.08891472887637,8.162007331848145,1157400,0.0,0.0
1994-01-18 00:00:00-05:00,8.162010625318006,8.162010625318006,8.088917992852473,8.113282203674316,1118400,0.0,0.0
1994-01-19 00:00:00-05:00,8.088911778828097,8.283825315667327,8.088911778828097,8.23509693145752,1327800,0.0,0.0
1994-01-20 00:00:00-05:00,8.235101166225615,8.259465370859418,8.113280143056597,8.186372756958008,1121400,0.0,0.0
1994-01-21 00:00:00-05:00,8.210736961591811,8.210736961591811,8.1376443476904,8.186372756958008,1460800,0.0,0.0
1994-01-24 00:00:00-05:00,8.186374836139851,8.186374836139851,8.088917992852473,8.113282203674316,2101400,0.0,0.0
1994-01-25 00:00:00-05:00,8.088917992852473,8.162010625318006,8.040189571208781,8.113282203674316,1470400,0.0,0.0
1994-01-26 00:00:00-05:00,8.088917992852473,8.137646414496162,8.088917992852473,8.113282203674316,723600,0.0,0.0
1994-01-27 00:00:00-05:00,8.113282203674316,8.162010625318006,8.088917992852473,8.113282203674316,1610600,0.0,0.0
1994-01-28 00:00:00-05:00,8.162010630895924,8.405652739280878,8.137646420057429,8.381288528442383,1285200,0.0,0.0
1994-01-31 00:00:00-05:00,8.381285378592354,8.649291597093855,8.381285378592354,8.527470588684082,1316000,0.0,0.0
1994-02-01 00:00:00-05:00,8.23509693145752,8.283825315667327,8.186368547247712,8.23509693145752,3041400,0.0,0.0
1994-02-02 00:00:00-05:00,8.210736961591811,8.210736961591811,8.113280143056597,8.186372756958008,3352000,0.0,0.0
1994-02-03 00:00:00-05:00,8.21073571980348,8.356920925497311,8.186371518854509,8.33255672454834,2135600,0.0,0.0
1994-02-04 00:00:00-05:00,8.308192253112793,8.430013253891573,8.283828052957038,8.308192253112793,1256600,0.0,0.0
1994-02-07 00:00:00-05:00,8.308194113873888,8.503107758774155,8.308194113873888,8.478743553161621,799400,0.0,0.0
1994-02-08 00:00:00-05:00,8.381283484812032,8.430011877165592,8.332555092458474,8.356919288635254,916600,0.0,0.0
1994-02-09 00:00:00-05:00,8.308191440416419,8.405648231506348,8.308191440416419,8.405648231506348,769800,0.0,0.0
1994-02-10 00:00:00-05:00,8.381285126446283,8.4543777292932,8.33255672454834,8.33255672454834,977600,0.0,0.0
1994-02-11 00:00:00-05:00,8.33255672454834,8.356920925497311,8.283828322650397,8.33255672454834,690800,0.0,0.0
1994-02-14 00:00:00-05:00,8.356924317603887,8.405652739280878,8.332560106765392,8.381288528442383,616800,0.0,0.0
1994-02-15 00:00:00-05:00,8.356919835961383,8.478740824823793,8.356919835961383,8.405648231506348,701200,0.0,0.0
1994-02-16 00:00:00-05:00,8.405649723855493,8.50310653224802,8.381285521757361,8.454378128051758,668800,0.0,0.0
1994-02-17 00:00:00-05:00,8.50310653224802,8.576199138542417,8.454378128051758,8.454378128051758,995000,0.0,0.0
1994-02-18 00:00:00-05:00,8.454376627051312,8.478740824823793,8.381284033733865,8.405648231506348,434000,0.0,0.0
1994-02-22 00:00:00-05:00,8.283827781677246,8.35692037975087,8.210735183603624,8.283827781677246,1151800,0.0,0.0
1994-02-23 00:00:00-05:00,8.283826700104916,8.356919288635254,8.283826700104916,8.356919288635254,1016000,0.0,0.0
1994-02-24 00:00:00-05:00,8.332556868021467,8.332556868021467,8.235100062547533,8.259464263916016,537800,0.0,0.0
1994-02-25 00:00:00-05:00,8.210735733829328,8.23509993481992,8.162007331848145,8.162007331848145,651200,0.0,0.0
1994-02-28 00:00:00-05:00,8.210740272156492,8.210740272156492,8.113283414326741,8.13764762878418,520400,0.0,0.0
1994-03-01 00:00:00-05:00,8.113283414326741,8.13764762878418,8.088919199869304,8.13764762878418,751800,0.0,0.0
1994-03-02 00:00:00-05:00,8.088916940891997,8.113281148545287,8.015824317932129,8.015824317932129,1084800,0.0,0.0
1994-03-03 00:00:00-05:00,8.015825883841808,8.015825883841808,7.894004821777344,7.894004821777344,731600,0.0,0.0
1994-03-04 00:00:00-05:00,7.894004780313242,7.91836899259816,7.796547931173573,7.845276355743408,1008400,0.0,0.0
1994-03-07 00:00:00-05:00,7.845278487398617,7.845278487398617,7.820914268493652,7.820914268493652,600000,0.0,0.0
1994-03-08 00:00:00-05:00,7.820914268493652,7.845278487398617,7.796550049588688,7.820914268493652,1083600,0.0,0.0
1994-03-09 00:00:00-05:00,7.801225274522729,7.89966344833374,7.801225274522729,7.89966344833374,268400,0.2,0.0
1994-03-10 00:00:00-05:00,7.8750547972865075,7.924273889769547,7.8012261585619465,7.825835704803467,1073200,0.0,0.0
1994-03-11 00:00:00-05:00,7.825830706082857,8.022706950261043,7.825830706082857,7.9980974197387695,297400,0.0,0.0
1994-03-14 00:00:00-05:00,8.047317472703618,8.047317472703618,7.973488872036612,8.02270793914795,343400,0.0,0.0
1994-03-15 00:00:00-05:00,8.022708950973138,8.09653756095142,7.998099414313712,8.071928024291992,630600,0.0,0.0
1994-03-16 00:00:00-05:00,8.071929354726533,8.096538895442162,7.948881651148384,7.973491191864014,474000,0.0,0.0
1994-03-17 00:00:00-05:00,7.9488793384809435,8.071927006259287,7.9488793384809435,8.02270793914795,672600,0.0,0.0
1994-03-18 00:00:00-05:00,8.022711165597507,8.022711165597507,7.875053904880987,7.89966344833374,991400,0.0,0.0
1994-03-21 00:00:00-05:00,7.89966344833374,7.948882535239247,7.875053904880987,7.89966344833374,422000,0.0,0.0
1994-03-22 00:00:00-05:00,7.899664421259246,7.92427396774292,7.825835781808225,7.92427396774292,550200,0.0,0.0
1994-03-23 00:00:00-05:00,7.948879370266509,8.047317504882812,7.924269836612433,8.047317504882812,512000,0.0,0.0
1994-03-24 00:00:00-05:00,7.998099414313712,8.121147097610846,7.998099414313712,8.071928024291992,419600,0.0,0.0
1994-03-25 00:00:00-05:00,8.121147097610846,8.121147097610846,8.071928024291992,8.071928024291992,231600,0.0,0.0
1994-03-28 00:00:00-05:00,8.096539543474549,8.145758628845215,7.998101372733217,8.145758628845215,484600,0.0,0.0
1994-03-29 00:00:00-05:00,8.121149086159882,8.19497771421588,8.121149086159882,8.145758628845215,313200,0.0,0.0
1994-03-30 00:00:00-05:00,8.096536539814954,8.145755606926292,7.99809840559228,8.02270793914795,595000,0.0,0.0
1994-03-31 00:00:00-05:00,7.998102607193941,8.022712153677615,7.899664421259246,7.92427396774292,674200,0.0,0.0
1994-04-04 00:00:00-04:00,7.8012261585619465,7.8750547972865075,7.776616612320426,7.825835704803467,944200,0.0,0.0
1994-04-05 00:00:00-04:00,7.875046390498016,7.973484470379241,7.875046390498016,7.9488749504089355,1030000,0.0,0.0
1994-04-06 00:00:00-04:00,8.170369188228767,8.268807371219475,8.121150096733414,8.219588279724121,834000,0.0,0.0
1994-04-07 00:00:00-04:00,8.219583545514007,8.244193077087402,8.14575495079382,8.244193077087402,1355400,0.0,0.0
1994-04-08 00:00:00-04:00,8.219581954333247,8.490286749236438,8.219581954333247,8.441067695617676,897400,0.0,0.0
1994-04-11 00:00:00-04:00,8.416458090729028,8.441067617310107,8.318019984404712,8.39184856414795,469200,0.0,0.0
1994-04-12 00:00:00-04:00,8.416463645728859,8.416463645728859,8.194977760314941,8.194977760314941,437600,0.0,0.0
1994-04-13 00:00:00-04:00,8.268800931242554,8.39184856414795,8.244191404661475,8.39184856414795,1111000,0.0,0.0
1994-04-14 00:00:00-04:00,8.342631340026855,8.367240872003336,8.318021808050375,8.342631340026855,703000,0.0,0.0
1994-04-15 00:00:00-04:00,8.416458090729028,8.514896197053345,8.36723903756687,8.39184856414795,590600,0.0,0.0
1994-04-18 00:00:00-04:00,8.391850403979817,8.441069467932778,8.318021808050375,8.342631340026855,499200,0.0,0.0
1994-04-19 00:00:00-04:00,8.391850403979817,8.391850403979817,8.268802744097414,8.342631340026855,628400,0.0,0.0
1994-04-20 00:00:00-04:00,8.342630048231644,8.36723957639752,8.071925238407019,8.12114429473877,755000,0.0,0.0
1994-04-21 00:00:00-04:00,8.145756863412403,8.367242699577695,8.121147326060703,8.268804550170898,671400,0.0,0.0
1994-04-22 00:00:00-04:00,8.293413162231445,8.3426322314435,8.268803627625418,8.293413162231445,280200,0.0,0.0
1994-04-25 00:00:00-04:00,8.342629664877187,8.490286827087402,8.31802013784215,8.490286827087402,862200,0.0,0.0
1994-04-26 00:00:00-04:00,8.859435992533934,8.908655081381346,8.785607359262817,8.810216903686523,1685800,0.0,0.0
1994-04-28 00:00:00-04:00,8.81021587747923,8.81021587747923,8.613339545021594,8.736387252807617,1094800,0.0,0.0
1994-04-29 00:00:00-04:00,8.711774890342456,8.810213024696607,8.687165356753917,8.760993957519531,974200,0.0,0.0
1994-05-02 00:00:00-04:00,8.760994053152611,8.859432188581291,8.71177498543827,8.834822654724121,494600,0.0,0.0
1994-05-03 00:00:00-04:00,8.859435081481934,8.884044623374939,8.760996913909912,8.859435081481934,713000,0.0,0.0
1994-05-04 00:00:00-04:00,8.834820821344687,8.908649407595478,8.834820821344687,8.884039878845215,592600,0.0,0.0
1994-05-05 00:00:00-04:00,8.908651256295633,8.908651256295633,8.834822654724121,8.834822654724121,343200,0.0,0.0
1994-05-06 00:00:00-04:00,8.810217762803896,8.83482730962737,8.662560481863048,8.687170028686523,368000,0.0,0.0
1994-05-09 00:00:00-04:00,8.68717000972141,8.68717000972141,8.63795091618191,8.66256046295166,241800,0.0,0.0
1994-05-10 00:00:00-04:00,8.687168288230895,9.007092332839965,8.687168288230895,8.859435081481934,817000,0.0,0.0
1994-05-11 00:00:00-04:00,9.007087522596533,9.056306580097061,8.884039878845215,8.884039878845215,828200,0.0,0.0
1994-05-12 00:00:00-04:00,8.908649407595478,8.957868465096006,8.884039878845215,8.884039878845215,358400,0.0,0.0
1994-05-13 00:00:00-04:00,8.982482008453285,9.080920167450033,8.982482008453285,9.03170108795166,891000,0.0,0.0
1994-05-16 00:00:00-04:00,8.982476358828338,9.056304931640625,8.957866834557576,9.056304931640625,605200,0.0,0.0
1994-05-17 00:00:00-04:00,9.0070858830991,9.10552398018215,8.982476358828338,9.056304931640625,381200,0.0,0.0
1994-05-18 00:00:00-04:00,9.031702974454953,9.031702974454953,8.982483884675906,9.00709342956543,343600,0.0,0.0
1994-05-19 00:00:00-04:00,8.982476358828338,9.10552398018215,8.982476358828338,9.056304931640625,929800,0.0,0.0
1994-05-20 00:00:00-04:00,9.03170187473297,9.03170187473297,8.859435081481934,8.859435081481934,397800,0.0,0.0
1994-05-23 00:00:00-04:00,8.957870483398438,9.05630862057864,8.957870483398438,8.957870483398438,502000,0.0,0.0
1994-05-24 00:00:00-04:00,9.154745173326788,9.302402353541735,9.154745173326788,9.203964233398438,929600,0.0,0.0
1994-05-25 00:00:00-04:00,9.154748210756797,9.400843592766389,9.154748210756797,9.37623405456543,675600,0.0,0.0
1994-05-26 00:00:00-04:00,9.400843729009283,9.523891421797362,9.400843729009283,9.499281883239746,1315800,0.0,0.0
1994-05-27 00:00:00-04:00,9.450062913161059,9.622329685015556,9.450062913161059,9.5977201461792,634400,0.0,0.0
1994-05-31 00:00:00-04:00,9.54849708854378,9.622325674279944,9.474668502807617,9.474668502807617,536000,0.0,0.0
1994-06-01 00:00:00-04:00,9.450058748350923,9.499277804331918,9.277792052417443,9.327011108398438,349800,0.0,0.0
1994-06-02 00:00:00-04:00,9.27779969370178,9.425456983256716,9.228580597183468,9.400847434997559,542400,0.0,0.0
1994-06-03 00:00:00-04:00,9.376237886738403,9.450066531515871,9.376237886738403,9.400847434997559,507800,0.0,0.0
1994-06-06 00:00:00-04:00,9.425449445650175,9.474668502807617,9.400839917071455,9.474668502807617,299800,0.0,0.0
1994-06-07 00:00:00-04:00,9.450059750205593,9.450059750205593,9.327012097208124,9.351621627807617,537200,0.0,0.0
1994-06-08 00:00:00-04:00,9.35161959903626,9.37622912429688,9.203962447472529,9.277791023254395,248400,0.0,0.0
1994-06-09 00:00:00-04:00,9.307581901550293,9.332402119954427,9.257941464742025,9.307581901550293,271000,0.2,0.0
1994-06-10 00:00:00-04:00,9.35722030547851,9.35722030547851,9.282759666442871,9.282759666442871,142400,0.0,0.0
1994-06-13 00:00:00-04:00,9.282756468236919,9.456497899460603,9.233116059315865,9.40685749053955,703200,0.0,0.0
1994-06-14 00:00:00-04:00,9.406862775166829,9.431682993570963,9.307581901550293,9.307581901550293,505600,0.0,0.0
1994-06-15 00:00:00-04:00,9.33240009246663,9.35722030547851,9.282759666442871,9.282759666442871,473400,0.0,0.0
1994-06-16 00:00:00-04:00,9.282755277517303,9.43167648517801,9.282755277517303,9.357215881347656,547200,0.0,0.0
1994-06-17 00:00:00-04:00,9.35722030547851,9.382040518490388,9.282759666442871,9.282759666442871,1240400,0.0,0.0
1994-06-20 00:00:00-04:00,9.233118662020056,9.257938873477098,9.133837816191882,9.158658027648926,402400,0.0,0.0
1994-06-21 00:00:00-04:00,9.183479927541125,9.208300143561505,9.034558631418836,9.10901927947998,335400,0.0,0.0
1994-06-22 00:00:00-04:00,9.158658601383475,9.382040518490388,9.158658601383475,9.282759666442871,942800,0.0,0.0
1994-06-23 00:00:00-04:00,9.307576672697444,9.48131810392113,9.282756468236919,9.40685749053955,336600,0.0,0.0
1994-06-24 00:00:00-04:00,9.456503211975097,9.456503211975097,9.307581901550293,9.307581901550293,463800,0.0,0.0
1994-06-27 00:00:00-04:00,9.307577254924368,9.382037872963764,9.282757048911236,9.3323974609375,200200,0.0,0.0
1994-06-28 00:00:00-04:00,9.332402119954427,9.35722233835856,9.282761683146159,9.307581901550293,151000,0.0,0.0
1994-06-29 00:00:00-04:00,9.28275951876102,9.481321219697085,9.28275951876102,9.456501007080078,204800,0.0,0.0
1994-06-30 00:00:00-04:00,9.456501121920441,9.506141547757293,9.357220270246735,9.481321334838867,241400,0.0,0.0
1994-07-01 00:00:00-04:00,9.406858078976896,9.456498491003158,9.233116636884974,9.3323974609375,503600,0.0,0.0
1994-07-05 00:00:00-04:00,9.382037872963764,9.431678284990026,9.3323974609375,9.3323974609375,334000,0.0,0.0
1994-07-06 00:00:00-04:00,9.35721790979779,9.406858323112367,9.35721790979779,9.382038116455078,560200,0.0,0.0
1994-07-07 00:00:00-04:00,9.406860696083587,9.53096176067572,9.382040483165161,9.481321334838867,340800,0.0,0.0
1994-07-08 00:00:00-04:00,9.50614070892334,9.50614070892334,9.43168007673856,9.50614070892334,499400,0.0,0.0
1994-07-11 00:00:00-04:00,9.53095863743832,9.53095863743832,9.43167781829834,9.43167781829834,250800,0.0,0.0
1994-07-12 00:00:00-04:00,9.382042335121625,9.382042335121625,9.20830081039715,9.257941246032715,812000,0.0,0.0
1994-07-13 00:00:00-04:00,9.282757289825923,9.406858323112367,9.257937083168635,9.382038116455078,232800,0.0,0.0
1994-07-14 00:00:00-04:00,9.40686301987406,9.605424772272455,9.40686301987406,9.580604553222656,790400,0.0,0.0
1994-07-15 00:00:00-04:00,9.580598865063662,9.80398070388639,9.580598865063662,9.779160499572754,1158600,0.0,0.0
1994-07-18 00:00:00-04:00,9.530966194210485,9.853629112243652,9.530966194210485,9.853629112243652,842200,0.0,0.0
1994-07-19 00:00:00-04:00,9.87844126265323,10.201103916960998,9.87844126265323,10.151463508605957,2240200,0.0,0.0
1994-07-20 00:00:00-04:00,10.151463508605957,10.225924121138519,10.126643304428436,10.151463508605957,1207600,0.0,0.0
1994-07-21 00:00:00-04:00,10.151463508605957,10.201103916960998,10.126643304428436,10.151463508605957,517000,0.0,0.0
1994-07-22 00:00:00-04:00,10.176283712783478,10.201103916960998,10.151463508605957,10.151463508605957,407000,0.0,0.0
1994-07-25 00:00:00-04:00,10.151469448767148,10.201109886169434,10.101829011364865,10.201109886169434,815000,0.0,0.0
1994-07-26 00:00:00-04:00,10.22592461426668,10.30038523038998,10.126643792768943,10.250744819641113,640400,0.0,0.0
1994-07-27 00:00:00-04:00,10.20110786484509,10.225928078628169,10.027366368363543,10.176287651062012,611800,0.0,0.0
1994-07-28 00:00:00-04:00,10.151467059032026,10.325208549039909,10.126646846173758,10.30038833618164,395400,0.0,0.0
1994-07-29 00:00:00-04:00,10.275565025015547,10.325205435764413,10.201104408892245,10.250744819641113,333800,0.0,0.0
1994-08-01 00:00:00-04:00,10.225926399230957,10.2755668186447,10.201106189524086,10.225926399230957,616200,0.0,0.0
1994-08-02 00:00:00-04:00,10.30038702835157,10.325207238058443,10.225926399230957,10.225926399230957,586800,0.0,0.0
1994-08-03 00:00:00-04:00,10.176284203517811,10.30038523038998,10.176284203517811,10.250744819641113,589400,0.0,0.0
1994-08-04 00:00:00-04:00,10.275570353822845,10.39967144505259,10.250750135576896,10.37485122680664,468800,0.0,0.0
1994-08-05 00:00:00-04:00,10.325210790314744,10.42449166329854,10.300390572068794,10.37485122680664,467400,0.0,0.0
1994-08-08 00:00:00-04:00,10.350028038024902,10.57340993812616,10.350028038024902,10.350028038024902,575200,0.0,0.0
1994-08-09 00:00:00-04:00,10.225928261166528,10.424489974975586,10.225928261166528,10.424489974975586,601200,0.0,0.0
1994-08-10 00:00:00-04:00,10.474130855416352,10.623052147199523,10.474130855416352,10.523771286010742,721000,0.0,0.0
1994-08-11 00:00:00-04:00,10.474131249584845,10.57341211450982,10.37485038465987,10.399670600891113,386400,0.0,0.0
1994-08-12 00:00:00-04:00,10.350026009174494,10.374846215431507,10.300385596660467,10.32520580291748,402600,0.0,0.0
1994-08-15 00:00:00-04:00,10.275567404657817,10.424488671391988,10.275567404657817,10.350028038024902,439800,0.0,0.0
1994-08-16 00:00:00-04:00,10.37485122680664,10.37485122680664,10.325210790314744,10.37485122680664,682400,0.0,0.0
1994-08-17 00:00:00-04:00,10.350026009174494,10.350026009174494,10.300385596660467,10.32520580291748,546000,0.0,0.0
1994-08-18 00:00:00-04:00,10.300385934247569,10.325206141318045,10.002543449401855,10.002543449401855,625000,0.0,0.0
1994-08-19 00:00:00-04:00,10.002546082113746,10.027366295717005,9.878445014097446,9.952905654907227,806800,0.0,0.0
1994-08-22 00:00:00-04:00,9.95290554046631,9.97772575378418,9.903265113830567,9.928085327148438,434600,0.0,0.0
1994-08-23 00:00:00-04:00,9.977721017949722,10.225923033321605,9.977721017949722,10.126642227172852,652200,0.0,0.0
1994-08-24 00:00:00-04:00,10.201104771632416,10.32520580291748,10.151464359118389,10.32520580291748,619000,0.0,0.0
1994-08-25 00:00:00-04:00,10.374848249147265,10.399668460269625,10.300387615780178,10.350028038024902,866000,0.0,0.0
1994-08-26 00:00:00-04:00,10.350031008560691,10.39967144505259,10.325210790314744,10.37485122680664,933000,0.0,0.0
1994-08-29 00:00:00-04:00,10.374842214358361,10.474123001098633,10.27556142761809,10.474123001098633,612600,0.0,0.0
1994-08-30 00:00:00-04:00,10.424482607728496,10.474123001098633,10.350022017673293,10.474123001098633,350600,0.0,0.0
1994-08-31 00:00:00-04:00,10.449302804413565,10.4989431977837,10.424482607728496,10.474123001098633,505000,0.0,0.0
1994-09-01 00:00:00-04:00,10.474127649411454,10.49894785711148,10.399667026311372,10.449307441711426,343600,0.0,0.0
1994-09-02 00:00:00-04:00,10.4493110333536,10.474131249584845,10.37485038465987,10.399670600891113,200200,0.0,0.0
1994-09-06 00:00:00-04:00,10.399667026311372,10.474127649411454,10.350026610911318,10.449307441711426,424400,0.0,0.0
1994-09-07 00:00:00-04:00,10.449306731528424,10.498947143554688,10.424486525515293,10.498947143554688,450400,0.0,0.0
1994-09-08 00:00:00-04:00,10.474125902042832,10.697507734076922,10.474125902042832,10.672687530517578,589000,0.0,0.0
1994-09-09 00:00:00-04:00,10.548591501307937,10.548591501307937,10.449310640119156,10.523771286010742,437400,0.0,0.0
1994-09-12 00:00:00-04:00,10.35371036759342,10.453746216555675,10.328701405352858,10.378719329833984,343200,0.2,0.0
1994-09-13 00:00:00-04:00,10.37871671119382,10.553779402707931,10.37871671119382,10.528770446777344,368800,0.0,0.0
1994-09-14 00:00:00-04:00,10.528768402548398,10.653813157923082,10.528768402548398,10.628804206848145,233600,0.0,0.0
1994-09-15 00:00:00-04:00,10.578785836696625,10.853884286350674,10.528767936759525,10.803866386413574,227600,0.0,0.0
1994-09-16 00:00:00-04:00,10.753848486476475,10.828875336382124,10.728839536507925,10.803866386413574,608400,0.0,0.0
1994-09-19 00:00:00-04:00,10.77885913848877,10.878894954159199,10.753850184571162,10.77885913848877,508200,0.0,0.0
1994-09-20 00:00:00-04:00,10.703831611795628,10.728840564159636,10.553777897611578,10.578786849975586,354600,0.0,0.0
1994-09-21 00:00:00-04:00,10.57879064870223,10.57879064870223,10.303692073913282,10.45374584197998,287800,0.0,0.0
1994-09-22 00:00:00-04:00,10.503763198852539,10.553781118847075,10.47875423885527,10.503763198852539,352400,0.0,0.0
1994-09-23 00:00:00-04:00,10.52877104057456,10.65381582727972,10.503762083233527,10.603797912597656,325800,0.0,0.0
1994-09-26 00:00:00-04:00,10.628806709129119,10.728842536979746,10.603797752166463,10.70383358001709,469000,0.0,0.0
1994-09-27 00:00:00-04:00,10.678819844051684,10.953918247528424,10.65381089828107,10.928909301757812,330000,0.0,0.0
1994-09-28 00:00:00-04:00,11.103984602860042,11.204020500183105,11.05396665419851,11.204020500183105,681600,0.0,0.0
1994-09-29 00:00:00-04:00,11.153993757601777,11.179002712215235,10.953922120694122,11.05395793914795,354400,0.0,0.0
1994-09-30 00:00:00-04:00,11.103979281721443,11.128988244067664,10.878898620605469,10.878898620605469,410800,0.0,0.0
1994-10-03 00:00:00-04:00,10.928918280523696,10.928918280523696,10.7163420668293,10.728846549987793,404400,0.0,0.0
1994-10-04 00:00:00-04:00,10.678823159291193,10.703832112825834,10.353706763340876,10.403724670410156,1236800,0.0,0.0
1994-10-05 00:00:00-04:00,10.378711816683337,10.403720760819924,10.053595542907715,10.053595542907715,573800,0.0,0.0
1994-10-06 00:00:00-04:00,10.128627974411536,10.228663806257577,10.128627974411536,10.153636932373047,672400,0.0,0.0
1994-10-07 00:00:00-04:00,10.153638290146649,10.378718941898669,10.10362036753509,10.32870101928711,489600,0.0,0.0
1994-10-10 00:00:00-04:00,10.403724264983394,10.453742170103506,10.303688454743169,10.353706359863281,171000,0.0,0.0
1994-10-11 00:00:00-04:00,10.35370943886893,10.503763198852539,10.303691518874395,10.503763198852539,562800,0.0,0.0
1994-10-12 00:00:00-04:00,10.453746216555675,10.453746216555675,10.328701405352858,10.378719329833984,345000,0.0,0.0
1994-10-13 00:00:00-04:00,10.503759451473462,10.653813157923082,10.503759451473462,10.628804206848145,296000,0.0,0.0
1994-10-14 00:00:00-04:00,10.628806869938689,10.628806869938689,10.52877104057456,10.603797912597656,275000,0.0,0.0
1994-10-17 00:00:00-04:00,10.603794786665174,10.878893236319223,10.578785836696625,10.803866386413574,456400,0.0,0.0
1994-10-18 00:00:00-04:00,10.80386964296965,10.853887557983398,10.778860685462776,10.853887557983398,649400,0.0,0.0
1994-10-19 00:00:00-04:00,10.853886000241593,10.853886000241593,10.753850184571162,10.77885913848877,645200,0.0,0.0
1994-10-20 00:00:00-04:00,10.753855516304782,10.778864482621769,10.65381965103683,10.728846549987793,262600,0.0,0.0
1994-10-21 00:00:00-04:00,10.703837583670806,10.728846549987793,10.65381965103683,10.728846549987793,217000,0.0,0.0
1994-10-24 00:00:00-04:00,10.703838330768823,10.853892139144087,10.67882936270628,10.828883171081543,398600,0.0,0.0
1994-10-25 00:00:00-04:00,10.753852798825218,10.753852798825218,10.503763198852539,10.503763198852539,1018600,0.0,0.0
1994-10-26 00:00:00-04:00,10.503758986790976,10.878893236319223,10.478750036822426,10.803866386413574,896800,0.0,0.0
1994-10-27 00:00:00-04:00,10.953923315372107,10.953923315372107,10.52877104057456,10.603797912597656,477200,0.0,0.0
1994-10-28 00:00:00-04:00,10.603795322152072,10.753849029541016,10.5287684684576,10.753849029541016,540800,0.0,0.0
1994-10-31 00:00:00-05:00,10.728839536507925,10.903902186287775,10.703830586539375,10.803866386413574,301000,0.0,0.0
1994-11-01 00:00:00-05:00,10.778860613984882,10.853887486007979,10.603797912597656,10.603797912597656,629800,0.0,0.0
1994-11-02 00:00:00-05:00,10.578789484586649,10.578789484586649,10.428735733032227,10.428735733032227,657200,0.0,0.0
1994-11-03 00:00:00-05:00,10.428734857450348,10.453743813943035,9.9535646840893,10.078609466552734,1377000,0.0,0.0
1994-11-04 00:00:00-05:00,10.10361898331868,10.25367273059569,10.028592109680176,10.028592109680176,838000,0.0,0.0
1994-11-07 00:00:00-05:00,10.028596505186611,10.07861444286834,9.953569598664018,9.978578567504883,255800,0.0,0.0
1994-11-08 00:00:00-05:00,10.003581047058105,10.053598952293395,9.978572094440459,10.003581047058105,623400,0.0,0.0
1994-11-09 00:00:00-05:00,10.028588781169816,10.25366932738061,10.028588781169816,10.203651428222656,552400,0.0,0.0
1994-11-10 00:00:00-05:00,10.25367273059569,10.25367273059569,10.003583151800674,10.028592109680176,763000,0.0,0.0
1994-11-11 00:00:00-05:00,10.053595963090952,10.153631743818226,10.028587017909135,10.10361385345459,357600,0.0,0.0
1994-11-14 00:00:00-05:00,10.12862932884087,10.378718941898669,10.12862932884087,10.32870101928711,417600,0.0,0.0
1994-11-15 00:00:00-05:00,10.3286973263355,10.628804754703603,10.3286973263355,10.578786849975586,608000,0.0,0.0
1994-11-16 00:00:00-05:00,10.603795802339594,10.653813707067611,10.453742088155543,10.578786849975586,448400,0.0,0.0
1994-11-17 00:00:00-05:00,10.553780525994245,10.603798443179052,10.37871781584742,10.428735733032227,581200,0.0,0.0
1994-11-18 00:00:00-05:00,10.303691449577427,10.378718329064641,10.078610811115784,10.128628730773926,452000,0.0,0.0
1994-11-21 00:00:00-05:00,10.10361911812607,10.153637034552437,9.803511619567871,9.803511619567871,542000,0.0,0.0
1994-11-22 00:00:00-05:00,9.828523063659668,9.828523063659668,9.328343772888184,9.378361701965332,1329000,0.0,0.0
1994-11-23 00:00:00-05:00,9.328337586444357,9.328337586444357,9.053239158962084,9.203292846679688,1578600,0.0,0.0
1994-11-25 00:00:00-05:00,9.1782865524292,9.20329550761293,9.153277597245468,9.1782865524292,352400,0.0,0.0
1994-11-28 00:00:00-05:00,9.153281211853027,9.178290176912736,9.103263281733613,9.153281211853027,619400,0.0,0.0
1994-11-29 00:00:00-05:00,9.103259732646327,9.328340330431537,9.103259732646327,9.30333137512207,673200,0.0,0.0
1994-11-30 00:00:00-05:00,9.278321526727247,9.428375244140625,9.278321526727247,9.428375244140625,712600,0.0,0.0
1994-12-01 00:00:00-05:00,9.453383713960648,9.653455326954523,9.453383713960648,9.603437423706055,564400,0.0,0.0
1994-12-02 00:00:00-05:00,9.603443506733536,9.7785062789917,9.603443506733536,9.7785062789917,294000,0.0,0.0
1994-12-05 00:00:00-05:00,9.803512011687767,9.953565766968703,9.7284851340473,9.853529930114746,334200,0.0,0.0
1994-12-06 00:00:00-05:00,9.853533723300561,10.003587536345746,9.828524754459696,9.978578567504883,418400,0.0,0.0
1994-12-07 00:00:00-05:00,9.928556410633787,9.95356536884697,9.803511619567871,9.803511619567871,233000,0.0,0.0
1994-12-08 00:00:00-05:00,9.803510823200657,9.853528735563927,9.628448129929218,9.703474998474121,144000,0.0,0.0
1994-12-09 00:00:00-05:00,9.703473726065152,9.703473726065152,9.428375244140625,9.428375244140625,642800,0.0,0.0
1994-12-12 00:00:00-05:00,9.40820026397705,9.483869435000996,9.357754149961089,9.40820026397705,419400,0.2,0.0
1994-12-13 00:00:00-05:00,9.433419111544493,9.635203477566835,9.382973020038907,9.534311294555664,287000,0.0,0.0
1994-12-14 00:00:00-05:00,9.55953901884507,9.988331006497752,9.55953901884507,9.887438774108887,533200,0.0,0.0
1994-12-15 00:00:00-05:00,9.912656822204589,10.114441184997558,9.912656822204589,10.089218139648438,941600,0.0,0.0
1994-12-16 00:00:00-05:00,10.19011077321246,10.391895144959243,10.164887726744114,10.3162260055542,893200,0.0,0.0
1994-12-19 00:00:00-05:00,10.240558487014201,10.291004587935454,10.139666285171698,10.164889335632324,240800,0.0,0.0
1994-12-20 00:00:00-05:00,10.240557670593262,10.291003767492736,10.215334622143525,10.240557670593262,336000,0.0,0.0
1994-12-21 00:00:00-05:00,10.442344389766095,10.543236606092337,10.366675227521414,10.467567443847656,543200,0.0,0.0
1994-12-22 00:00:00-05:00,10.467565943555135,10.467565943555135,10.341450691223145,10.341450691223145,335800,0.0,0.0
1994-12-23 00:00:00-05:00,10.442342758178711,10.492788858459768,10.417119708038182,10.442342758178711,359000,0.0,0.0
1994-12-27 00:00:00-05:00,10.46756855762788,10.492791614393248,10.366676330566406,10.366676330566406,185400,0.0,0.0
1994-12-28 00:00:00-05:00,10.366673741689542,10.442342893088735,10.265781539823951,10.341450691223145,184800,0.0,0.0
1994-12-29 00:00:00-05:00,10.341450691223145,10.366673741689542,10.265781539823951,10.341450691223145,147200,0.0,0.0
1994-12-30 00:00:00-05:00,10.366669581668212,10.417115662357595,10.190108299255371,10.190108299255371,259000,0.0,0.0
1995-01-03 00:00:00-05:00,10.164889335632324,10.240558487014201,10.114443234711072,10.164889335632324,369000,0.0,0.0
1995-01-04 00:00:00-05:00,10.265780719042999,10.265780719042999,10.16488852524405,10.240557670593262,167200,0.0,0.0
1995-01-05 00:00:00-05:00,10.24055889741874,10.265781948890215,10.139666691532842,10.215335845947266,139600,0.0,0.0
1995-01-06 00:00:00-05:00,10.190115162508665,10.593684079835741,10.190115162508665,10.518014907836914,584600,0.0,0.0
1995-01-09 00:00:00-05:00,10.366676289499091,10.568460742822674,10.366676289499091,10.543237686157227,209600,0.0,0.0
1995-01-10 00:00:00-05:00,10.593678629990166,10.745016896132881,10.568455585633046,10.669347763061523,706600,0.0,0.0
1995-01-11 00:00:00-05:00,10.669351448331561,10.669351448331561,10.51801312991551,10.593682289123535,330000,0.0,0.0
1995-01-12 00:00:00-05:00,10.618903558987837,10.618903558987837,10.492788314819336,10.492788314819336,363800,0.0,0.0
1995-01-13 00:00:00-05:00,10.543236606092337,10.568459660173898,10.391898281602975,10.467567443847656,521000,0.0,0.0
1995-01-16 00:00:00-05:00,10.492784834586049,10.669346117860332,10.492784834586049,10.644123077392578,432200,0.0,0.0
1995-01-17 00:00:00-05:00,10.64412810869306,10.795466423034668,10.618905056302792,10.795466423034668,578400,0.0,0.0
1995-01-18 00:00:00-05:00,10.795469003957468,10.871138179218852,10.745022887116544,10.82069206237793,315600,0.0,0.0
1995-01-19 00:00:00-05:00,10.770241052332059,10.820687146253988,10.719794958410128,10.745018005371094,491000,0.0,0.0
1995-01-20 00:00:00-05:00,10.719797554470244,10.745020607539585,10.568459236054194,10.593682289123535,481800,0.0,0.0
1995-01-23 00:00:00-05:00,10.543237686157227,10.644129912819018,10.49279157282633,10.543237686157227,558200,0.0,0.0
1995-01-24 00:00:00-05:00,10.543237965169856,10.568461022502799,10.492791850503972,10.518014907836914,319400,0.0,0.0
1995-01-25 00:00:00-05:00,10.543240262671132,10.618909451159203,10.442348011353705,10.568463325500488,278000,0.0,0.0
1995-01-26 00:00:00-05:00,10.59367772444938,10.59367772444938,10.39189338684082,10.39189338684082,307200,0.0,0.0
1995-01-27 00:00:00-05:00,10.366672098490895,10.391895144959243,10.215333819680808,10.3162260055542,436000,0.0,0.0
1995-01-30 00:00:00-05:00,10.341453819858785,10.341453819858785,9.78654654172002,9.887438774108887,521800,0.0,0.0
1995-01-31 00:00:00-05:00,9.887434302861966,10.164887816462684,9.887434302861966,10.038772583007812,512400,0.0,0.0
1995-02-01 00:00:00-05:00,10.038774083329193,10.215335436553577,10.038774083329193,10.164889335632324,475400,0.0,0.0
1995-02-02 00:00:00-05:00,10.139662218565988,10.190108299255371,9.963100936153149,10.190108299255371,289000,0.0,0.0
1995-02-03 00:00:00-05:00,10.291001218036541,10.442339471242962,10.265778175835472,10.39189338684082,294200,0.0,0.0
1995-02-06 00:00:00-05:00,10.34144986439221,10.34144986439221,10.190111573693788,10.240557670593262,324000,0.0,0.0
1995-02-07 00:00:00-05:00,10.291003227233887,10.291003227233887,10.190111038731594,10.291003227233887,471600,0.0,0.0
1995-02-08 00:00:00-05:00,10.291004587935454,10.291004587935454,10.139666285171698,10.164889335632324,252800,0.0,0.0
1995-02-09 00:00:00-05:00,10.16488799160602,10.417118462861753,10.16488799160602,10.291003227233887,411800,0.0,0.0
1995-02-10 00:00:00-05:00,10.265778175835472,10.41711642904189,10.265778175835472,10.39189338684082,388400,0.0,0.0
1995-02-13 00:00:00-05:00,10.341452173439853,10.492790497929217,10.341452173439853,10.467567443847656,428200,0.0,0.0
1995-02-14 00:00:00-05:00,10.467571074183061,10.593686388329846,10.391901885694992,10.568463325500488,414800,0.0,0.0
1995-02-15 00:00:00-05:00,10.593680112209002,10.644126207981426,10.518010968550367,10.618903160095215,400200,0.0,0.0
1995-02-16 00:00:00-05:00,10.644127159302938,10.669350209443465,10.417119708038182,10.442342758178711,512000,0.0,0.0
1995-02-17 00:00:00-05:00,10.442342217151936,10.593680510154137,10.391896119484533,10.492788314819336,446400,0.0,0.0
1995-02-21 00:00:00-05:00,10.49279157282633,10.543237686157227,10.442345459495435,10.543237686157227,304600,0.0,0.0
1995-02-22 00:00:00-05:00,10.593682145172695,10.694574356079102,10.54323603971949,10.694574356079102,400800,0.0,0.0
1995-02-23 00:00:00-05:00,10.694569158328088,10.719792198795842,10.543230915521558,10.644123077392578,441400,0.0,0.0
1995-02-24 00:00:00-05:00,10.669350081051098,10.719796180725098,10.618903981377096,10.719796180725098,459600,0.0,0.0
1995-02-27 00:00:00-05:00,10.644123077392578,10.719792198795842,10.618900036924822,10.644123077392578,264400,0.0,0.0
1995-02-28 00:00:00-05:00,10.694577099525764,11.09814604667768,10.66935404032877,11.047699928283691,1107800,0.0,0.0
1995-03-01 00:00:00-05:00,11.098135870856208,11.224251051206846,11.072912834786079,11.199028015136719,1737400,0.0,0.0
1995-03-02 00:00:00-05:00,11.047691607093375,11.098137687491063,10.99724552669569,11.022468566894531,992600,0.0,0.0
1995-03-03 00:00:00-05:00,11.022474416819485,11.098143577575684,10.921582202477888,11.098143577575684,671800,0.0,0.0
1995-03-06 00:00:00-05:00,11.0224738833548,11.0224738833548,10.972027778625488,10.972027778625488,368800,0.0,0.0
1995-03-07 00:00:00-05:00,11.022475119559996,11.0981442851405,10.896359843592489,10.946805953979492,825600,0.0,0.0
1995-03-08 00:00:00-05:00,11.022478869172181,11.148594188041427,10.997255805398332,11.123371124267578,561600,0.0,0.0
1995-03-09 00:00:00-05:00,11.299932570684524,11.299932570684524,11.123371124267578,11.123371124267578,780000,0.0,0.0
1995-03-10 00:00:00-05:00,11.128443883909151,11.128443883909151,10.950592041015625,10.950592041015625,700800,0.2,0.0
1995-03-13 00:00:00-05:00,11.001409908593526,11.153854387696438,10.925187669042069,11.026817321777344,307800,0.0,0.0
1995-03-14 00:00:00-05:00,11.07763270373758,11.179262361570036,11.052225289279466,11.128447532653809,384600,0.0,0.0
1995-03-15 00:00:00-05:00,11.128449811479225,11.153857231140137,11.026820132835578,11.153857231140137,399200,0.0,0.0
1995-03-16 00:00:00-05:00,11.153854947111922,11.230077190486263,11.07763270373758,11.128447532653809,347800,0.0,0.0
1995-03-17 00:00:00-05:00,11.153857231140137,11.204672070461958,11.103042391818313,11.153857231140137,467000,0.0,0.0
1995-03-20 00:00:00-05:00,11.179266275311798,11.331710815429688,11.153858851958818,11.331710815429688,256800,0.0,0.0
1995-03-21 00:00:00-05:00,11.280892779610374,11.38252244429155,11.1792631149292,11.1792631149292,664600,0.0,0.0
1995-03-22 00:00:00-05:00,11.204670531099493,11.230077947269788,11.103040866418318,11.1792631149292,467200,0.0,0.0
1995-03-23 00:00:00-05:00,11.077639085275155,11.153861372559158,10.925194510707149,10.976009368896484,517800,0.0,0.0
1995-03-24 00:00:00-05:00,10.976004972744208,11.026819810580987,10.95059755382582,11.001412391662598,722200,0.0,0.0
1995-03-27 00:00:00-05:00,11.052224159240723,11.052224159240723,10.96329821772959,11.052224159240723,475800,0.0,0.0
1995-03-28 00:00:00-05:00,11.077631571101046,11.128446394821694,11.001409335520076,11.052224159240723,447200,0.0,0.0
1995-03-29 00:00:00-05:00,11.052226034077732,11.280892779610374,11.026818617907438,11.1792631149292,804200,0.0,0.0
1995-03-30 00:00:00-05:00,11.25548323902241,11.407927707271021,11.230075827647642,11.357112884521484,579200,0.0,0.0
1995-03-31 00:00:00-05:00,11.331702800279253,11.357110205661044,11.255480584133878,11.306295394897461,267600,0.0,0.0
1995-04-03 00:00:00-04:00,11.306300367781594,11.357115200895219,11.230078118111155,11.255485534667969,225400,0.0,0.0
1995-04-04 00:00:00-04:00,11.230081772962153,11.509563446044922,11.230081772962153,11.509563446044922,440200,0.0,0.0
1995-04-05 00:00:00-04:00,11.45874570446764,11.662005051775271,11.433338286054187,11.636597633361816,456800,0.0,0.0
1995-04-06 00:00:00-04:00,11.636597633361816,11.662005051775271,11.509560541294547,11.636597633361816,343200,0.0,0.0
1995-04-07 00:00:00-04:00,11.636598165933188,11.738227844238281,11.585783326780641,11.738227844238281,414800,0.0,0.0
1995-04-10 00:00:00-04:00,11.687410175148193,11.71281758857243,11.611187934875488,11.611187934875488,578400,0.0,0.0
1995-04-11 00:00:00-04:00,11.560368897380956,11.585776301551023,11.407924472360547,11.458739280700684,502000,0.0,0.0
1995-04-12 00:00:00-04:00,11.509563446044922,11.509563446044922,11.407933746742097,11.509563446044922,231600,0.0,0.0
1995-04-13 00:00:00-04:00,11.53496721752903,11.611189467865124,11.509559800750331,11.585782051086426,370800,0.0,0.0
1995-04-17 00:00:00-04:00,11.662007319018445,11.662007319018445,11.280895968723724,11.331710815429688,382400,0.0,0.0
1995-04-18 00:00:00-04:00,11.3571208053165,11.3571208053165,10.976009368896484,10.976009368896484,427200,0.0,0.0
1995-04-19 00:00:00-04:00,11.02682028626496,11.07763512629383,10.671116406062865,10.772746086120605,585800,0.0,0.0
1995-04-20 00:00:00-04:00,10.823556710642281,10.823556710642281,10.696519660047887,10.747334480285645,664200,0.0,0.0
1995-04-21 00:00:00-04:00,10.77274993613914,10.976009368896484,10.747342507044474,10.976009368896484,638000,0.0,0.0
1995-04-24 00:00:00-04:00,11.026817874821353,11.128447532653809,10.925188216988898,11.128447532653809,376400,0.0,0.0
1995-04-25 00:00:00-04:00,11.255480380079865,11.382517404685732,11.179258165316345,11.230072975158691,624400,0.0,0.0
1995-04-26 00:00:00-04:00,11.280887069702148,11.433331489562988,11.280887069702148,11.433331489562988,675600,0.0,0.0
1995-04-27 00:00:00-04:00,11.458744967192935,11.585782051086426,11.458744967192935,11.585782051086426,516800,0.0,0.0
1995-04-28 00:00:00-04:00,11.636603098000046,11.662010528345025,11.43334365524022,11.484158515930176,588200,0.0,0.0
1995-05-01 00:00:00-04:00,11.534969329833984,11.534969329833984,11.433339644108575,11.534969329833984,575200,0.0,0.0
1995-05-02 00:00:00-04:00,11.534961134522826,11.585775941282838,11.484146327762813,11.560368537902832,258800,0.0,0.0
1995-05-03 00:00:00-04:00,11.560368537902832,11.611183344662845,11.534961134522826,11.560368537902832,547000,0.0,0.0
1995-05-04 00:00:00-04:00,11.560368537902832,11.611183344662845,11.50955373114282,11.560368537902832,565200,0.0,0.0
1995-05-05 00:00:00-04:00,11.61119159412804,11.61119159412804,11.48415448697128,11.534969329833984,471400,0.0,0.0
1995-05-08 00:00:00-04:00,11.509554089040819,11.560368897380956,11.458739280700684,11.458739280700684,409200,0.0,0.0
1995-05-09 00:00:00-04:00,11.484158515930176,11.534973376620133,11.458751085585199,11.484158515930176,438800,0.0,0.0
1995-05-10 00:00:00-04:00,11.509554089040819,11.509554089040819,11.382517068190479,11.458739280700684,356800,0.0,0.0
1995-05-11 00:00:00-04:00,11.3571117418115,11.433333968266613,11.306296924174761,11.407926559448242,686600,0.0,0.0
1995-05-12 00:00:00-04:00,11.407933085488631,11.407933085488631,11.331710815429688,11.331710815429688,336400,0.0,0.0
1995-05-15 00:00:00-04:00,11.382523970170453,11.789042683390827,11.382523970170453,11.738227844238281,733800,0.0,0.0
1995-05-16 00:00:00-04:00,11.81445137048379,12.068525593504946,11.763636525879557,11.890673637390137,747000,0.0,0.0
1995-05-17 00:00:00-04:00,11.865259931005282,11.890667339851117,11.738222886776104,11.789037704467773,615200,0.0,0.0
1995-05-18 00:00:00-04:00,11.738227844238281,11.789042683390827,11.712820424662008,11.738227844238281,278200,0.0,0.0
1995-05-19 00:00:00-04:00,11.687410531754628,11.81444760275196,11.687410531754628,11.763632774353027,453000,0.0,0.0
1995-05-22 00:00:00-04:00,11.789037704467773,11.81444511331361,11.763630295621939,11.789037704467773,543600,0.0,0.0
1995-05-23 00:00:00-04:00,11.839857843187119,12.348006248474121,11.789043002658419,12.348006248474121,726400,0.0,0.0
1995-05-24 00:00:00-04:00,12.373415805225411,12.398823229876799,11.916082161500448,11.966897010803223,809600,0.0,0.0
1995-05-25 00:00:00-04:00,11.966891469834726,12.068521121383217,11.839854405399112,12.043113708496094,291200,0.0,0.0
1995-05-26 00:00:00-04:00,12.093933015807062,12.144747860411293,11.839858792785904,11.890673637390137,377200,0.0,0.0
1995-05-30 00:00:00-04:00,11.941484056947603,12.093928534270338,11.941484056947603,12.043113708496094,343200,0.0,0.0
1995-05-31 00:00:00-04:00,12.04311500787735,12.19555950164795,12.017707592248916,12.19555950164795,965400,0.0,0.0
1995-06-01 00:00:00-04:00,12.170146942138672,12.27177656169724,12.093924727469744,12.170146942138672,771800,0.0,0.0
1995-06-02 00:00:00-04:00,12.043109117928198,12.195553537142478,11.916072101916297,11.992294311523438,799600,0.0,0.0
1995-06-05 00:00:00-04:00,11.916072893242248,12.195554347028313,11.916072893242248,12.170146942138672,808400,0.0,0.0
1995-06-06 00:00:00-04:00,12.093932521668119,12.195562206724155,12.093932521668119,12.119339942932129,444600,0.0,0.0
1995-06-07 00:00:00-04:00,12.093924727469744,12.195554347028313,12.068517322580101,12.170146942138672,202800,0.0,0.0
1995-06-08 00:00:00-04:00,12.119335565708152,12.144742977795591,11.99229850527096,12.017705917358398,434400,0.0,0.0
1995-06-09 00:00:00-04:00,11.966897010803223,12.017711860105996,11.865267312197675,11.966897010803223,405200,0.0,0.0
1995-06-12 00:00:00-04:00,11.941483681096082,12.093928153620714,11.916076269008645,12.017705917358398,619600,0.0,0.0
1995-06-13 00:00:00-04:00,12.119335947157461,12.170150772931706,12.01770629560897,12.043113708496094,516200,0.0,0.0
1995-06-14 00:00:00-04:00,11.818009376525879,11.843589483401477,11.6389486283967,11.818009376525879,859600,0.2,0.0
1995-06-15 00:00:00-04:00,11.818012018871915,12.048233032226562,11.818012018871915,12.048233032226562,411800,0.0,0.0
1995-06-16 00:00:00-04:00,12.150550898859057,12.150550898859057,11.9970702559261,12.073810577392578,521200,0.0,0.0
1995-06-19 00:00:00-04:00,12.150555236784419,12.252875701936286,12.150555236784419,12.201715469360352,370400,0.0,0.0
1995-06-20 00:00:00-04:00,12.17613184302422,12.252872169765968,12.150551734110302,12.22729206085205,383800,0.0,0.0
1995-06-21 00:00:00-04:00,12.252876078957005,12.252876078957005,12.150555610656738,12.150555610656738,289600,0.0,0.0
1995-06-22 00:00:00-04:00,12.17613184302422,12.252872169765968,12.124971625196386,12.22729206085205,496800,0.0,0.0
1995-06-23 00:00:00-04:00,12.278452278679884,12.278452278679884,12.17613184302422,12.22729206085205,232600,0.0,0.0
1995-06-26 00:00:00-04:00,12.150547675442596,12.2017078761813,12.099387474703889,12.124967575073242,260000,0.0,0.0
1995-06-27 00:00:00-04:00,12.073809976780668,12.124970188546687,12.022649765014648,12.022649765014648,862000,0.0,0.0
1995-06-28 00:00:00-04:00,12.04823354112,12.252874450523313,12.022653427444586,12.17613410949707,258600,0.0,0.0
1995-06-29 00:00:00-04:00,12.176127775811947,12.252868076920006,12.048227273965184,12.124967575073242,426000,0.0,0.0
1995-06-30 00:00:00-04:00,12.150553995821657,12.17613410949707,12.073813654795416,12.17613410949707,239000,0.0,0.0
1995-07-03 00:00:00-04:00,12.2017078761813,12.2017078761813,12.099387474703889,12.124967575073242,313400,0.0,0.0
1995-07-05 00:00:00-04:00,12.150553995821657,12.201714223172486,12.09939376847083,12.17613410949707,474200,0.0,0.0
1995-07-06 00:00:00-04:00,12.17613410949707,12.2272943368479,12.150553995821657,12.17613410949707,464800,0.0,0.0
1995-07-07 00:00:00-04:00,12.176126970563617,12.559828450728437,12.176126970563617,12.534248352050781,1643600,0.0,0.0
1995-07-10 00:00:00-04:00,12.534253001213074,12.815634191036224,12.534253001213074,12.68773365020752,1260600,0.0,0.0
1995-07-11 00:00:00-04:00,12.636565534079947,12.662145626254198,12.483084981034441,12.585405349731445,575000,0.0,0.0
1995-07-12 00:00:00-04:00,12.58542002105713,12.790060997009277,12.534259777069092,12.790060997009277,433200,0.0,0.0
1995-07-13 00:00:00-04:00,12.764476990367973,12.86679744720459,12.764476990367973,12.86679744720459,428200,0.0,0.0
1995-07-14 00:00:00-04:00,12.790051717606802,12.91795223478287,12.738891510736375,12.892372131347656,290400,0.0,0.0
1995-07-17 00:00:00-04:00,12.91795223478287,12.994692545088512,12.84121192447723,12.892372131347656,473800,0.0,0.0
1995-07-18 00:00:00-04:00,12.841218861494914,12.917959213256836,12.815638744240939,12.917959213256836,454200,0.0,0.0
1995-07-19 00:00:00-04:00,12.866787303403678,12.943527585531333,12.559826174893052,12.738886833190918,597000,0.0,0.0
1995-07-20 00:00:00-04:00,12.73888590277695,12.764465994951202,12.431924796685939,12.585405349731445,376600,0.0,0.0
1995-07-21 00:00:00-04:00,12.50867753131919,13.097020237291257,12.48309741366823,13.020279884338379,407200,0.0,0.0
1995-07-24 00:00:00-04:00,12.994689270853996,13.097009658813477,12.738888300955296,13.097009658813477,506400,0.0,0.0
1995-07-25 00:00:00-04:00,13.122594889472513,13.173755103466558,12.969114247490378,13.045854568481445,1273400,0.0,0.0
1995-07-26 00:00:00-04:00,13.09701478247549,13.09701478247549,12.9946943544874,13.045854568481445,850800,0.0,0.0
1995-07-27 00:00:00-04:00,13.071429561823606,13.173749949783087,13.045849464833736,13.097009658813477,432800,0.0,0.0
1995-07-28 00:00:00-04:00,13.071426391601562,13.148166663959302,12.969106028457912,13.071426391601562,405400,0.0,0.0
1995-07-31 00:00:00-04:00,13.097009658813477,13.148169852793217,13.020269367843866,13.097009658813477,358200,0.0,0.0
1995-08-01 00:00:00-04:00,13.122589755803347,13.122589755803347,13.020269367843866,13.097009658813477,415400,0.0,0.0
1995-08-02 00:00:00-04:00,13.122600354942216,13.42956176675373,13.020279884338379,13.020279884338379,692400,0.0,0.0
1995-08-03 00:00:00-04:00,12.969114137250324,13.250495311825775,12.841213603352392,13.199335098266602,468200,0.0,0.0
1995-08-04 00:00:00-04:00,13.250495311825775,13.276075418605362,13.071434564368671,13.199335098266602,376200,0.0,0.0
1995-08-07 00:00:00-04:00,13.199340531432513,13.250500766050468,13.12260017950558,13.173760414123535,429200,0.0,0.0
1995-08-08 00:00:00-04:00,13.173760414123535,13.224920648741492,13.12260017950558,13.173760414123535,498800,0.0,0.0
1995-08-09 00:00:00-04:00,13.148178026800691,13.224918365478516,13.148178026800691,13.224918365478516,411600,0.0,0.0
1995-08-10 00:00:00-04:00,13.224920648741492,13.250500766050468,13.148180296814557,13.173760414123535,257800,0.0,0.0
1995-08-11 00:00:00-04:00,13.122600151288626,13.122600151288626,12.917959213256836,12.917959213256836,537200,0.0,0.0
1995-08-14 00:00:00-04:00,12.892376970224342,13.148178100585938,12.866796857188183,13.148178100585938,256200,0.0,0.0
1995-08-15 00:00:00-04:00,13.14817488470743,13.327235632164534,13.097014671148257,13.199335098266602,515400,0.0,0.0
1995-08-16 00:00:00-04:00,13.224915802708924,13.250495910644531,13.17375558683771,13.250495910644531,437400,0.0,0.0
1995-08-17 00:00:00-04:00,13.250495554850652,13.327235876596891,13.224915447601905,13.301655769348145,424400,0.0,0.0
1995-08-18 00:00:00-04:00,13.403974439513007,13.659775478435012,13.403974439513007,13.557455062866211,1054800,0.0,0.0
1995-08-21 00:00:00-04:00,13.506299018859863,13.659779689528726,13.403978571747288,13.506299018859863,571200,0.0,0.0
1995-08-22 00:00:00-04:00,13.45513147339785,13.634192158405046,13.403971277681508,13.608612060546875,717200,0.0,0.0
1995-08-23 00:00:00-04:00,13.55745924241615,13.608619465972438,13.403978571747288,13.506299018859863,686200,0.0,0.0
1995-08-24 00:00:00-04:00,13.480711628728947,13.531871824663401,13.429551432794492,13.455131530761719,446000,0.0,0.0
1995-08-25 00:00:00-04:00,13.455135093338187,13.480715198078375,13.327234569637254,13.352814674377441,548600,0.0,0.0
1995-08-28 00:00:00-04:00,13.352815738944122,13.352815738944122,13.14817488470743,13.199335098266602,506400,0.0,0.0
1995-08-29 00:00:00-04:00,13.199333146817423,13.327233661805964,13.09701273482659,13.276073455810547,624600,0.0,0.0
1995-08-30 00:00:00-04:00,13.276078665766734,13.301658778802894,13.122597987549778,13.148178100585938,876200,0.0,0.0
1995-08-31 00:00:00-04:00,13.224918365478516,13.224918365478516,13.173758139693298,13.224918365478516,803400,0.0,0.0
1995-09-01 00:00:00-04:00,13.22490693631704,13.22490693631704,13.04584630081565,13.071426391601562,422200,0.0,0.0
1995-09-05 00:00:00-04:00,13.122595370966495,13.276076018580138,13.020274939224066,13.250495910644531,689000,0.0,0.0
1995-09-06 00:00:00-04:00,13.250495554850652,13.352815983845638,13.148175125855666,13.301655769348145,447000,0.0,0.0
1995-09-07 00:00:00-04:00,13.327230984106997,13.659772256263217,13.301650886248826,13.608612060546875,566800,0.0,0.0
1995-09-08 00:00:00-04:00,13.531880225422226,13.73652113620366,13.531880225422226,13.6853609085083,446800,0.0,0.0
1995-09-11 00:00:00-04:00,13.506296990000603,13.506296990000603,13.224915802708924,13.250495910644531,1365800,0.0,0.0
1995-09-12 00:00:00-04:00,13.301659200793114,13.71094102235598,13.276079086945437,13.6853609085083,936600,0.0,0.0
1995-09-13 00:00:00-04:00,13.608610753462523,13.73651123046875,13.583030658061277,13.73651123046875,676000,0.0,0.0
1995-09-14 00:00:00-04:00,13.77152726219149,13.951715469360352,13.720044917286101,13.951715469360352,540200,0.21,0.0
1995-09-15 00:00:00-04:00,14.312096120660955,14.312096120660955,14.080425500002775,14.157649040222168,682200,0.0,0.0
1995-09-18 00:00:00-04:00,14.028945195413854,14.106168746948242,13.977462827724263,14.106168746948242,299600,0.0,0.0
1995-09-19 00:00:00-04:00,14.054680159171129,14.080421331623823,13.925974296907656,13.951715469360352,268200,0.0,0.0
1995-09-20 00:00:00-04:00,13.951712735374693,13.977453902783134,13.69430106129029,13.72004222869873,368400,0.0,0.0
1995-09-21 00:00:00-04:00,13.74578107030768,13.797263396413703,13.617075255042629,13.69429874420166,384200,0.0,0.0
1995-09-22 00:00:00-04:00,13.539850651199949,13.66855645586915,13.488368329332268,13.565591812133789,420000,0.0,0.0
1995-09-25 00:00:00-04:00,13.51411453513212,13.565596876218336,13.230961659157922,13.28244400024414,639400,0.0,0.0
1995-09-26 00:00:00-04:00,13.308186008505626,13.333927180669079,13.153738975524902,13.153738975524902,902600,0.0,0.0
1995-09-27 00:00:00-04:00,13.102254594267594,13.17947809875247,12.922066417136211,13.025031089782715,778800,0.0,0.0
1995-09-28 00:00:00-04:00,13.02502864258294,13.256699112510304,12.999287479257678,13.050769805908203,557400,0.0,0.0
1995-09-29 00:00:00-04:00,13.102255137637258,13.256702153012156,13.025031629949808,13.179478645324707,615800,0.0,0.0
1995-10-02 00:00:00-04:00,13.17947429337232,13.256697775560047,13.102250811184591,13.205215454101562,432400,0.0,0.0
1995-10-03 00:00:00-04:00,13.205221319851809,13.205221319851809,13.07651545903454,13.153738975524902,565600,0.0,0.0
1995-10-04 00:00:00-04:00,13.07651618759551,13.07651618759551,12.870586798814479,12.89632797241211,802600,0.0,0.0
1995-10-05 00:00:00-04:00,12.999289102024502,13.127994934717815,12.922065602408516,12.97354793548584,717800,0.0,0.0
1995-10-06 00:00:00-04:00,12.999292666802624,13.025033840400253,12.84484562521685,12.89632797241211,612400,0.0,0.0
1995-10-09 00:00:00-04:00,12.896319615768956,12.896319615768956,12.767613831180443,12.793354988098145,294400,0.0,0.0
1995-10-10 00:00:00-04:00,12.767617481510815,12.793358645788054,12.613170495847376,12.664652824401855,589400,0.0,0.0
1995-10-11 00:00:00-04:00,12.690398247644243,12.690398247644243,12.407245345566988,12.510210037231445,352000,0.0,0.0
1995-10-12 00:00:00-04:00,12.561686856679648,12.896321957369885,12.510204533496536,12.819098472595215,576400,0.0,0.0
1995-10-13 00:00:00-04:00,12.844839634186771,13.076510088510782,12.793357311003659,12.819098472595215,479600,0.0,0.0
1995-10-16 00:00:00-04:00,12.819104451619221,12.973551493204996,12.793363278021593,12.89632797241211,288000,0.0,0.0
1995-10-17 00:00:00-04:00,12.896321957369885,12.896321957369885,12.793357311003659,12.819098472595215,302000,0.0,0.0
1995-10-18 00:00:00-04:00,12.7933612561995,12.844843595258652,12.767620086669922,12.767620086669922,314800,0.0,0.0
1995-10-19 00:00:00-04:00,12.767617481510815,12.767617481510815,12.638911660124617,12.664652824401855,281400,0.0,0.0
1995-10-20 00:00:00-04:00,12.664651455073153,12.664651455073153,12.587427970591,12.638910293579102,367800,0.0,0.0
1995-10-23 00:00:00-04:00,12.690398583631078,12.973551493204996,12.664657410033447,12.89632797241211,635200,0.0,0.0
1995-10-24 00:00:00-04:00,12.97354115032759,12.999282303403636,12.4844592418827,12.56168270111084,808200,0.0,0.0
1995-10-25 00:00:00-04:00,12.664658599538901,12.767623303600192,12.48447036743164,12.48447036743164,895400,0.0,0.0
1995-10-26 00:00:00-04:00,12.510206041456778,12.510206041456778,12.09834740634709,12.201312065124512,1138000,0.0,0.0
1995-10-27 00:00:00-04:00,12.252799685796102,12.45872909228007,12.20131733417511,12.355764389038086,828600,0.0,0.0
1995-10-30 00:00:00-05:00,12.355760164201136,12.40724249821864,12.278536663174878,12.330018997192383,540400,0.0,0.0
1995-10-31 00:00:00-05:00,12.304283298364206,12.355765655261127,12.227059763018824,12.252800941467285,758200,0.0,0.0
1995-11-01 00:00:00-05:00,12.252795763517682,12.304278098658513,12.14983109323602,12.227054595947266,702000,0.0,0.0
1995-11-02 00:00:00-05:00,12.227054329157374,12.330018997192383,12.149830828131117,12.330018997192383,922800,0.0,0.0
1995-11-03 00:00:00-05:00,12.33001635565049,12.664651455073153,12.304275194156437,12.638910293579102,1008000,0.0,0.0
1995-11-06 00:00:00-05:00,12.63890616033898,12.664647313415028,12.4844592418827,12.56168270111084,331800,0.0,0.0
1995-11-07 00:00:00-05:00,12.613169958335149,12.74187577423653,12.561687631974598,12.690393447875977,363800,0.0,0.0
1995-11-08 00:00:00-05:00,12.741881076224102,12.84484577178955,12.741881076224102,12.84484577178955,677200,0.0,0.0
1995-11-09 00:00:00-05:00,12.870591163635254,12.896332345962524,12.767626434326171,12.870591163635254,744400,0.0,0.0
1995-11-10 00:00:00-05:00,12.947804085632205,13.179474536468566,12.793357118407965,13.102251052856445,631600,0.0,0.0
1995-11-13 00:00:00-05:00,13.102251052856445,13.179474536468566,13.076509891652405,13.102251052856445,808000,0.0,0.0
1995-11-14 00:00:00-05:00,13.05076973239984,13.05076973239984,12.587428795154874,12.690393447875977,636600,0.0,0.0
1995-11-15 00:00:00-05:00,12.71613774761077,12.767620086669922,12.664655408551617,12.767620086669922,714200,0.0,0.0
1995-11-16 00:00:00-05:00,12.819102425729076,12.92206710384738,12.664655408551617,12.767620086669922,718600,0.0,0.0
1995-11-17 00:00:00-05:00,12.767615855823864,12.767615855823864,12.69039237282493,12.741874694824219,463400,0.0,0.0
1995-11-20 00:00:00-05:00,12.767617257878511,12.999287732315823,12.741876094052142,12.947805404663086,950200,0.0,0.0
1995-11-21 00:00:00-05:00,12.973550489110854,13.333926891586156,12.973550489110854,13.25670337677002,704800,0.0,0.0
1995-11-22 00:00:00-05:00,13.282438633559776,13.56559139512791,13.282438633559776,13.539850234985352,557400,0.0,0.0
1995-11-24 00:00:00-05:00,13.591332973067628,13.642815294935309,13.565591812133789,13.565591812133789,368800,0.0,0.0
1995-11-27 00:00:00-05:00,13.591332973067628,13.617074134001468,13.539850651199949,13.565591812133789,398000,0.0,0.0
1995-11-28 00:00:00-05:00,13.539851765883595,13.72003990725467,13.359663624512521,13.69429874420166,888800,0.0,0.0
1995-11-29 00:00:00-05:00,13.720044518574769,14.003197407325843,13.668562175165484,13.925973892211914,1216600,0.0,0.0
1995-11-30 00:00:00-05:00,13.925967637123717,14.080414597979065,13.514109074842795,13.539850234985352,689200,0.0,0.0
1995-12-01 00:00:00-05:00,13.591341228154354,13.642823581291301,13.282447109332663,13.359670639038086,858800,0.0,0.0
1995-12-04 00:00:00-05:00,13.359666962688157,13.385408132173106,13.205219945778468,13.308184623718262,584600,0.0,0.0
1995-12-05 00:00:00-05:00,13.333924046536248,13.771523870457322,13.333924046536248,13.617076873779297,939200,0.0,0.0
1995-12-06 00:00:00-05:00,13.771524285370448,13.823006619147534,13.591336117150648,13.642818450927734,641800,0.0,0.0
1995-12-07 00:00:00-05:00,13.642816670013197,13.745781324126504,13.591334342956543,13.591334342956543,990400,0.0,0.0
1995-12-08 00:00:00-05:00,13.642818450927734,13.668559617816276,13.51411261648502,13.642818450927734,556800,0.0,0.0
1995-12-11 00:00:00-05:00,13.617074379273628,13.617074379273628,13.385403926696194,13.462627410888672,432200,0.0,0.0
1995-12-12 00:00:00-05:00,13.46263068140918,13.514113016710937,13.35966601080567,13.488371849060059,394200,0.0,0.0
1995-12-13 00:00:00-05:00,13.462635345311982,13.488376521880458,13.308188285901137,13.359670639038086,628600,0.0,0.0
1995-12-14 00:00:00-05:00,13.394903182983398,13.4726298939098,13.109905242919922,13.109905242919922,434000,0.21,0.0
1995-12-15 00:00:00-05:00,13.109900587432238,13.109900587432238,12.669449381925622,12.695358276367188,1072200,0.0,0.0
1995-12-18 00:00:00-05:00,12.643548679351808,12.643548679351808,12.358550655841828,12.436277389526367,720600,0.0,0.0
1995-12-19 00:00:00-05:00,12.462180193846788,12.850813671825378,12.462180193846788,12.747178077697754,638800,0.0,0.0
1995-12-20 00:00:00-05:00,12.902631036166486,13.058084422144397,12.773086547851562,12.773086547851562,711200,0.0,0.0
1995-12-21 00:00:00-05:00,12.798997080056818,12.876723782972144,12.617634773254395,12.617634773254395,473400,0.0,0.0
1995-12-22 00:00:00-05:00,12.591724686506318,12.876722570357284,12.591724686506318,12.747178077697754,320800,0.0,0.0
1995-12-26 00:00:00-05:00,12.74717742276479,12.902630805969238,12.74717742276479,12.902630805969238,280600,0.0,0.0
1995-12-27 00:00:00-05:00,12.90263704212013,12.980363771289529,12.876728132396996,12.928545951843262,258400,0.0,0.0
1995-12-28 00:00:00-05:00,12.902634536066364,12.92854344075726,12.773090012611881,12.85081672668457,357800,0.0,0.0
1995-12-29 00:00:00-05:00,12.90263704212013,13.135817229628325,12.824910312950731,12.928545951843262,690800,0.0,0.0
1996-01-02 00:00:00-05:00,12.954453165216963,13.47263129182564,12.928544258886529,13.368995666503906,351600,0.0,0.0
1996-01-03 00:00:00-05:00,13.368993169478788,13.835353396321072,13.368993169478788,13.576264381408691,634600,0.0,0.0
1996-01-04 00:00:00-05:00,13.420815980503324,13.679905092096053,13.368998158184779,13.446724891662598,453200,0.0,0.0
1996-01-05 00:00:00-05:00,13.446721694707405,13.446721694707405,13.109905929714733,13.239450454711914,660600,0.0,0.0
1996-01-08 00:00:00-05:00,13.524446578426216,13.60217328289993,13.498537676934978,13.576264381408691,79400,0.0,0.0
1996-01-09 00:00:00-05:00,13.602175124704022,13.67990183970233,13.13581483471417,13.239450454711914,495400,0.0,0.0
1996-01-10 00:00:00-05:00,13.109912700653076,13.135821619033814,12.902641353607178,12.954459190368652,336800,0.0,0.0
1996-01-11 00:00:00-05:00,13.083997024715297,13.394903884708532,13.05808811971586,13.239450454711914,620800,0.0,0.0
1996-01-12 00:00:00-05:00,13.291266509464808,13.317175411042713,13.058086395263672,13.058086395263672,367200,0.0,0.0
1996-01-15 00:00:00-05:00,13.058083315026783,13.317172269690012,13.058083315026783,13.187627792358398,310000,0.0,0.0
1996-01-16 00:00:00-05:00,13.291271424706961,13.498542713981143,13.265362513547688,13.446724891662598,372800,0.0,0.0
1996-01-17 00:00:00-05:00,13.446721340431777,13.498539149065426,13.265359010214008,13.317176818847656,509200,0.0,0.0
1996-01-18 00:00:00-05:00,13.26536780631188,13.291276727808583,12.72128045488112,13.084005355834961,615600,0.0,0.0
1996-01-19 00:00:00-05:00,12.850823516845704,13.032185945510864,12.747187843322754,12.954459190368652,539200,0.0,0.0
1996-01-22 00:00:00-05:00,12.747176595715057,12.79899438675455,12.565814327076836,12.721267700195312,800800,0.0,0.0
1996-01-23 00:00:00-05:00,12.539902913765829,12.747174036307413,12.462176242812735,12.643538475036621,1011200,0.0,0.0
1996-01-24 00:00:00-05:00,12.591735847397606,13.084005355834961,12.5399180044042,13.084005355834961,822600,0.0,0.0
1996-01-25 00:00:00-05:00,13.08399852402434,13.213543063866165,12.902636168245785,12.980362892150879,419400,0.0,0.0
1996-01-26 00:00:00-05:00,13.032177493685769,13.10990419841948,12.954450788952055,13.058086395263672,452600,0.0,0.0
1996-01-29 00:00:00-05:00,13.083996425463459,13.213540944527454,13.032178617837861,13.161723136901855,463400,0.0,0.0
1996-01-30 00:00:00-05:00,13.161718671226138,13.887167731844901,12.980356406071447,13.550352096557617,1856200,0.0,0.0
1996-01-31 00:00:00-05:00,13.47262853034728,13.835353144625861,13.47262853034728,13.705808639526367,994400,0.0,0.0
1996-02-01 00:00:00-05:00,13.653991085882407,13.653991085882407,13.498537676934978,13.576264381408691,359600,0.0,0.0
1996-02-02 00:00:00-05:00,13.576261921932824,13.861259786706222,13.576261921932824,13.783533096313477,664400,0.0,0.0
1996-02-05 00:00:00-05:00,13.731718063354492,13.80944476937348,13.679900259341833,13.731718063354492,390600,0.0,0.0
1996-02-06 00:00:00-05:00,13.78353941017222,13.99081067949812,13.757630501506485,13.861266136169434,689800,0.0,0.0
1996-02-07 00:00:00-05:00,13.861260511799676,13.990805002564159,13.861260511799676,13.913078308105469,633600,0.0,0.0
1996-02-08 00:00:00-05:00,13.86126549863025,14.068536758422852,13.783538776208024,14.068536758422852,411400,0.0,0.0
1996-02-09 00:00:00-05:00,14.068540326898749,14.327629467357289,14.01672249880704,14.249902725219727,705600,0.0,0.0
1996-02-12 00:00:00-05:00,14.275810312405632,14.405354870594431,14.275810312405632,14.327628135681152,667600,0.0,0.0
1996-02-13 00:00:00-05:00,14.094443065872609,14.379440995513415,14.094443065872609,14.223987579345703,553000,0.0,0.0
1996-02-14 00:00:00-05:00,14.223990203267302,14.223990203267302,13.96490112852655,14.068536758422852,558600,0.0,0.0
1996-02-15 00:00:00-05:00,14.016719224284573,14.042628132277706,13.835356868332646,13.938992500305176,340000,0.0,0.0
1996-02-16 00:00:00-05:00,14.249902725219727,14.457174037586558,14.14626706903631,14.249902725219727,1295600,0.0,0.0
1996-02-20 00:00:00-05:00,13.887173382940661,14.120353533027352,13.887173382940661,14.016717910766602,543800,0.0,0.0
1996-02-21 00:00:00-05:00,14.016718428073334,14.120354054158904,13.96490061503055,14.042627334594727,746400,0.0,0.0
1996-02-22 00:00:00-05:00,14.068531235131745,14.249893516247624,14.042622337829478,14.17216682434082,836400,0.0,0.0
1996-02-23 00:00:00-05:00,14.30171770058559,14.638533515997931,14.30171770058559,14.586715698242188,746800,0.0,0.0
1996-02-26 00:00:00-05:00,14.923530578613281,15.104892929395039,14.716259320576984,14.923530578613281,1341200,0.0,0.0
1996-02-27 00:00:00-05:00,14.923532129713326,15.700799428135896,14.897623219765908,15.674890518188477,1513600,0.0,0.0
1996-02-28 00:00:00-05:00,15.778521508536917,15.804430410849784,15.078981146089466,15.208525657653809,1151800,0.0,0.0
1996-02-29 00:00:00-05:00,15.18261965115865,15.312164187431335,14.84580385684967,14.923530578613281,516000,0.0,0.0
1996-03-01 00:00:00-05:00,14.97534715162741,15.467616348653225,14.793984815881059,15.338071823120117,716600,0.0,0.0
1996-03-04 00:00:00-05:00,15.441707443546603,15.519434158866469,15.260345107800251,15.338071823120117,763200,0.0,0.0
1996-03-05 00:00:00-05:00,15.312165260314941,15.389891987524662,15.208529624035314,15.312165260314941,580000,0.0,0.0
1996-03-06 00:00:00-05:00,15.208521322319784,15.208521322319784,14.742161213628547,14.949432373046875,1037200,0.0,0.0
1996-03-07 00:00:00-05:00,14.923531455860735,15.02716709097088,14.664442368085375,14.871713638305664,1024200,0.0,0.0
1996-03-08 00:00:00-05:00,14.66443963859916,14.690348542554284,14.198079367406962,14.353532791137695,1538800,0.0,0.0
1996-03-11 00:00:00-05:00,14.301715404429334,14.664440070483701,14.249897594992996,14.612622261047363,1381600,0.0,0.0
1996-03-12 00:00:00-05:00,14.560803846879438,14.560803846879438,14.32762371410023,14.534894943237305,435200,0.0,0.0
1996-03-13 00:00:00-05:00,14.67460742624629,14.726737470389262,14.413957205531437,14.648542404174805,371600,0.21,0.0
1996-03-14 00:00:00-05:00,14.752801665861016,15.143776975026944,14.726736645249954,14.961321830749512,983000,0.0,0.0
1996-03-15 00:00:00-05:00,14.987385231298166,14.987385231298166,14.700670035568983,14.90919017791748,575600,0.0,0.0
1996-03-18 00:00:00-05:00,14.909191789527387,15.013451871971634,14.857061748305263,14.961321830749512,477200,0.0,0.0
1996-03-19 00:00:00-05:00,15.065586575952945,15.2741068053779,15.013456518596707,15.143781661987305,560000,0.0,0.0
1996-03-20 00:00:00-05:00,15.195902544005305,15.32622760870518,15.195902544005305,15.248032569885254,587200,0.0,0.0
1996-03-21 00:00:00-05:00,15.248034238815308,15.326229286193849,15.091644144058229,15.117709159851074,514400,0.0,0.0
1996-03-22 00:00:00-05:00,15.16983753106533,15.352292621645153,15.143772518125356,15.248032569885254,371800,0.0,0.0
1996-03-25 00:00:00-05:00,15.248035369692621,15.586880600130236,15.248035369692621,15.430490493774414,719800,0.0,0.0
1996-03-26 00:00:00-05:00,15.221967726894228,15.300162766587176,15.01344762104636,15.039512634277344,439200,0.0,0.0
1996-03-27 00:00:00-05:00,15.169846494574296,15.19591152291549,14.804936097797595,14.85706615447998,304000,0.0,0.0
1996-03-28 00:00:00-05:00,14.857063097496557,15.248038442167518,14.857063097496557,15.221973419189453,316000,0.0,0.0
1996-03-29 00:00:00-05:00,14.596405167510543,14.674600195193635,14.153300010639688,14.387885093688965,3172800,0.0,0.0
1996-04-01 00:00:00-05:00,14.387888382041389,14.440018412411105,14.179368260562528,14.309693336486816,1405600,0.0,0.0
1996-04-02 00:00:00-05:00,14.257566687348602,14.28363170871487,13.89265638822085,14.049046516418457,1267600,0.0,0.0
1996-04-03 00:00:00-05:00,14.022981792854862,14.075111836694472,13.89265668325584,13.996916770935059,970600,0.0,0.0
1996-04-04 00:00:00-05:00,14.049046665319281,14.049046665319281,13.918721557106672,14.022981643676758,901000,0.0,0.0
1996-04-08 00:00:00-04:00,13.866583824157715,13.892648831345982,13.762323795404651,13.866583824157715,610600,0.0,0.0
1996-04-09 00:00:00-04:00,13.918721909892515,14.23150217753055,13.892656887589345,14.127242088317871,529800,0.0,0.0
1996-04-10 00:00:00-04:00,14.075105972872436,14.10117098393331,13.527740740594062,13.658065795898438,871400,0.0,0.0
1996-04-11 00:00:00-04:00,13.762326260674708,13.762326260674708,13.475611130243985,13.57987117767334,823400,0.0,0.0
1996-04-12 00:00:00-04:00,13.55380913063332,14.335759657400626,13.527744113074409,14.075109481811523,496600,0.0,0.0
1996-04-15 00:00:00-04:00,14.075103745451564,14.075103745451564,13.762323662219307,13.892648696899414,311600,0.0,0.0
1996-04-16 00:00:00-04:00,13.918721409587118,14.075111537784725,13.89265638822085,14.049046516418457,375800,0.0,0.0
1996-04-17 00:00:00-04:00,14.022971500049938,14.127231511202726,13.736256469379772,13.762321472167969,774800,0.0,0.0
1996-04-18 00:00:00-04:00,13.736263228712904,13.918718338012695,13.68413319748439,13.918718338012695,629800,0.0,0.0
1996-04-19 00:00:00-04:00,13.918713703835435,13.9969087246435,13.866583689963393,13.892648696899414,538200,0.0,0.0
1996-04-22 00:00:00-04:00,13.944780349731445,14.075105399728937,13.918715339731948,13.944780349731445,351600,0.0,0.0
1996-04-23 00:00:00-04:00,13.76232527973496,14.049040389729438,13.76232527973496,13.944780349731445,938600,0.0,0.0
1996-04-24 00:00:00-04:00,13.970845359730944,14.127235419727931,13.944780349731445,13.944780349731445,509400,0.0,0.0
1996-04-25 00:00:00-04:00,13.944783353626951,14.127238462926742,13.89265332239844,13.918718338012695,748400,0.0,0.0
1996-04-26 00:00:00-04:00,13.970851600391715,14.101176708604324,13.970851600391715,14.022981643676758,266400,0.0,0.0
1996-04-29 00:00:00-04:00,13.996916622034236,14.075111686961803,13.970851600391715,14.022981643676758,546200,0.0,0.0
1996-04-30 00:00:00-04:00,14.022981643676758,14.101176708604324,13.996916622034236,14.022981643676758,803800,0.0,0.0
1996-05-01 00:00:00-04:00,14.02298149505219,14.075111537784725,13.970851452319653,14.049046516418457,519000,0.0,0.0
1996-05-02 00:00:00-04:00,13.970851749015253,14.022981792854862,13.94478672709545,13.996916770935059,543200,0.0,0.0
1996-05-03 00:00:00-04:00,13.996914429134794,14.257564604723896,13.996914429134794,14.075109481811523,541800,0.0,0.0
1996-05-06 00:00:00-04:00,14.127241880534081,14.211953201773445,13.866591661336034,13.996916770935059,865800,0.0,0.0
1996-05-07 00:00:00-04:00,13.944784076092148,13.970849093056806,13.710198923410225,13.7883939743042,1097600,0.0,0.0
1996-05-08 00:00:00-04:00,13.762329246332795,13.814459281356783,13.501679071212855,13.7362642288208,1153400,0.0,0.0
1996-05-09 00:00:00-04:00,13.684126853942871,13.84051687513079,13.501671829223634,13.684126853942871,702400,0.0,0.0
1996-05-10 00:00:00-04:00,13.684129988486179,13.762325016991813,13.579869950478665,13.631999969482422,348600,0.0,0.0
1996-05-13 00:00:00-04:00,13.684126463803379,13.84051648053256,13.553801449862394,13.762321472167969,423200,0.0,0.0
1996-05-14 00:00:00-04:00,13.814453809781183,14.049038874475581,13.762323795404651,13.866583824157715,489800,0.0,0.0
1996-05-15 00:00:00-04:00,13.892648831345982,13.97084385291078,13.814453809781183,13.866583824157715,517200,0.0,0.0
1996-05-16 00:00:00-04:00,13.814453809781183,13.892648831345982,13.710193781028117,13.866583824157715,571200,0.0,0.0
1996-05-17 00:00:00-04:00,13.918719728114242,13.944784746331683,13.658069545939817,13.840524673461914,1041400,0.0,0.0
1996-05-20 00:00:00-04:00,13.866583689963393,13.944778710771457,13.81445367609135,13.892648696899414,351000,0.0,0.0
1996-05-21 00:00:00-04:00,13.840518683027371,13.970843717707478,13.840518683027371,13.892648696899414,839600,0.0,0.0
1996-05-22 00:00:00-04:00,13.8926547098968,13.918719728114242,13.736264600592145,13.840524673461914,734000,0.0,0.0
1996-05-23 00:00:00-04:00,13.762329246332795,13.814459281356783,13.605939141260832,13.7362642288208,735000,0.0,0.0
1996-05-24 00:00:00-04:00,13.788394637027029,13.918719728114242,13.762329618809588,13.840524673461914,699200,0.0,0.0
1996-05-28 00:00:00-04:00,13.814459655244471,13.8926547098968,13.762329618809588,13.840524673461914,531400,0.0,0.0
1996-05-29 00:00:00-04:00,13.944786875995238,14.075111986985847,13.918721853797116,13.97085189819336,672000,0.0,0.0
1996-05-30 00:00:00-04:00,13.996916622034236,14.127241730246846,13.918721557106672,14.022981643676758,642600,0.0,0.0
1996-05-31 00:00:00-04:00,13.97085189819336,14.049046964787726,13.944786875995238,13.97085189819336,624600,0.0,0.0
1996-06-03 00:00:00-04:00,13.970844009819382,14.257559092110451,13.918713994857368,14.205429077148438,464400,0.0,0.0
1996-06-04 00:00:00-04:00,14.153303670359183,14.257563734229231,14.153303670359183,14.231498718261719,407600,0.0,0.0
1996-06-05 00:00:00-04:00,14.205441791049683,14.257571852668214,14.153311729431152,14.153311729431152,179600,0.0,0.0
1996-06-06 00:00:00-04:00,14.17937213292421,14.20543715522738,14.101177066014701,14.127242088317871,309600,0.0,0.0
1996-06-07 00:00:00-04:00,14.049042945399005,14.179368019104004,14.022977930658005,14.179368019104004,182800,0.0,0.0
1996-06-10 00:00:00-04:00,14.179368019104004,14.231498048586005,14.127237989622005,14.179368019104004,129000,0.0,0.0
1996-06-11 00:00:00-04:00,14.179364069667432,14.231494084629444,14.101169047224413,14.205429077148438,235600,0.0,0.0
1996-06-12 00:00:00-04:00,14.188646459133826,14.21487316238546,13.978832833120757,14.031286239624023,622600,0.21,0.0
1996-06-13 00:00:00-04:00,14.031286900409599,14.057513604896346,13.978833491436104,14.005060195922852,569800,0.0,0.0
1996-06-14 00:00:00-04:00,14.031286457192309,14.031286457192309,13.795246124267578,13.795246124267578,536200,0.0,0.0
1996-06-17 00:00:00-04:00,13.795252453866613,13.821479169558375,13.559212012640758,13.58543872833252,650800,0.0,0.0
1996-06-18 00:00:00-04:00,13.585433454309058,13.637886865329557,13.375619810227066,13.454299926757812,516400,0.0,0.0
1996-06-19 00:00:00-04:00,13.532978560980851,13.532978560980851,13.113351318779893,13.323164939880371,761600,0.0,0.0
1996-06-20 00:00:00-04:00,13.375617152168637,13.401843852467007,13.218256950378418,13.218256950378418,406400,0.0,0.0
1996-06-21 00:00:00-04:00,13.244488520060708,13.270715230001423,13.113354970357138,13.139581680297852,577400,0.0,0.0
1996-06-24 00:00:00-04:00,13.19203510017928,13.19203510017928,13.087128260416423,13.139581680297852,450600,0.0,0.0
1996-06-25 00:00:00-04:00,13.139582054746663,13.16580876543478,12.79863481580114,12.824861526489258,1258800,0.0,0.0
1996-06-26 00:00:00-04:00,12.903541658553609,12.903541658553609,12.79863481580114,12.824861526489258,1337600,0.0,0.0
1996-06-27 00:00:00-04:00,12.851087255617275,12.903540672987141,12.536366751398075,12.562593460083008,2075200,0.0,0.0
1996-06-28 00:00:00-04:00,12.641270208652504,12.772403717041016,12.5888168052971,12.772403717041016,930000,0.0,0.0
1996-07-01 00:00:00-04:00,12.824857573075729,13.087124599109996,12.798630870472302,12.982217788696289,691000,0.0,0.0
1996-07-02 00:00:00-04:00,13.034671931062842,13.034671931062842,12.824858298369678,12.877311706542969,758200,0.0,0.0
1996-07-03 00:00:00-04:00,12.90354061126709,12.929767319826576,12.77240706846966,12.90354061126709,574600,0.0,0.0
1996-07-05 00:00:00-04:00,12.851089864480691,12.903543292498979,12.772409722453258,12.798636436462402,327800,0.0,0.0
1996-07-08 00:00:00-04:00,12.746182827910117,12.772409541547791,12.641275973359416,12.693729400634766,582400,0.0,0.0
1996-07-09 00:00:00-04:00,12.641276076033309,12.693729503734692,12.588822648331925,12.615049362182617,341600,0.0,0.0
1996-07-10 00:00:00-04:00,12.615046877452874,12.641273586137808,12.536366751398075,12.562593460083008,412000,0.0,0.0
1996-07-11 00:00:00-04:00,12.53636646270752,12.562593170788498,12.431459630383607,12.53636646270752,562600,0.0,0.0
1996-07-12 00:00:00-04:00,12.536373686790467,12.615053856372834,12.536373686790467,12.588827133178711,490800,0.0,0.0
1996-07-15 00:00:00-04:00,12.536365015610405,12.58881842571756,12.038057619592418,12.064284324645996,571800,0.0,0.0
1996-07-16 00:00:00-04:00,12.064283811129057,12.064283811129057,11.670883252070501,11.933150291442871,1259200,0.0,0.0
1996-07-17 00:00:00-04:00,12.011831992381328,12.011831992381328,11.644658088684082,11.644658088684082,770600,0.0,0.0
1996-07-18 00:00:00-04:00,11.539753644894331,11.565980357723635,11.120126239625446,11.251259803771973,2289000,0.0,0.0
1996-07-19 00:00:00-04:00,11.303712942889918,11.303712942889918,11.14635266990305,11.225032806396484,784000,0.0,0.0
1996-07-22 00:00:00-04:00,11.329936549348652,11.329936549348652,11.120122909545898,11.120122909545898,931800,0.0,0.0
1996-07-23 00:00:00-04:00,11.120128705305753,11.172582142594932,10.831634800215275,10.857861518859863,991000,0.0,0.0
1996-07-24 00:00:00-04:00,10.700498865402706,10.884085855740498,10.64804543959191,10.726725578308105,1105800,0.0,0.0
1996-07-25 00:00:00-04:00,10.936533570574122,11.01521366820415,10.831626773734081,10.98898696899414,970400,0.0,0.0
1996-07-26 00:00:00-04:00,11.093893765834181,11.12012046504419,10.936533570574122,10.98898696899414,475400,0.0,0.0
1996-07-29 00:00:00-04:00,11.04143880254073,11.067665498033701,10.910305325075877,10.936532020568848,612200,0.0,0.0
1996-07-30 00:00:00-04:00,10.88408555710715,10.96276569366455,10.805405420549748,10.96276569366455,472000,0.0,0.0
1996-07-31 00:00:00-04:00,10.93653898147875,11.041445830221951,10.93653898147875,10.96276569366455,335200,0.0,0.0
1996-08-01 00:00:00-04:00,10.962762679693833,11.172576319496587,10.962762679693833,11.120122909545898,704200,0.0,0.0
1996-08-02 00:00:00-04:00,11.120126799475013,11.30371379852295,11.067673371175601,11.30371379852295,903400,0.0,0.0
1996-08-05 00:00:00-04:00,11.303707717472632,11.38238781759425,11.303707717472632,11.356161117553711,465600,0.0,0.0
1996-08-06 00:00:00-04:00,11.35616722682236,11.35616722682236,11.25126037022354,11.30371379852295,429200,0.0,0.0
1996-08-07 00:00:00-04:00,11.172575729153168,11.19880243274273,10.988988804026238,11.067668914794922,1051800,0.0,0.0
1996-08-08 00:00:00-04:00,11.067672542407752,11.093899254593552,10.93653898147875,10.96276569366455,616200,0.0,0.0
1996-08-09 00:00:00-04:00,10.962765596258386,11.067672444069471,10.962765596258386,11.0414457321167,659400,0.0,0.0
1996-08-12 00:00:00-04:00,11.015220533871481,11.146354111655667,11.015220533871481,11.093900680541992,561000,0.0,0.0
1996-08-13 00:00:00-04:00,11.093893765834181,11.22502726188423,10.962760269784132,10.98898696899414,717800,0.0,0.0
1996-08-14 00:00:00-04:00,10.98899057916848,11.015217286994657,10.831630332211413,10.88408374786377,454800,0.0,0.0
1996-08-15 00:00:00-04:00,10.831630332211413,10.936537163516125,10.805403624385235,10.88408374786377,581200,0.0,0.0
1996-08-16 00:00:00-04:00,10.831628210063108,10.910308318126521,10.752948101999696,10.7791748046875,589400,0.0,0.0
1996-08-19 00:00:00-04:00,10.857853472944091,11.01521366820415,10.831626773734081,10.98898696899414,510600,0.0,0.0
1996-08-20 00:00:00-04:00,11.015214138343687,11.251254441308195,11.015214138343687,11.198801040649414,608800,0.0,0.0
1996-08-21 00:00:00-04:00,11.277486516601277,11.3823933679185,11.172579665284056,11.251259803771973,338200,0.0,0.0
1996-08-22 00:00:00-04:00,11.251254969173008,11.356161775412383,11.19880156605332,11.329935073852539,298600,0.0,0.0
1996-08-23 00:00:00-04:00,11.30371379852295,11.35616722682236,11.25126037022354,11.30371379852295,166600,0.0,0.0
1996-08-26 00:00:00-04:00,11.251254969173008,11.356161775412383,11.225028267613164,11.329935073852539,583600,0.0,0.0
1996-08-27 00:00:00-04:00,11.329940206354316,11.539753913879395,11.30371349291368,11.539753913879395,462200,0.0,0.0
1996-08-28 00:00:00-04:00,11.670886895486285,11.775793743985039,11.592206759112221,11.749567031860352,545600,0.0,0.0
1996-08-29 00:00:00-04:00,11.775789555443659,12.038056583404542,11.775789555443659,11.802016258239746,879200,0.0,0.0
1996-08-30 00:00:00-04:00,11.775789625692687,11.854469734550323,11.697109516835052,11.723336219787598,457000,0.0,0.0
1996-09-03 00:00:00-04:00,11.539757601563602,11.749571376137485,11.43485071427666,11.618437767028809,1035200,0.0,0.0
1996-09-04 00:00:00-04:00,11.618433471236909,11.880700592483793,11.618433471236909,11.749567031860352,556000,0.0,0.0
1996-09-05 00:00:00-04:00,11.880698041978224,12.221645226405856,11.880698041978224,12.038058280944824,674000,0.0,0.0
1996-09-06 00:00:00-04:00,12.03805535799497,12.300322359258478,12.03805535799497,12.116735458374023,741000,0.0,0.0
1996-09-09 00:00:00-04:00,12.064284987439256,12.116738400428122,11.93315145496709,12.038058280944824,577800,0.0,0.0
1996-09-10 00:00:00-04:00,12.038055244800265,12.090508644559742,11.828241645762352,11.85446834564209,605200,0.0,0.0
1996-09-11 00:00:00-04:00,11.828242961035835,11.828242961035835,11.72333614985148,11.802016258239746,1956200,0.0,0.0
1996-09-12 00:00:00-04:00,11.86862947699729,11.86862947699729,11.736462110883734,11.762895584106445,423800,0.22,0.0
1996-09-13 00:00:00-04:00,11.736461630851164,11.92149593584206,11.736461630851164,11.789328575134277,527400,0.0,0.0
1996-09-16 00:00:00-04:00,11.842199403236354,11.86863288404715,11.683598518371582,11.683598518371582,871600,0.0,0.0
1996-09-17 00:00:00-04:00,11.762897936361178,11.868631850395884,11.762897936361178,11.842198371887207,495000,0.0,0.0
1996-09-18 00:00:00-04:00,11.842194077180919,12.02722835963687,11.78932713933636,11.921494483947754,500400,0.0,0.0
1996-09-19 00:00:00-04:00,11.842195030841104,12.000795857147013,11.736461146637167,11.86862850189209,1955800,0.0,0.0
1996-09-20 00:00:00-04:00,11.81576489337853,11.868631850395884,11.789331414869853,11.842198371887207,1834200,0.0,0.0
1996-09-23 00:00:00-04:00,11.815760608258639,11.947927952870034,11.78932713933636,11.921494483947754,857600,0.0,0.0
1996-09-24 00:00:00-04:00,11.868623282002137,12.00079057912911,11.868623282002137,11.94792366027832,618600,0.0,0.0
1996-09-25 00:00:00-04:00,11.974367971275479,12.265136288458768,11.94793448789518,12.185835838317871,622400,0.0,0.0
1996-09-26 00:00:00-04:00,12.265132904052734,12.317999856225375,12.185832475793774,12.265132904052734,437000,0.0,0.0
1996-09-27 00:00:00-04:00,12.238697516560043,12.370864876350108,12.21226404460203,12.317997932434082,393400,0.0,0.0
1996-09-30 00:00:00-04:00,12.291568729555836,12.370869172972325,12.265135248417007,12.344435691833496,359400,0.0,0.0
1996-10-01 00:00:00-04:00,12.291567917708512,12.344434876494356,12.000799644386376,12.027233123779297,574800,0.0,0.0
1996-10-02 00:00:00-04:00,11.868628489260642,12.027229315397756,11.84219501823779,11.97436237335205,473400,0.0,0.0
1996-10-03 00:00:00-04:00,11.947927952870034,11.974361421792311,11.842194077180919,11.921494483947754,254800,0.0,0.0
1996-10-04 00:00:00-04:00,11.842204694554177,11.97437215766304,11.710037231445312,11.710037231445312,427000,0.0,0.0
1996-10-07 00:00:00-04:00,11.710031999182377,11.789332441614762,11.630731556749991,11.683598518371582,396600,0.0,0.0
1996-10-08 00:00:00-04:00,11.630731688605415,11.68359865082635,11.392830358611214,11.41926383972168,502400,0.0,0.0
1996-10-09 00:00:00-04:00,11.392827972253531,11.498561874548226,11.392827972253531,11.445694923400879,599400,0.0,0.0
1996-10-10 00:00:00-04:00,11.392827972253531,11.445694923400879,11.366394496679856,11.445694923400879,496200,0.0,0.0
1996-10-11 00:00:00-04:00,11.41926383972168,11.445697320832148,11.392830358611214,11.41926383972168,370400,0.0,0.0
1996-10-14 00:00:00-04:00,11.419260033895803,11.445693506196488,11.366393089294434,11.366393089294434,360000,0.0,0.0
1996-10-15 00:00:00-04:00,11.366398846991709,11.392832332682387,11.313531875610352,11.313531875610352,490600,0.0,0.0
1996-10-16 00:00:00-04:00,11.313528507878775,11.419262419167362,11.313528507878775,11.392828941345215,334000,0.0,0.0
1996-10-17 00:00:00-04:00,11.392828438139182,11.524995821412258,11.366394961484566,11.472128868103027,446200,0.0,0.0
1996-10-18 00:00:00-04:00,11.498560894544937,11.60429478782811,11.41926047458256,11.551427841186523,546800,0.0,0.0
1996-10-21 00:00:00-04:00,11.525000114002447,11.551433600502452,11.472133141002436,11.498566627502441,452800,0.0,0.0
1996-10-22 00:00:00-04:00,11.419262479894302,11.44569595785702,11.049193788416245,11.234228134155273,744200,0.0,0.0
1996-10-23 00:00:00-04:00,11.181364059448242,11.207797544222352,11.075630120351805,11.181364059448242,543800,0.0,0.0
1996-10-24 00:00:00-04:00,11.181354985918318,11.234221912565685,10.99632074265253,11.102054595947266,463400,0.0,0.0
1996-10-25 00:00:00-04:00,11.102057937221481,11.102057937221481,10.996324052105086,11.075624465942383,421400,0.0,0.0
1996-10-28 00:00:00-05:00,11.207791822337876,11.207791822337876,11.049190994663284,11.075624465942383,286400,0.0,0.0
1996-10-29 00:00:00-05:00,11.075621132623581,11.12848805927095,11.049187669299897,11.102054595947266,576000,0.0,0.0
1996-10-30 00:00:00-05:00,11.102063605125913,11.23423102899646,11.102063605125913,11.181364059448242,663600,0.0,0.0
1996-10-31 00:00:00-05:00,11.181360730627702,11.20779420753226,11.128493776818587,11.154927253723145,1207000,0.0,0.0
1996-11-01 00:00:00-05:00,11.154926273184763,11.313527120670802,11.154926273184763,11.260660171508789,465400,0.0,0.0
1996-11-04 00:00:00-05:00,11.234226710391495,11.26066018500418,11.12849281194075,11.207793235778809,408800,0.0,0.0
1996-11-05 00:00:00-05:00,11.234222418809663,11.339956276869048,11.181355489779971,11.287089347839355,304600,0.0,0.0
1996-11-06 00:00:00-05:00,11.26065588332451,11.339956276869048,11.207788954294816,11.287089347839355,439200,0.0,0.0
1996-11-07 00:00:00-05:00,11.313531875610352,11.419265818373066,11.287098389919674,11.313531875610352,342200,0.0,0.0
1996-11-08 00:00:00-05:00,11.287098389919674,11.339965361301031,11.234231418538316,11.313531875610352,802800,0.0,0.0
1996-11-11 00:00:00-05:00,11.31352567339277,11.392826086991317,11.31352567339277,11.339959144592285,1219200,0.0,0.0
1996-11-12 00:00:00-05:00,11.339968334740496,11.762904216688858,11.339968334740496,11.710037231445312,615600,0.0,0.0
1996-11-13 00:00:00-05:00,12.053667093688697,12.185834496031774,11.895066210877003,12.000800132751465,700600,0.0,0.0
1996-11-14 00:00:00-05:00,12.000799644386376,12.185834000136825,11.974366164993453,12.027233123779297,440600,0.0,0.0
1996-11-15 00:00:00-05:00,12.132967041350984,12.291567917708512,11.947932685600533,12.027233123779297,428800,0.0,0.0
1996-11-18 00:00:00-05:00,11.895061972943074,11.92149544399406,11.81576155979012,11.86862850189209,230200,0.0,0.0
1996-11-19 00:00:00-05:00,11.921498807413238,11.921498807413238,11.683597500835146,11.842198371887207,128800,0.0,0.0
1996-11-20 00:00:00-05:00,11.789337709310631,11.842204694554177,11.551436275714677,11.710037231445312,367000,0.0,0.0
1996-11-21 00:00:00-05:00,11.683598518371582,11.736465479993173,11.5778645951284,11.683598518371582,429600,0.0,0.0
1996-11-22 00:00:00-05:00,11.657163117382977,11.76289702320958,11.657163117382977,11.73646354675293,224400,0.0,0.0
1996-11-25 00:00:00-05:00,11.736465328065309,12.02723361322008,11.736465328065309,12.000800132751465,384400,0.0,0.0
1996-11-26 00:00:00-05:00,12.000797726654119,12.238699003173695,11.789329925303385,12.080098152160645,617800,0.0,0.0
1996-11-27 00:00:00-05:00,12.027234938036077,12.370870221979965,12.000801454655779,12.185835838317871,649600,0.0,0.0
1996-11-29 00:00:00-05:00,12.080098152160645,12.159398577667169,12.053664676991803,12.080098152160645,155400,0.0,0.0
1996-12-02 00:00:00-05:00,11.974364251485277,12.132965102498327,11.86863035080991,12.080098152160645,625200,0.0,0.0
1996-12-03 00:00:00-05:00,12.053657497979898,12.080090957405293,11.921490200852926,11.94792366027832,587000,0.0,0.0
1996-12-04 00:00:00-05:00,11.92149920620761,12.053666603172218,11.92149920620761,12.027233123779297,579400,0.0,0.0
1996-12-05 00:00:00-05:00,11.974361877936822,12.291563517087466,11.974361877936822,12.212263107299805,1172600,0.0,0.0
1996-12-06 00:00:00-05:00,11.974360942840576,12.185828685760498,11.921494007110596,12.159395217895508,648200,0.0,0.0
1996-12-09 00:00:00-05:00,12.159395217895508,12.159395217895508,12.106528282165527,12.159395217895508,472800,0.0,0.0
1996-12-10 00:00:00-05:00,12.159395217895508,12.212262153625488,12.132961750030518,12.159395217895508,615400,0.0,0.0
1996-12-11 00:00:00-05:00,12.02723077138265,12.080097719828288,11.842196451822918,11.895063400268555,633200,0.0,0.0
1996-12-12 00:00:00-05:00,11.882276505165185,12.015485883025782,11.882276505165185,11.908918380737305,674800,0.22,0.0
1996-12-13 00:00:00-05:00,11.722424451042624,11.855633819804472,11.722424451042624,11.775708198547363,464600,0.0,0.0
1996-12-16 00:00:00-05:00,11.6957846014467,11.775710236536312,11.669142723083496,11.669142723083496,508400,0.0,0.0
1996-12-17 00:00:00-05:00,11.642502821913553,11.6957865876889,11.509293407475182,11.615860939025879,464400,0.0,0.0
1996-12-18 00:00:00-05:00,11.509293481501565,11.58921913067866,11.482651598442535,11.562577247619629,558800,0.0,0.0
1996-12-19 00:00:00-05:00,11.589216050647554,11.749067306518555,11.535932298690554,11.749067306518555,347200,0.0,0.0
1996-12-20 00:00:00-05:00,11.882273580763075,11.98884105682373,11.749064235687255,11.98884105682373,816200,0.0,0.0
1996-12-23 00:00:00-05:00,11.908921388148185,11.935563270448291,11.775711976647646,11.802353858947754,245400,0.0,0.0
1996-12-24 00:00:00-05:00,11.802350967853993,11.82899284362793,11.775709092080056,11.82899284362793,85600,0.0,0.0
1996-12-26 00:00:00-05:00,11.82899574124786,11.908921388148185,11.775711976647646,11.802353858947754,206200,0.0,0.0
1996-12-27 00:00:00-05:00,11.82899574124786,11.855637623547969,11.749070094347537,11.802353858947754,190200,0.0,0.0
1996-12-30 00:00:00-05:00,11.775709002876708,11.962202131881543,11.775709002876708,11.908918380737305,487000,0.0,0.0
1996-12-31 00:00:00-05:00,11.855633819804472,11.962201314813951,11.775708198547363,11.775708198547363,398800,0.0,0.0
1997-01-02 00:00:00-05:00,11.775707375812312,11.828991119594267,11.562572400684488,11.642498016357422,684400,0.0,0.0
1997-01-03 00:00:00-05:00,11.669140703537884,11.935559441061582,11.669140703537884,11.775708198547363,655800,0.0,0.0
1997-01-06 00:00:00-05:00,11.802350967853993,11.962202222497613,11.74906721630612,11.82899284362793,650800,0.0,0.0
1997-01-07 00:00:00-05:00,11.775708087356636,11.90891745486067,11.749066213855828,11.882275581359863,337200,0.0,0.0
1997-01-08 00:00:00-05:00,11.9622051527484,11.9622051527484,11.749070094347537,11.802353858947754,530000,0.0,0.0
1997-01-09 00:00:00-05:00,11.82899183435825,11.988843075363091,11.802349960857443,11.882275581359863,435200,0.0,0.0
1997-01-10 00:00:00-05:00,11.695782466854215,11.882275581359863,11.615856846351795,11.882275581359863,576400,0.0,0.0
1997-01-13 00:00:00-05:00,11.90891847094974,11.935560346723676,11.74906721630612,11.82899284362793,329200,0.0,0.0
1997-01-14 00:00:00-05:00,11.882275609220013,11.988843103473107,11.828991862093465,11.855633735656738,320400,0.0,0.0
1997-01-15 00:00:00-05:00,11.828993993262722,11.855635871625926,11.669142723083496,11.669142723083496,247200,0.0,0.0
1997-01-16 00:00:00-05:00,11.695783464758245,11.855634719401866,11.695783464758245,11.82899284362793,297400,0.0,0.0
1997-01-17 00:00:00-05:00,11.882271652728054,12.148690299650209,11.882271652728054,12.042122840881348,1242200,0.0,0.0
1997-01-20 00:00:00-05:00,12.015487570069435,12.122055087320605,12.015487570069435,12.095413208007812,794400,0.0,0.0
1997-01-21 00:00:00-05:00,11.935560346723676,11.962202222497613,11.802350967853993,11.82899284362793,1186600,0.0,0.0
1997-01-22 00:00:00-05:00,11.695786777062649,11.722428660381699,11.482651710510254,11.482651710510254,881000,0.0,0.0
1997-01-23 00:00:00-05:00,11.482651561430131,11.695786625215376,11.482651561430131,11.589219093322754,1126200,0.0,0.0
1997-01-24 00:00:00-05:00,11.642502859269065,11.642502859269065,11.482651561430131,11.589219093322754,473000,0.0,0.0
1997-01-27 00:00:00-05:00,11.562577210349598,11.66914474224222,11.509293444403287,11.589219093322754,516600,0.0,0.0
1997-01-28 00:00:00-05:00,11.642501761538563,11.802353044305683,11.642501761538563,11.695785522460938,655200,0.0,0.0
1997-01-29 00:00:00-05:00,11.722427402922124,11.775711163844496,11.642501761538563,11.695785522460938,478600,0.0,0.0
1997-01-30 00:00:00-05:00,11.695785522460938,11.722427402922124,11.66914364199975,11.695785522460938,275600,0.0,0.0
1997-01-31 00:00:00-05:00,11.695781760139377,11.722423632030356,11.615856144466443,11.642498016357422,405000,0.0,0.0
1997-02-03 00:00:00-05:00,11.615860939025879,11.669144704801226,11.562577173250531,11.615860939025879,246800,0.0,0.0
1997-02-04 00:00:00-05:00,11.589219056138205,11.642502821913553,11.562577173250531,11.615860939025879,235000,0.0,0.0
1997-02-05 00:00:00-05:00,11.642502859269065,11.695786625215376,11.535935327376443,11.589219093322754,262600,0.0,0.0
1997-02-06 00:00:00-05:00,11.562577173250531,11.615860939025879,11.509293407475182,11.615860939025879,259200,0.0,0.0
1997-02-07 00:00:00-05:00,11.642499802604554,11.802351058475555,11.615857926626054,11.749067306518555,321400,0.0,0.0
1997-02-10 00:00:00-05:00,11.749070094347537,11.82899574124786,11.749070094347537,11.802353858947754,232000,0.0,0.0
1997-02-11 00:00:00-05:00,11.722425430540055,11.749067306518555,11.669141678583054,11.749067306518555,228400,0.0,0.0
1997-02-12 00:00:00-05:00,11.775709002876708,11.908918380737305,11.775709002876708,11.908918380737305,236200,0.0,0.0
1997-02-13 00:00:00-05:00,11.935559190297603,12.015484809875488,11.908917317104974,12.015484809875488,262600,0.0,0.0
1997-02-14 00:00:00-05:00,12.042127758597902,12.042127758597902,11.908918380737305,11.908918380737305,183200,0.0,0.0
1997-02-18 00:00:00-05:00,11.882275581359863,11.90891745486067,11.749066213855828,11.882275581359863,230200,0.0,0.0
1997-02-19 00:00:00-05:00,11.775711976647646,11.855637623547969,11.749070094347537,11.802353858947754,415200,0.0,0.0
1997-02-20 00:00:00-05:00,11.749067306518555,11.802351058475555,11.722425430540055,11.749067306518555,305000,0.0,0.0
1997-02-21 00:00:00-05:00,11.74906721630612,11.82899284362793,11.722425340532183,11.82899284362793,270600,0.0,0.0
1997-02-24 00:00:00-05:00,11.775708087356636,11.90891745486067,11.749066213855828,11.882275581359863,413200,0.0,0.0
1997-02-25 00:00:00-05:00,11.855637623547969,11.882279505848077,11.775711976647646,11.802353858947754,318000,0.0,0.0
1997-02-26 00:00:00-05:00,11.749070094347537,11.802353858947754,11.695786329747323,11.802353858947754,313000,0.0,0.0
1997-02-27 00:00:00-05:00,11.802354119239597,11.802354119239597,11.615860939025879,11.615860939025879,207200,0.0,0.0
1997-02-28 00:00:00-05:00,11.615857926626054,11.828992934454055,11.589216050647554,11.749067306518555,577600,0.0,0.0
1997-03-03 00:00:00-05:00,11.642502565147106,11.802353858947754,11.615860682846998,11.802353858947754,331000,0.0,0.0
1997-03-04 00:00:00-05:00,11.74906638102098,11.828992002660577,11.695782633261247,11.722424507141113,225800,0.0,0.0
1997-03-05 00:00:00-05:00,11.802353858947754,11.82899574124786,11.775711976647646,11.802353858947754,274400,0.0,0.0
1997-03-06 00:00:00-05:00,11.828990834099907,12.015483932835716,11.802348962851934,11.935558319091797,1147400,0.0,0.0
1997-03-07 00:00:00-05:00,11.935555382112486,12.042122840881348,11.935555382112486,12.042122840881348,306000,0.0,0.0
1997-03-10 00:00:00-05:00,12.06877132869502,12.122055087320605,12.042129449382227,12.095413208007812,688000,0.0,0.0
1997-03-11 00:00:00-05:00,12.015480976189131,12.148690299650209,11.988839111496917,12.042122840881348,739200,0.0,0.0
1997-03-12 00:00:00-05:00,11.988842061587743,12.015483932835716,11.88227457659585,11.935558319091797,400000,0.0,0.0
1997-03-13 00:00:00-05:00,11.89582183458147,11.976380447456739,11.842116092664623,11.868968963623047,512000,0.22,0.0
1997-03-14 00:00:00-05:00,11.868964642017811,11.949523225560919,11.842111780836776,11.922670364379883,368000,0.0,0.0
1997-03-17 00:00:00-05:00,11.81526580190551,11.895824432373047,11.761560048260485,11.895824432373047,848400,0.0,0.0
1997-03-18 00:00:00-05:00,11.761555413178812,11.895819744379484,11.734702546938678,11.788408279418945,234000,0.0,0.0
1997-03-19 00:00:00-05:00,11.734696388244629,11.788402092538655,11.600432127509565,11.734696388244629,395600,0.0,0.0
1997-03-20 00:00:00-05:00,11.680996124058554,11.788407582670587,11.654143259405545,11.761554718017578,389000,0.0,0.0
1997-03-21 00:00:00-05:00,11.78840611847964,11.842111841115084,11.76155325716192,11.815258979797363,834800,0.0,0.0
1997-03-24 00:00:00-05:00,11.76155325716192,11.815258979797363,11.734700395844198,11.815258979797363,318800,0.0,0.0
1997-03-25 00:00:00-05:00,11.815254944685668,11.868960648979693,11.734696388244629,11.734696388244629,472000,0.0,0.0
1997-03-26 00:00:00-05:00,11.627294009855424,11.680999755859375,11.573588263851473,11.680999755859375,615600,0.0,0.0
1997-03-27 00:00:00-05:00,11.680999596913656,11.707852469550238,11.573588106367323,11.600440979003906,334600,0.0,0.0
1997-03-31 00:00:00-05:00,11.54672908782959,11.60043480451717,11.49302337114201,11.54672908782959,513600,0.0,0.0
1997-04-01 00:00:00-05:00,11.54673212945599,11.627290725708008,11.51987926403865,11.627290725708008,672800,0.0,0.0
1997-04-02 00:00:00-05:00,11.546728383133184,11.573581239838145,11.493022669723262,11.519875526428223,386600,0.0,0.0
1997-04-03 00:00:00-05:00,11.493021257029763,11.519874110434039,11.412462696816938,11.466168403625488,474600,0.0,0.0
1997-04-04 00:00:00-05:00,11.43931916524779,11.493024889028296,11.358760579577032,11.385613441467285,1076800,0.0,0.0
1997-04-07 00:00:00-04:00,11.358761345688917,11.38561420939031,11.251349890883349,11.305055618286133,568000,0.0,0.0
1997-04-08 00:00:00-04:00,11.278202754584742,11.439319936793094,11.251349890883349,11.305055618286133,565200,0.0,0.0
1997-04-09 00:00:00-04:00,11.305056132678486,11.305056132678486,11.197644672985577,11.251350402832031,361600,0.0,0.0
1997-04-10 00:00:00-04:00,11.224497537908805,11.412467592371392,11.143938943139124,11.251350402832031,402000,0.0,0.0
1997-04-11 00:00:00-04:00,11.11708884563261,11.170794588848226,11.063383102416992,11.063383102416992,323800,0.0,0.0
1997-04-14 00:00:00-04:00,11.06337571898226,11.09022857266911,11.00967001160856,11.03652286529541,505600,0.0,0.0
1997-04-15 00:00:00-04:00,11.036525419125189,11.197642578528477,11.009672559224642,11.17078971862793,391600,0.0,0.0
1997-04-16 00:00:00-04:00,11.143937304829866,11.224495887756348,11.143937304829866,11.224495887756348,322200,0.0,0.0
1997-04-17 00:00:00-04:00,11.170792839326054,11.251351441532732,11.143939971923828,11.143939971923828,214000,0.0,0.0
1997-04-18 00:00:00-04:00,11.170793100255699,11.170793100255699,11.090234496167316,11.117087364196777,385800,0.0,0.0
1997-04-21 00:00:00-04:00,11.143939971923828,11.278204308934958,11.117087104521602,11.143939971923828,1010600,0.0,0.0
1997-04-22 00:00:00-04:00,11.090232960383098,11.331908739180792,11.090232960383098,11.278203010559082,588600,0.0,0.0
1997-04-23 00:00:00-04:00,11.224495887756348,11.331907331658321,11.17079016580536,11.224495887756348,400600,0.0,0.0
1997-04-24 00:00:00-04:00,11.17078971862793,11.278201158230122,11.14393685872738,11.17078971862793,470800,0.0,0.0
1997-04-25 00:00:00-04:00,11.117083801195639,11.170789520041994,11.090230941772461,11.090230941772461,492800,0.0,0.0
1997-04-28 00:00:00-04:00,11.09022857266911,11.14393428004281,11.03652286529541,11.03652286529541,283200,0.0,0.0
1997-04-29 00:00:00-04:00,11.036530230809184,11.11708884563261,10.982824487593568,11.063383102416992,700000,0.0,0.0
1997-04-30 00:00:00-04:00,10.955965042114258,11.19764074157266,10.955965042114258,10.955965042114258,585800,0.0,0.0
1997-05-01 00:00:00-04:00,10.955968600322098,11.090232921404477,10.902262871889146,10.982821464538574,712200,0.0,0.0
1997-05-02 00:00:00-04:00,10.929111450548008,11.06337571898226,10.929111450548008,11.03652286529541,475400,0.0,0.0
1997-05-05 00:00:00-04:00,11.143936212672743,11.60043480451717,11.090230495985164,11.54672908782959,637800,0.0,0.0
1997-05-06 00:00:00-04:00,11.493023672664867,11.519876531713148,11.385612236471736,11.41246509552002,643200,0.0,0.0
1997-05-07 00:00:00-04:00,11.358761862524938,11.466173322217845,11.251350402832031,11.251350402832031,476400,0.0,0.0
1997-05-08 00:00:00-04:00,11.197643026780854,11.305054470682828,11.197643026780854,11.224495887756348,478200,0.0,0.0
1997-05-09 00:00:00-04:00,11.224497027181956,11.38561420939031,11.224497027181956,11.305055618286133,376600,0.0,0.0
1997-05-12 00:00:00-04:00,11.305058546155413,11.49302864074707,11.305058546155413,11.49302864074707,513800,0.0,0.0
1997-05-13 00:00:00-04:00,11.43931916524779,11.493024889028296,11.358760579577032,11.385613441467285,415800,0.0,0.0
1997-05-14 00:00:00-04:00,11.41246509552002,11.439317954568303,11.385612236471736,11.41246509552002,311600,0.0,0.0
1997-05-15 00:00:00-04:00,11.412462696816938,11.466168403625488,11.385609843412663,11.466168403625488,634800,0.0,0.0
1997-05-16 00:00:00-04:00,11.439317954568303,11.466170813616584,11.331906518375172,11.41246509552002,836800,0.0,0.0
1997-05-19 00:00:00-04:00,11.439321177188315,11.627291243480142,11.38561544396208,11.573585510253906,1976600,0.0,0.0
1997-05-20 00:00:00-04:00,11.546728383133184,11.573581239838145,11.41246409960838,11.519875526428223,343200,0.0,0.0
1997-05-21 00:00:00-04:00,11.493029644845546,11.680999755859375,11.493029644845546,11.680999755859375,595600,0.0,0.0
1997-05-22 00:00:00-04:00,12.003233645643506,12.244909490857806,11.815263543810163,12.030086517333984,1905800,0.0,0.0
1997-05-23 00:00:00-04:00,12.003227145855243,12.29860857450045,12.003227145855243,12.218050003051758,1078400,0.0,0.0
1997-05-27 00:00:00-04:00,12.218049916541345,12.48657848613566,12.191197059581912,12.432872772216797,851600,0.0,0.0
1997-05-28 00:00:00-04:00,12.4865784430657,12.593989870532932,12.35231415873166,12.540284156799316,698400,0.0,0.0
1997-05-29 00:00:00-04:00,12.593992610730623,12.781962649696752,12.432875434473942,12.755109786987305,663800,0.0,0.0
1997-05-30 00:00:00-04:00,12.647700914815696,12.83567099210595,12.647700914815696,12.781965255737305,566600,0.0,0.0
1997-06-02 00:00:00-04:00,12.781963162895993,12.781963162895993,12.593993116382817,12.701404571533203,871000,0.0,0.0
1997-06-03 00:00:00-04:00,12.674553783000016,12.808818123921627,12.647700914815696,12.781965255737305,564800,0.0,0.0
1997-06-04 00:00:00-04:00,12.781962649696752,12.808815512406198,12.674551198858964,12.755109786987305,309800,0.0,0.0
1997-06-05 00:00:00-04:00,12.7551129095665,12.7551129095665,12.674554301716608,12.728260040283203,792600,0.0,0.0
1997-06-06 00:00:00-04:00,12.728254476852575,13.023635909859703,12.728254476852575,12.916224479675293,768600,0.0,0.0
1997-06-09 00:00:00-04:00,12.943083597872103,12.943083597872103,12.835672115732086,12.86252498626709,346000,0.0,0.0
1997-06-10 00:00:00-04:00,12.80882087945938,12.996790997187297,12.78196800549825,12.889379501342773,275400,0.0,0.0
1997-06-11 00:00:00-04:00,12.88937162212919,13.050488767405806,12.862518764583088,12.916224479675293,279000,0.0,0.0
1997-06-12 00:00:00-04:00,12.903242057895069,13.065546989440918,12.87619123597076,13.065546989440918,767800,0.22,0.0
1997-06-13 00:00:00-04:00,13.038498588403066,13.200803550084432,12.984396934509277,12.984396934509277,415000,0.0,0.0
1997-06-16 00:00:00-04:00,12.98439517586246,13.119649292277694,12.98439517586246,13.011445999145508,414200,0.0,0.0
1997-06-17 00:00:00-04:00,13.038497200790717,13.281954617402992,12.930293904518596,13.254903793334961,452600,0.0,0.0
1997-06-18 00:00:00-04:00,13.200802145198901,13.254903793334961,13.119649672994809,13.254903793334961,341400,0.0,0.0
1997-06-19 00:00:00-04:00,13.254906511989352,13.281957341605658,13.119652363907829,13.227855682373047,299800,0.0,0.0
1997-06-20 00:00:00-04:00,13.227855682373047,13.254906511989352,13.200804852756743,13.227855682373047,368000,0.0,0.0
1997-06-23 00:00:00-04:00,13.20080317347503,13.254904825825337,13.092599868774414,13.092599868774414,579200,0.0,0.0
1997-06-24 00:00:00-04:00,13.146699644430303,13.498360334507655,13.146699644430303,13.444258689880371,1754800,0.0,0.0
1997-06-25 00:00:00-04:00,13.390155450136723,13.68771446013976,13.309002992863167,13.498358726501465,766800,0.0,0.0
1997-06-26 00:00:00-04:00,13.47131105341336,13.958225910765652,13.47131105341336,13.90412425994873,677600,0.0,0.0
1997-06-27 00:00:00-04:00,13.904123157553272,13.944699392448856,13.76886904123466,13.87707233428955,647200,0.0,0.0
1997-06-30 00:00:00-04:00,13.850018839197835,13.863544248220489,13.498358204608827,13.741815567016602,520400,0.0,0.0
1997-07-01 00:00:00-04:00,13.687713623046875,13.741815257920578,13.620086579454746,13.687713623046875,435600,0.0,0.0
1997-07-02 00:00:00-04:00,13.714769795361686,13.850023935355392,13.687718967362946,13.79592227935791,501800,0.0,0.0
1997-07-03 00:00:00-04:00,13.822972117854247,13.850022943916585,13.660667161480225,13.70124340057373,260400,0.0,0.0
1997-07-07 00:00:00-04:00,13.70123776273122,13.822966429922316,13.620085317937155,13.633610725402832,429800,0.0,0.0
1997-07-08 00:00:00-04:00,13.633616154887287,13.633616154887287,13.552463677774863,13.579514503479004,498400,0.0,0.0
1997-07-09 00:00:00-04:00,13.606563623762225,13.63361444607587,13.43073327872355,13.444258689880371,552000,0.0,0.0
1997-07-10 00:00:00-04:00,13.417204856872559,13.471306489359948,13.390154040628863,13.417204856872559,459600,0.0,0.0
1997-07-11 00:00:00-04:00,13.444257124925967,13.57951122075017,13.214325162024817,13.336053848266602,1308200,0.0,0.0
1997-07-14 00:00:00-04:00,13.200802399899844,13.241378636784782,13.09259910154001,13.214327812194824,1343000,0.0,0.0
1997-07-15 00:00:00-04:00,13.227853443654642,13.227853443654642,12.99792143083038,13.079073905944824,1578400,0.0,0.0
1997-07-16 00:00:00-04:00,13.038498588403066,13.06554941534996,12.862668213248252,12.984396934509277,1447000,0.0,0.0
1997-07-17 00:00:00-04:00,12.970871128755457,12.984396541819853,12.470430845372817,12.646261215209961,805400,0.0,0.0
1997-07-18 00:00:00-04:00,12.64625799088251,12.686834219730262,12.470427665875588,12.497478485107422,588400,0.0,0.0
1997-07-21 00:00:00-04:00,12.45690065038965,12.754459623580283,12.416324426772746,12.713883399963379,451800,0.0,0.0
1997-07-22 00:00:00-04:00,12.659790047153056,12.876196714625758,12.49748504654853,12.754467964172363,477800,0.0,0.0
1997-07-23 00:00:00-04:00,12.713883399963379,12.767985031452584,12.524527689751158,12.713883399963379,382000,0.0,0.0
1997-07-24 00:00:00-04:00,12.713883399963379,12.795035847197187,12.605680136984967,12.713883399963379,552400,0.0,0.0
1997-07-25 00:00:00-04:00,12.605679825839832,12.71388308614747,12.551578195686014,12.659781455993652,461800,0.0,0.0
1997-07-28 00:00:00-04:00,12.632738832143255,13.092602986632409,12.578637166909237,12.957348823547363,731000,0.0,0.0
1997-07-29 00:00:00-04:00,12.930294145168942,13.052022855740617,12.767989197740043,12.862667083740234,411000,0.0,0.0
1997-07-30 00:00:00-04:00,12.808559659135891,12.957339127193436,12.754458034387692,12.930288314819336,233200,0.0,0.0
1997-07-31 00:00:00-04:00,12.930294911723491,13.092599868774414,12.754464541584992,13.092599868774414,727200,0.0,0.0
1997-08-01 00:00:00-04:00,12.957339127193436,13.011440751941633,12.767983440574742,12.930288314819336,265600,0.0,0.0
1997-08-04 00:00:00-04:00,12.95734300346018,13.038495464859722,12.876190542060638,13.024970054626465,222200,0.0,0.0
1997-08-05 00:00:00-04:00,13.024972692177942,13.254904712704446,12.93029480137291,13.160226821899414,337200,0.0,0.0
1997-08-06 00:00:00-04:00,13.160226821899414,13.227853886760151,13.065548931094384,13.160226821899414,196000,0.0,0.0
1997-08-07 00:00:00-04:00,13.052022234070078,13.200801762126835,12.98439517586246,13.011445999145508,211000,0.0,0.0
1997-08-08 00:00:00-04:00,12.930297990930354,12.970874239855869,12.79504382784531,12.957348823547363,236400,0.0,0.0
1997-08-11 00:00:00-04:00,12.903237502445238,12.970864533380485,12.781508846761792,12.930288314819336,183600,0.0,0.0
1997-08-12 00:00:00-04:00,12.930296326488381,12.970872570190751,12.808567595381273,12.82209300994873,237600,0.0,0.0
1997-08-13 00:00:00-04:00,12.822086662941791,12.822086662941791,12.713883399963379,12.713883399963379,463600,0.0,0.0
1997-08-14 00:00:00-04:00,12.72740929642377,12.76798552159834,12.565104395725486,12.632731437683105,319600,0.0,0.0
1997-08-15 00:00:00-04:00,12.551578195686014,12.673306863532106,12.551578195686014,12.659781455993652,414200,0.0,0.0
1997-08-18 00:00:00-04:00,12.659790047153056,12.754467964172363,12.524535879982619,12.754467964172363,528200,0.0,0.0
1997-08-19 00:00:00-04:00,12.754465418041876,12.930295800263027,12.740940004024866,12.903244972229004,334600,0.0,0.0
1997-08-20 00:00:00-04:00,12.903247158313345,12.957348823547363,12.808569244153814,12.957348823547363,206200,0.0,0.0
1997-08-21 00:00:00-04:00,12.930296326488381,12.970872570190751,12.82209300994873,12.82209300994873,176400,0.0,0.0
1997-08-22 00:00:00-04:00,12.80856288989801,12.916766166687012,12.767986661102135,12.916766166687012,287000,0.0,0.0
1997-08-25 00:00:00-04:00,12.86266452829251,12.957342395482886,12.849139118693886,12.916766166687012,133200,0.0,0.0
1997-08-26 00:00:00-04:00,12.862668730177969,13.011448284365096,12.862668730177969,12.903244972229004,490200,0.0,0.0
1997-08-27 00:00:00-04:00,12.889717294371797,13.092598468994648,12.876191882730273,13.011445999145508,241200,0.0,0.0
1997-08-28 00:00:00-04:00,12.957345193273156,13.173751793578344,12.835616480601487,13.079073905944824,242400,0.0,0.0
1997-08-29 00:00:00-04:00,13.038496928279802,13.065547751782457,12.916768222517852,12.943819046020508,229400,0.0,0.0
1997-09-02 00:00:00-04:00,13.038499875058914,13.29548275641381,13.011449045442609,13.227855682373047,260600,0.0,0.0
1997-09-03 00:00:00-04:00,13.227851414386137,13.390156339716029,13.133173541277035,13.146698951721191,276400,0.0,0.0
1997-09-04 00:00:00-04:00,13.146703877580274,13.390161356794724,13.146703877580274,13.2684326171875,322000,0.0,0.0
1997-09-05 00:00:00-04:00,13.281954231975975,13.281954231975975,12.930293529296367,13.011445999145508,1514600,0.0,0.0
1997-09-08 00:00:00-04:00,12.98439387685245,13.133173390024718,12.98439387685245,13.119647979736328,380200,0.0,0.0
1997-09-09 00:00:00-04:00,13.119643457819906,13.336049947845803,13.079067240940052,13.241372108459473,208400,0.0,0.0
1997-09-10 00:00:00-04:00,13.146698593473086,13.200800233775444,12.997919082641602,12.997919082641602,589400,0.0,0.0
1997-09-11 00:00:00-04:00,12.930297990930354,12.997925072472878,12.903247158313345,12.957348823547363,475800,0.0,0.0
1997-09-12 00:00:00-04:00,12.944260765524472,13.203145980834961,12.917009690228632,13.203145980834961,269000,0.22,0.0
1997-09-15 00:00:00-04:00,13.175896710021084,13.21677332856303,13.094143472937189,13.107769012451172,175400,0.0,0.0
1997-09-16 00:00:00-04:00,13.162275779394456,13.29853122224533,13.135024690824281,13.24402904510498,274000,0.0,0.0
1997-09-17 00:00:00-04:00,13.216782055917333,13.325786444007372,13.189530958894823,13.298535346984863,266600,0.0,0.0
1997-09-18 00:00:00-04:00,13.271272389320638,13.47565543433071,13.257646852986634,13.380276679992676,579200,0.0,0.0
1997-09-19 00:00:00-04:00,13.353026894962087,13.353026894962087,13.203145980834961,13.203145980834961,835000,0.0,0.0
1997-09-22 00:00:00-04:00,13.20314759436991,13.353028526813738,13.162270976430683,13.312151908874512,545200,0.0,0.0
1997-09-23 00:00:00-04:00,13.298526268398637,13.325777346817487,13.080517641047841,13.21677303314209,441800,0.0,0.0
1997-09-24 00:00:00-04:00,13.298524854646589,13.666414374191115,13.298524854646589,13.530158996582031,1087600,0.0,0.0
1997-09-25 00:00:00-04:00,13.448409477063656,13.489286101614002,13.298528520379056,13.434783935546875,649200,0.0,0.0
1997-09-26 00:00:00-04:00,13.353030761812075,13.489286177748934,13.24402642906259,13.366656303405762,656000,0.0,0.0
1997-09-29 00:00:00-04:00,13.380274520257508,13.571031998143052,13.353023451988143,13.489278793334961,206800,0.0,0.0
1997-09-30 00:00:00-04:00,13.502907360753706,13.543783972340247,13.380277525994087,13.516532897949219,341800,0.0,0.0
1997-10-01 00:00:00-04:00,13.530161163764085,13.68004210314113,13.50291008387735,13.652791023254395,319800,0.0,0.0
1997-10-02 00:00:00-04:00,13.625541852540989,13.816299438476562,13.530163059573201,13.816299438476562,236600,0.0,0.0
1997-10-03 00:00:00-04:00,13.84355769505153,13.89805989070134,13.557421167890032,13.639174461364746,413000,0.0,0.0
1997-10-06 00:00:00-04:00,13.584665380151149,13.789048510243694,13.54378875413264,13.680044174194336,277200,0.0,0.0
1997-10-07 00:00:00-04:00,13.65278900093712,13.789044380187988,13.611912387161858,13.789044380187988,393400,0.0,0.0
1997-10-08 00:00:00-04:00,13.734542286029047,13.748167824011219,13.625537982171673,13.720916748046875,367200,0.0,0.0
1997-10-09 00:00:00-04:00,13.734543507493388,13.843547821044922,13.584662576360028,13.843547821044922,492000,0.0,0.0
1997-10-10 00:00:00-04:00,13.789043823568738,14.007052421569824,13.734541674068467,14.007052421569824,369000,0.0,0.0
1997-10-13 00:00:00-04:00,14.007058640281754,14.007058640281754,13.720922228369384,13.761798858642578,243000,0.0,0.0
1997-10-14 00:00:00-04:00,13.748170155673224,13.938927719775727,13.748170155673224,13.870800018310547,401200,0.0,0.0
1997-10-15 00:00:00-04:00,13.8435453666273,14.061553955078125,13.816294293070948,14.061553955078125,317200,0.0,0.0
1997-10-16 00:00:00-04:00,13.979807697236538,13.993433240801096,13.911679979413748,13.952556610107422,415400,0.0,0.0
1997-10-17 00:00:00-04:00,13.952553260068763,14.007055421240906,13.843548937724476,13.870800018310547,394600,0.0,0.0
1997-10-20 00:00:00-04:00,13.870803348720074,14.088812045753002,13.789050087332726,13.952556610107422,279400,0.0,0.0
1997-10-21 00:00:00-04:00,13.952553260068763,14.252315146515553,13.775421236259296,13.870800018310547,505600,0.0,0.0
1997-10-22 00:00:00-04:00,13.898045582137085,13.898045582137085,13.734539163523706,13.829917907714844,351400,0.0,0.0
1997-10-23 00:00:00-04:00,13.62553776090839,13.680039911952024,13.407529156733856,13.530158996582031,204400,0.0,0.0
1997-10-24 00:00:00-04:00,13.584665226983367,13.843550522181644,13.543788601425742,13.816299438476562,366000,0.0,0.0
1997-10-27 00:00:00-05:00,13.789055093390042,13.843557287435061,13.244033152939842,13.298535346984863,351400,0.0,0.0
1997-10-28 00:00:00-05:00,12.971515989873515,13.680044174194336,12.644502981725442,13.680044174194336,526800,0.0,0.0
1997-10-29 00:00:00-05:00,13.625537195513326,13.680039344295379,13.502907360753706,13.516532897949219,351400,0.0,0.0
1997-10-30 00:00:00-05:00,13.47565884791491,13.516535467271579,13.230399131774902,13.230399131774902,843200,0.0,0.0
1997-10-31 00:00:00-05:00,13.284904252058304,13.353031966171423,12.998767852783203,12.998767852783203,302000,0.0,0.0
1997-11-03 00:00:00-05:00,13.05326819841621,13.24402577125319,13.05326819841621,13.094144821166992,612600,0.0,0.0
1997-11-04 00:00:00-05:00,13.148641546064288,13.148641546064288,12.917007446289062,12.917007446289062,362400,0.0,0.0
1997-11-05 00:00:00-05:00,12.917009299599487,13.107766820901588,12.8352560761843,12.985136985778809,940000,0.0,0.0
1997-11-06 00:00:00-05:00,13.026019410292307,13.107772670189538,12.835261803865432,13.080521583557129,469400,0.0,0.0
1997-11-07 00:00:00-05:00,13.053263288679092,13.053263288679092,12.644497214920875,12.76712703704834,325000,0.0,0.0
1997-11-10 00:00:00-05:00,12.767130356982237,12.86250913232789,12.658126042301493,12.68537712097168,491200,0.0,0.0
1997-11-11 00:00:00-05:00,12.739879867788089,12.889760807409125,12.739879867788089,12.862509727478027,330800,0.0,0.0
1997-11-12 00:00:00-05:00,12.753507134222215,12.917013635943013,12.603626174311483,12.671753883361816,418000,0.0,0.0
1997-11-13 00:00:00-05:00,12.685379822877817,12.780758618538552,12.508247773793594,12.65812873840332,329800,0.0,0.0
1997-11-14 00:00:00-05:00,12.658126856391412,12.821633338928223,12.535496994488804,12.821633338928223,381600,0.0,0.0
1997-11-17 00:00:00-05:00,13.026019737500102,13.06689636847552,12.889764300915374,12.971517562866211,287600,0.0,0.0
1997-11-18 00:00:00-05:00,13.107765369890142,13.298522870075654,13.08051429843507,13.135016441345215,522600,0.0,0.0
1997-11-19 00:00:00-05:00,13.135021443917774,13.175898066668555,13.066893739333137,13.094144821166992,184000,0.0,0.0
1997-11-20 00:00:00-05:00,13.080519280250066,13.175898066668555,13.080519280250066,13.094144821166992,222400,0.0,0.0
1997-11-21 00:00:00-05:00,13.148649058237996,13.17590014436906,13.107772429041402,13.121397972106934,370000,0.0,0.0
1997-11-24 00:00:00-05:00,13.107772522698497,13.107772522698497,12.78075948678918,12.889763832092285,188800,0.0,0.0
1997-11-25 00:00:00-05:00,12.944263871080793,13.135021443917774,12.91701278924694,13.094144821166992,183800,0.0,0.0
1997-11-26 00:00:00-05:00,13.135020091479136,13.162271170507102,13.080517933423206,13.107769012451172,171000,0.0,0.0
1997-11-28 00:00:00-05:00,13.162272453308105,13.17589799415004,13.148646912466171,13.162272453308105,127600,0.0,0.0
1997-12-01 00:00:00-05:00,13.189518880501067,13.380276384971124,13.175893344467493,13.257646560668945,172600,0.0,0.0
1997-12-02 00:00:00-05:00,13.257651886166489,13.380281759728152,13.230400803152786,13.27127742767334,148600,0.0,0.0
1997-12-03 00:00:00-05:00,13.325779344627895,13.33940488588007,13.107770684593081,13.14864730834961,196800,0.0,0.0
1997-12-04 00:00:00-05:00,13.148643603499647,13.148643603499647,12.957886079718305,13.012388229370117,572200,0.0,0.0
1997-12-05 00:00:00-05:00,13.012392600709923,13.026018142700195,12.971515974739107,13.026018142700195,771400,0.0,0.0
1997-12-08 00:00:00-05:00,13.012393395605827,13.080521109718946,12.998767852783203,12.998767852783203,526000,0.0,0.0
1997-12-09 00:00:00-05:00,12.944262967271321,13.026016207064613,12.862509727478027,12.862509727478027,833400,0.0,0.0
1997-12-10 00:00:00-05:00,12.862514953613282,13.026021499633789,12.835263862609864,12.944268226623535,323400,0.0,0.0
1997-12-11 00:00:00-05:00,12.876173197125304,12.903627724198065,12.629082453470447,12.67026424407959,185400,0.22,0.0
1997-12-12 00:00:00-05:00,12.793812076602363,12.793812076602363,12.35453955895078,12.409448623657227,419000,0.0,0.0
1997-12-15 00:00:00-05:00,12.51926756828062,12.766358375549316,12.478085767069171,12.766358375549316,305600,0.0,0.0
1997-12-16 00:00:00-05:00,12.876178579127536,12.903633117675781,12.68399680928981,12.903633117675781,273400,0.0,0.0
1997-12-17 00:00:00-05:00,12.917360386949905,13.150723964609998,12.84872404057929,12.903633117675781,400200,0.0,0.0
1997-12-18 00:00:00-05:00,12.903629612718893,12.931084143809784,12.738902426173546,12.84872055053711,382600,0.0,0.0
1997-12-19 00:00:00-05:00,12.848717627587257,12.917353939700437,12.574172379134538,12.683990478515625,469600,0.0,0.0
1997-12-22 00:00:00-05:00,12.738903762702655,12.82126736461668,12.683994694759972,12.780085563659668,211200,0.0,0.0
1997-12-23 00:00:00-05:00,12.780085396947872,12.821267197367682,12.532994594429008,12.642812728881836,422000,0.0,0.0
1997-12-24 00:00:00-05:00,12.601628303527832,12.68399188721102,12.601628303527832,12.601628303527832,122600,0.0,0.0
1997-12-26 00:00:00-05:00,12.601628303527832,12.68399188721102,12.519264719844642,12.601628303527832,38000,0.0,0.0
1997-12-29 00:00:00-05:00,12.656539370862223,12.780084766022483,12.61535757247547,12.752630233764648,416000,0.0,0.0
1997-12-30 00:00:00-05:00,12.834995972482782,13.040904998779297,12.752632361964176,13.040904998779297,371600,0.0,0.0
1997-12-31 00:00:00-05:00,13.04090000524851,13.109536321065608,13.04090000524851,13.08208179473877,337600,0.0,0.0
1998-01-02 00:00:00-05:00,13.082088683598256,13.233088657910512,13.082088683598256,13.205634117126465,292600,0.0,0.0
1998-01-05 00:00:00-05:00,13.260532521607963,13.301714299625381,13.20562348425141,13.233078002929688,267200,0.0,0.0
1998-01-06 00:00:00-05:00,13.233088657910512,13.274270469086582,13.150725035558372,13.205634117126465,339200,0.0,0.0
1998-01-07 00:00:00-05:00,13.178177682976974,13.233086756656045,12.999723193519994,13.040904998779297,440000,0.0,0.0
1998-01-08 00:00:00-05:00,13.040905321375261,13.109541665171973,12.958541708819206,12.98599624633789,168000,0.0,0.0
1998-01-09 00:00:00-05:00,13.095813518168457,13.095813518168457,12.752631822199683,12.807540893554688,480600,0.0,0.0
1998-01-12 00:00:00-05:00,12.670261253934424,12.87617015838623,12.60162495245049,12.87617015838623,404800,0.0,0.0
1998-01-13 00:00:00-05:00,12.862446515724576,12.876173779882233,12.560446704256123,12.738901138305664,640800,0.0,0.0
1998-01-14 00:00:00-05:00,12.738900311584798,12.889900207519531,12.670263995250828,12.889900207519531,254400,0.0,0.0
1998-01-15 00:00:00-05:00,12.889901698403092,12.889901698403092,12.738901785003268,12.793810844421387,749600,0.0,0.0
1998-01-16 00:00:00-05:00,12.903627373614315,13.095809057902189,12.903627373614315,13.08208179473877,286600,0.0,0.0
1998-01-20 00:00:00-05:00,13.082085767880349,13.082085767880349,12.91735855989025,13.054631233215332,609200,0.0,0.0
1998-01-21 00:00:00-05:00,12.999721041647966,13.013448307795429,12.697721186403768,12.917357444763184,517000,0.0,0.0
1998-01-22 00:00:00-05:00,12.862451067911353,12.95854195102275,12.738905646768128,12.944814682006836,525000,0.0,0.0
1998-01-23 00:00:00-05:00,12.889897418683017,12.958533720166951,12.821261117199082,12.87617015838623,420000,0.0,0.0
1998-01-26 00:00:00-05:00,12.91735473405312,12.944809260586707,12.876172944252739,12.889900207519531,212800,0.0,0.0
1998-01-27 00:00:00-05:00,12.65654016078863,12.834994631602353,12.65654016078863,12.780085563659668,212000,0.0,0.0
1998-01-28 00:00:00-05:00,12.82126658173094,12.917357444763184,12.478084928044352,12.917357444763184,774800,0.0,0.0
1998-01-29 00:00:00-05:00,12.848722457885742,13.397813161214193,12.834995190302532,13.178176879882812,1062800,0.0,0.0
1998-01-30 00:00:00-05:00,13.150718110555866,13.150718110555866,12.972263689431413,13.08208179473877,373000,0.0,0.0
1998-02-02 00:00:00-05:00,13.136998301824592,13.287998282305335,13.123271030871797,13.274271011352539,430200,0.0,0.0
1998-02-03 00:00:00-05:00,13.233089198494154,13.274271011352539,13.109543759919003,13.274271011352539,244200,0.0,0.0
1998-02-04 00:00:00-05:00,13.329179550654676,13.329179550654676,13.068361413206231,13.205634117126465,384600,0.0,0.0
1998-02-05 00:00:00-05:00,13.178175847810712,13.233084913843257,13.109539515270031,13.191903114318848,299200,0.0,0.0
1998-02-06 00:00:00-05:00,13.24681321779887,13.315449555714926,13.109540541966757,13.178176879882812,439200,0.0,0.0
1998-02-09 00:00:00-05:00,13.178180114682975,13.287998282305335,13.123271030871797,13.274271011352539,182400,0.0,0.0
1998-02-10 00:00:00-05:00,13.274266052054207,13.672356760957591,13.274266052054207,13.644902229309082,480800,0.0,0.0
1998-02-11 00:00:00-05:00,13.69981336403653,13.83708604303489,13.686086096136693,13.782176971435547,499600,0.0,0.0
1998-02-12 00:00:00-05:00,13.782175314508796,13.946902509502927,13.631175385764179,13.905720710754395,482600,0.0,0.0
1998-02-13 00:00:00-05:00,13.850808669944962,13.89199045984569,13.727263300242777,13.754717826843262,147200,0.0,0.0
1998-02-17 00:00:00-05:00,13.75471870445183,13.809627761156229,13.699809647747431,13.76844596862793,167000,0.0,0.0
1998-02-18 00:00:00-05:00,13.80963198029169,13.891995590512115,13.782177443551547,13.864541053771973,256800,0.0,0.0
1998-02-19 00:00:00-05:00,13.864539392563032,14.04299385999206,13.782175792211172,13.98808479309082,436200,0.0,0.0
1998-02-20 00:00:00-05:00,14.084174156188965,14.084174156188965,13.905719707816202,14.084174156188965,408800,0.0,0.0
1998-02-23 00:00:00-05:00,14.084179418227253,14.084179418227253,13.96063398473403,14.001815795898438,298000,0.0,0.0
1998-02-24 00:00:00-05:00,14.00181467985687,14.097905564914711,13.960632871974939,14.029269218444824,370400,0.0,0.0
1998-02-25 00:00:00-05:00,14.056725461510618,14.262634525888215,14.042998190552112,14.221452713012695,225800,0.0,0.0
1998-02-26 00:00:00-05:00,14.248893321245566,14.358711381524916,14.20771154864081,14.331256866455078,234600,0.0,0.0
1998-02-27 00:00:00-05:00,14.331264190091431,14.437650490353125,14.262627867341951,14.386173248291016,303200,0.0,0.0
1998-03-02 00:00:00-05:00,14.358719134217756,14.57835537336449,14.331264604324414,14.482264518737793,252200,0.0,0.0
1998-03-03 00:00:00-05:00,14.495993780597738,14.660720982649984,14.441084713246989,14.63326644897461,213800,0.0,0.0
1998-03-04 00:00:00-05:00,14.660718963044514,14.701900757884527,14.44108272389778,14.482264518737793,168800,0.0,0.0
1998-03-05 00:00:00-05:00,14.34499160737426,14.441082460246625,14.221446225109792,14.358718872070312,240200,0.0,0.0
1998-03-06 00:00:00-05:00,14.456015791662933,14.70478088176803,14.345453529394,14.608038902282715,261400,0.22,0.0
1998-03-09 00:00:00-05:00,14.552749633789062,14.580390183900723,14.428367158286592,14.552749633789062,161000,0.0,0.0
1998-03-10 00:00:00-05:00,14.608038902282715,14.690960598984415,14.497476640013783,14.608038902282715,381600,0.0,0.0
1998-03-11 00:00:00-05:00,14.552757185663753,14.621858596801758,14.373093516704941,14.621858596801758,582400,0.0,0.0
1998-03-12 00:00:00-05:00,14.649497388883402,14.677137949994503,14.469833741661247,14.483654022216797,130400,0.0,0.0
1998-03-13 00:00:00-05:00,14.469838640556008,14.566580637197738,14.42837778485241,14.52511978149414,430400,0.0,0.0
1998-03-16 00:00:00-05:00,14.525116621208552,14.677139725712161,14.49747605675335,14.621858596801758,414400,0.0,0.0
1998-03-17 00:00:00-05:00,14.746236375511305,14.801517486572266,14.621853875624142,14.801517486572266,353800,0.0,0.0
1998-03-18 00:00:00-05:00,14.78770379240185,14.95354719941944,14.773883508483717,14.870625495910645,253800,0.0,0.0
1998-03-19 00:00:00-05:00,14.925906631583175,14.925906631583175,14.815344360238115,14.870625495910645,376600,0.0,0.0
1998-03-20 00:00:00-05:00,14.870623222173647,14.898263785783636,14.829162376758665,14.856802940368652,354600,0.0,0.0
1998-03-23 00:00:00-05:00,14.856803528201423,14.870623810553239,14.787702116442347,14.84298324584961,204200,0.0,0.0
1998-03-24 00:00:00-05:00,14.815344360238115,15.022648619010102,14.815344360238115,14.870625495910645,511400,0.0,0.0
1998-03-25 00:00:00-05:00,14.870625495910645,15.036468902928235,14.815344360238115,14.870625495910645,317800,0.0,0.0
1998-03-26 00:00:00-05:00,14.884439468383789,14.96736113673133,14.870619190325865,14.884439468383789,157200,0.0,0.0
1998-03-27 00:00:00-05:00,14.842981777012906,14.912083181933822,14.566576157329239,14.787700653076172,275200,0.0,0.0
1998-03-30 00:00:00-05:00,14.73242069987322,14.801522110285383,14.704780135708354,14.760061264038086,385800,0.0,0.0
1998-03-31 00:00:00-05:00,14.801527054250185,15.064112501524464,14.787706767551539,14.912089347839355,222600,0.0,0.0
1998-04-01 00:00:00-05:00,14.884445832664236,14.98118782043457,14.829164696795473,14.98118782043457,221600,0.0,0.0
1998-04-02 00:00:00-05:00,15.133209877568017,15.229951858520508,15.008827330629103,15.229951858520508,224800,0.0,0.0
1998-04-03 00:00:00-05:00,15.229950538448156,15.368153356401406,15.174669411266857,15.216130256652832,1279800,0.0,0.0
1998-04-06 00:00:00-04:00,15.243769636941613,15.243769636941613,15.064105987548828,15.064105987548828,419800,0.0,0.0
1998-04-07 00:00:00-04:00,15.229950170525537,15.409613829524478,15.174669044679709,15.381973266601562,291800,0.0,0.0
1998-04-08 00:00:00-04:00,15.368158340454102,15.478720630673195,15.271416336512393,15.368158340454102,409000,0.0,0.0
1998-04-09 00:00:00-04:00,15.368150950539674,15.589275424648159,15.354330670907894,15.520174026489258,193600,0.0,0.0
1998-04-13 00:00:00-04:00,15.492534927662657,15.506355208597235,15.229949589905662,15.395792961120605,270000,0.0,0.0
1998-04-14 00:00:00-04:00,15.395800552968904,15.796588897705078,15.381980265219381,15.796588897705078,541000,0.0,0.0
1998-04-15 00:00:00-04:00,15.851868563684924,16.072993146962133,15.727485985591493,16.031532287597656,327400,0.0,0.0
1998-04-16 00:00:00-04:00,16.031527297632213,16.10062870839787,15.782762218875853,16.059167861938477,441400,0.0,0.0
1998-04-17 00:00:00-04:00,16.08680834929557,16.12826919555664,15.893324400077237,16.12826919555664,216200,0.0,0.0
1998-04-20 00:00:00-04:00,16.07299160371747,16.07299160371747,15.713664190392745,15.755125045776367,169200,0.0,0.0
1998-04-21 00:00:00-04:00,15.755128034456508,15.879510624202219,15.699846883458415,15.796588897705078,150400,0.0,0.0
1998-04-22 00:00:00-04:00,15.796585356909052,15.920967918774476,15.796585356909052,15.879507064819336,162800,0.0,0.0
1998-04-23 00:00:00-04:00,15.865685804515866,15.893326372119553,15.52017870946979,15.589280128479004,201000,0.0,0.0
1998-04-24 00:00:00-04:00,15.478716952398338,15.478716952398338,15.174670726547657,15.229951858520508,347400,0.0,0.0
1998-04-27 00:00:00-04:00,15.202318079331341,15.464903573428884,15.147036922679229,15.271419525146484,294000,0.0,0.0
1998-04-28 00:00:00-04:00,15.285228982156152,15.340510099632304,14.92590171856116,15.00882339477539,224000,0.0,0.0
1998-04-29 00:00:00-04:00,14.981182836037313,15.036463953513467,14.953542277299237,15.00882339477539,237400,0.0,0.0
1998-04-30 00:00:00-04:00,15.036470003995028,15.326695987528021,15.022649719064885,15.202313423156738,426000,0.0,0.0
1998-05-01 00:00:00-04:00,15.257594562877308,15.257594562877308,15.036470003995028,15.202313423156738,145600,0.0,0.0
1998-05-04 00:00:00-04:00,15.2023098956697,15.547816938753103,15.188489613946365,15.464895248413086,242800,0.0,0.0
1998-05-05 00:00:00-04:00,15.40962241677677,15.40962241677677,15.091755766027115,15.271419525146484,927600,0.0,0.0
1998-05-06 00:00:00-04:00,15.216127675455711,15.216127675455711,15.05028432204475,15.119385719299316,602400,0.0,0.0
1998-05-07 00:00:00-04:00,15.105580928998116,15.20232298435309,15.091760635375977,15.091760635375977,507800,0.0,0.0
1998-05-08 00:00:00-04:00,15.050289840801902,15.464898376361184,15.050289840801902,15.257594108581543,188000,0.0,0.0
1998-05-11 00:00:00-04:00,15.25759523673977,15.423438663226072,15.22995466565872,15.409618377685547,721600,0.0,0.0
1998-05-12 00:00:00-04:00,15.45107482069282,15.45107482069282,15.257590878394343,15.423434257507324,134800,0.0,0.0
1998-05-13 00:00:00-04:00,15.464894881615272,15.644558539757362,15.43725431882418,15.630738258361816,154200,0.0,0.0
1998-05-14 00:00:00-04:00,15.58927741417518,15.658378821152906,15.533996288592999,15.630738258361816,147600,0.0,0.0
1998-05-15 00:00:00-04:00,15.67219873445224,15.699839296594131,15.575456766955622,15.616917610168457,165800,0.0,0.0
1998-05-18 00:00:00-04:00,15.589276080699296,15.589276080699296,15.340511036858349,15.43725299835205,150400,0.0,0.0
1998-05-19 00:00:00-04:00,15.409619199286261,15.520181489505356,15.368158340454102,15.368158340454102,232400,0.0,0.0
1998-05-20 00:00:00-04:00,15.340516949982922,15.451079234307123,15.312876378901871,15.409618377685547,232200,0.0,0.0
1998-05-21 00:00:00-04:00,15.381975481781778,15.381975481781778,15.257592930716157,15.285233497619629,620000,0.0,0.0
1998-05-22 00:00:00-04:00,15.340514631426572,15.354334914878306,15.257592930716157,15.285233497619629,134600,0.0,0.0
1998-05-26 00:00:00-04:00,15.257599700620604,15.257599700620604,15.105576515197754,15.105576515197754,259000,0.0,0.0
1998-05-27 00:00:00-04:00,15.091747801719942,15.133208647329061,14.898263855544045,14.967365264892578,390800,0.0,0.0
1998-05-28 00:00:00-04:00,14.939724484486367,14.981185329494192,14.81534194946289,14.81534194946289,244400,0.0,0.0
1998-05-29 00:00:00-04:00,14.801521667793617,14.912083921147817,14.801521667793617,14.81534194946289,282200,0.0,0.0
1998-06-01 00:00:00-04:00,14.760057879569835,14.88444038979093,14.621855090435286,14.704776763916016,291400,0.0,0.0
1998-06-02 00:00:00-04:00,14.7047837205565,14.732424291459802,14.442198296975135,14.497479438781738,185000,0.0,0.0
1998-06-03 00:00:00-04:00,14.538936992791982,14.594218122042141,14.262531346541184,14.373093605041504,320000,0.0,0.0
1998-06-04 00:00:00-04:00,14.373086556663184,14.456008209874701,14.262524352381158,14.35926628112793,207600,0.0,0.0
1998-06-05 00:00:00-04:00,14.359273083647539,14.760061264038086,14.345452801565106,14.760061264038086,324200,0.0,0.0
1998-06-08 00:00:00-04:00,14.760062299353384,14.773882582405212,14.608039185783264,14.690960884094238,143600,0.0,0.0
1998-06-09 00:00:00-04:00,14.69096180497492,15.091750038600766,14.63568066930239,14.870625495910645,328800,0.0,0.0
1998-06-10 00:00:00-04:00,14.856796729855422,15.008819766160919,14.718593969577697,14.732414245605469,344000,0.0,0.0
1998-06-11 00:00:00-04:00,14.774717572322857,14.788629735761955,14.440825649784486,14.51038646697998,173800,0.22,0.0
1998-06-12 00:00:00-04:00,14.454734145954092,14.593855745048932,14.176490947764407,14.232139587402344,192800,0.0,0.0
1998-06-15 00:00:00-04:00,14.093010993459117,14.204308217494331,13.842592239379883,13.842592239379883,457600,0.0,0.0
1998-06-16 00:00:00-04:00,13.856510035581099,13.953895146272933,13.745212766219002,13.814773559570312,332600,0.0,0.0
1998-06-17 00:00:00-04:00,13.953896389212659,14.38517334640667,13.92607206939369,14.232139587402344,219800,0.0,0.0
1998-06-18 00:00:00-04:00,14.21822925459276,14.385175194959798,14.120844122711988,14.204317092895508,167600,0.0,0.0
1998-06-19 00:00:00-04:00,14.148665838507542,14.273875270706723,13.939983451508906,13.96780776977539,249800,0.0,0.0
1998-06-22 00:00:00-04:00,13.967809192595944,14.009545674247127,13.800863265991211,13.800863265991211,222800,0.0,0.0
1998-06-23 00:00:00-04:00,13.80085987947425,13.80085987947425,13.494792422469782,13.63391399383545,323400,0.0,0.0
1998-06-24 00:00:00-04:00,13.63391824254595,13.800864180209778,13.63391824254595,13.786952018737793,288800,0.0,0.0
1998-06-25 00:00:00-04:00,13.800854436532342,13.981712407978835,13.731293678283691,13.731293678283691,269800,0.0,0.0
1998-06-26 00:00:00-04:00,13.786947601669663,13.91215701480289,13.731298973610452,13.898244857788086,248600,0.0,0.0
1998-06-29 00:00:00-04:00,13.939984871495154,14.134755119200674,13.773038944890422,13.800863265991211,266200,0.0,0.0
1998-06-30 00:00:00-04:00,13.856508255004883,13.967805510065162,13.814771784357278,13.856508255004883,452000,0.0,0.0
1998-07-01 00:00:00-04:00,13.842591608129062,13.842591608129062,13.494787798879589,13.661733627319336,678800,0.0,0.0
1998-07-02 00:00:00-04:00,13.800859627474743,13.898244725652487,13.745210999944602,13.856508255004883,508400,0.0,0.0
1998-07-06 00:00:00-04:00,13.800855780366676,13.856504392384284,13.773031474357873,13.842592239379883,185200,0.0,0.0
1998-07-07 00:00:00-04:00,13.842599421012693,13.898248061901185,13.675653498347213,13.689565658569336,361800,0.0,0.0
1998-07-08 00:00:00-04:00,13.63391355140922,13.661737864779443,13.369582574392101,13.494791984558105,326000,0.0,0.0
1998-07-09 00:00:00-04:00,13.439143576988808,13.606089459932768,13.411319263164815,13.564352989196777,429400,0.0,0.0
1998-07-10 00:00:00-04:00,13.578264146370076,13.578264146370076,13.49479121104403,13.550439834594727,402600,0.0,0.0
1998-07-13 00:00:00-04:00,13.536536741703284,13.536536741703284,13.202644776851404,13.369590759277344,789400,0.0,0.0
1998-07-14 00:00:00-04:00,13.355671967885103,13.66173945048247,13.341759809585223,13.383496284484863,1632800,0.0,0.0
1998-07-15 00:00:00-04:00,13.369584911800377,13.453057866504645,13.272199797978729,13.327848434448242,240000,0.0,0.0
1998-07-16 00:00:00-04:00,13.160904171086159,13.272201457945238,13.07743120594185,13.244377136230469,326000,0.0,0.0
1998-07-17 00:00:00-04:00,13.3000272022738,13.411324501037598,13.3000272022738,13.411324501037598,234000,0.0,0.0
1998-07-20 00:00:00-04:00,13.466967671187883,13.592177081353885,13.43914335781766,13.494791984558105,313200,0.0,0.0
1998-07-21 00:00:00-04:00,13.494793291371238,13.50870544940358,13.300023078918457,13.300023078918457,244200,0.0,0.0
1998-07-22 00:00:00-04:00,13.341759553015482,13.397408185144847,13.244374446789092,13.300023078918457,468400,0.0,0.0
1998-07-23 00:00:00-04:00,13.300024572941012,13.369585370916646,13.133078657799494,13.160902976989746,464400,0.0,0.0
1998-07-24 00:00:00-04:00,13.24437773493163,13.327850703849267,13.077431797096358,13.119168281555176,618400,0.0,0.0
1998-07-27 00:00:00-04:00,13.133072954017194,13.133072954017194,12.72962050098065,12.882654190063477,388400,0.0,0.0
1998-07-28 00:00:00-04:00,12.910490472632718,12.993963471378189,12.493125478905368,12.701807975769043,291200,0.0,0.0
1998-07-29 00:00:00-04:00,12.701799697461336,12.85483342875605,12.701799697461336,12.799184799194336,132800,0.0,0.0
1998-07-30 00:00:00-04:00,12.8548346831189,13.007868429346505,12.785273889379079,12.896571159362793,332200,0.0,0.0
1998-07-31 00:00:00-04:00,12.854836779018855,12.993958389181397,12.576593558693773,12.632242202758789,332200,0.0,0.0
1998-08-03 00:00:00-04:00,12.632243311196042,12.799189258040043,12.562682500011043,12.687891960144043,331600,0.0,0.0
1998-08-04 00:00:00-04:00,12.785272990894107,12.910482410826694,12.576590624339797,12.604414939880371,517000,0.0,0.0
1998-08-05 00:00:00-04:00,12.660062524069728,12.673974680689584,12.479204488011588,12.576589584350586,378200,0.0,0.0
1998-08-06 00:00:00-04:00,12.6739759015513,12.6739759015513,12.479205690111433,12.660063743591309,156800,0.0,0.0
1998-08-07 00:00:00-04:00,12.646150938427175,12.89656976889108,12.632238781179181,12.757448196411133,231800,0.0,0.0
1998-08-10 00:00:00-04:00,12.701798167749171,12.785271102038871,12.507027987739875,12.618325233459473,328000,0.0,0.0
1998-08-11 00:00:00-04:00,12.618326748930798,12.75744832278891,12.437468702915252,12.493117332458496,467800,0.0,0.0
1998-08-12 00:00:00-04:00,12.520946165359698,12.771365088666892,12.507034002953743,12.74354076385498,224000,0.0,0.0
1998-08-13 00:00:00-04:00,12.743531940012156,12.799180551103913,12.632234717828643,12.673971176147461,346000,0.0,0.0
1998-08-14 00:00:00-04:00,12.660060867549866,12.729621641547393,12.312256997562232,12.367905616760254,360200,0.0,0.0
1998-08-17 00:00:00-04:00,12.353996100015198,12.757448675353533,12.353996100015198,12.604414939880371,298000,0.0,0.0
1998-08-18 00:00:00-04:00,12.604422810565994,12.7296323086842,12.604422810565994,12.701807975769043,192200,0.0,0.0
1998-08-19 00:00:00-04:00,12.729623750732555,12.743535907837181,12.576590022581673,12.71571159362793,259600,0.0,0.0
1998-08-20 00:00:00-04:00,12.687891477114194,12.966134711261436,12.673979315406832,12.854837417602539,348400,0.0,0.0
1998-08-21 00:00:00-04:00,12.799183165829485,12.938304721979804,12.479203586683747,12.590500831604004,306800,0.0,0.0
1998-08-24 00:00:00-04:00,12.63224346460734,12.854838063102623,12.63224346460734,12.74354076385498,325000,0.0,0.0
1998-08-25 00:00:00-04:00,12.743539490888821,12.952221906132635,12.479208431579993,12.632242202758789,282600,0.0,0.0
1998-08-26 00:00:00-04:00,12.646150053145494,12.743535147064106,12.381819083937833,12.479204177856445,273600,0.0,0.0
1998-08-27 00:00:00-04:00,12.493123340383347,12.493123340383347,11.825339464728113,11.880988121032715,229600,0.0,0.0
1998-08-28 00:00:00-04:00,11.867069934588256,11.964455033699766,11.700124050397097,11.783596992492676,319600,0.0,0.0
1998-08-31 00:00:00-04:00,11.727947377291592,12.006190494190562,11.310582701943137,11.47752857208252,351000,0.0,0.0
1998-09-01 00:00:00-04:00,11.547092313201425,11.72795038557687,11.129727530796554,11.505355834960938,328800,0.0,0.0
1998-09-02 00:00:00-04:00,11.505356123121521,11.839247957407999,11.477531803597648,11.602741241455078,321000,0.0,0.0
1998-09-03 00:00:00-04:00,11.505360131181721,11.505360131181721,11.213204674404434,11.324501991271973,275800,0.0,0.0
1998-09-04 00:00:00-04:00,11.310584369519862,11.67230047481816,11.143638474766801,11.40796947479248,298200,0.0,0.0
1998-09-08 00:00:00-04:00,11.519270119060574,11.950547140426368,11.366236337285615,11.922722816467285,300200,0.0,0.0
1998-09-09 00:00:00-04:00,11.867074187921018,11.880986349923269,11.561006623871473,11.588830947875977,218000,0.0,0.0
1998-09-10 00:00:00-04:00,11.505356773195944,11.547093254839943,11.074079796207945,11.171464920043945,190800,0.0,0.0
1998-09-11 00:00:00-04:00,11.045709286705922,11.593082427978516,11.003603660454184,11.593082427978516,223400,0.22,0.0
1998-09-14 00:00:00-04:00,11.565009406979803,11.859748724390695,11.565009406979803,11.775537490844727,206400,0.0,0.0
1998-09-15 00:00:00-04:00,11.57904751907439,11.9158925378111,11.438695427934094,11.85975170135498,226200,0.0,0.0
1998-09-16 00:00:00-04:00,11.859750007665005,12.04220770009062,11.705362729458715,12.028172492980957,151200,0.0,0.0
1998-09-17 00:00:00-04:00,11.817643804839163,11.817643804839163,11.438693231524843,11.579045295715332,325600,0.0,0.0
1998-09-18 00:00:00-04:00,11.635190770432756,11.705366830568057,11.200099197593895,11.424662590026855,348000,0.0,0.0
1998-09-21 00:00:00-04:00,11.00360612892927,11.396592062105317,11.00360612892927,11.31238079071045,274400,0.0,0.0
1998-09-22 00:00:00-04:00,11.312376904665978,11.50886980375447,11.242200869277232,11.25623607635498,209800,0.0,0.0
1998-09-23 00:00:00-04:00,11.284305295159905,11.775537490844727,11.256234883977914,11.775537490844727,332400,0.0,0.0
1998-09-24 00:00:00-04:00,11.775542890703356,11.845718950838656,11.340451317864495,11.424662590026855,262800,0.0,0.0
1998-09-25 00:00:00-04:00,11.36851680812551,11.382552014061467,11.14395351315019,11.284305572509766,282600,0.0,0.0
1998-09-28 00:00:00-04:00,11.284307057272175,11.719398498535156,11.270271849489498,11.719398498535156,218600,0.0,0.0
1998-09-29 00:00:00-04:00,11.663258471731412,11.775540141736046,11.354483879218666,11.593082427978516,229000,0.0,0.0
1998-09-30 00:00:00-04:00,11.508868925338046,11.550974543357574,10.989566303097183,11.326411247253418,532200,0.0,0.0
1998-10-01 00:00:00-04:00,11.326411190317637,11.326411190317637,11.129918307214234,11.284305572509766,281200,0.0,0.0
1998-10-02 00:00:00-04:00,11.34045008508024,11.508872611096283,11.031675454050829,11.143957138061523,313800,0.0,0.0
1998-10-05 00:00:00-04:00,11.115884914398194,11.3965890789032,10.94746241569519,11.228166580200195,221000,0.0,0.0
1998-10-06 00:00:00-04:00,11.340446858699416,11.677291814898409,11.326411652191124,11.635186195373535,262400,0.0,0.0
1998-10-07 00:00:00-04:00,11.719393978163987,12.028168430283278,11.396584323675638,11.873781204223633,373400,0.0,0.0
1998-10-08 00:00:00-04:00,11.761502903649056,11.761502903649056,11.34044671378095,11.522904396057129,300400,0.0,0.0
1998-10-09 00:00:00-04:00,11.452730606459212,11.831681251525879,11.29834330661724,11.831681251525879,403400,0.0,0.0
1998-10-12 00:00:00-04:00,11.887823104858398,11.972034366522093,11.831682263749267,11.887823104858398,334800,0.0,0.0
1998-10-13 00:00:00-04:00,11.901848972610564,12.112376961512872,11.789567378529332,12.00009536743164,272600,0.0,0.0
1998-10-14 00:00:00-04:00,12.000101146164473,12.18255882441025,11.87378429199432,12.042206764221191,239000,0.0,0.0
1998-10-15 00:00:00-04:00,12.098346287065798,12.589578444893297,11.972029446481585,12.463261604309082,381200,0.0,0.0
1998-10-16 00:00:00-04:00,12.743966062600512,12.800106882259545,12.519402783964379,12.715895652770996,660400,0.0,0.0
1998-10-19 00:00:00-04:00,12.575549514358109,13.080817128774282,12.575549514358109,12.98257064819336,291600,0.0,0.0
1998-10-20 00:00:00-04:00,12.982568014670992,13.36151864861274,12.982568014670992,13.179060935974121,422600,0.0,0.0
1998-10-21 00:00:00-04:00,13.165027703269052,13.375555864835189,13.150992492497977,13.249238967895508,514200,0.0,0.0
1998-10-22 00:00:00-04:00,13.193098124811204,13.291344600208735,12.926429120160766,13.249238967895508,232200,0.0,0.0
1998-10-23 00:00:00-04:00,12.968531395259657,12.99660180953511,12.758003288193752,12.800108909606934,333000,0.0,0.0
1998-10-26 00:00:00-05:00,12.575545595403302,12.982566602397382,12.575545595403302,12.800108909606934,227000,0.0,0.0
1998-10-27 00:00:00-05:00,12.912393393495535,12.912393393495535,12.477301876975577,12.74397087097168,397200,0.0,0.0
1998-10-28 00:00:00-05:00,12.743969627980436,12.743969627980436,12.449230242311286,12.49133586883545,296600,0.0,0.0
1998-10-29 00:00:00-05:00,12.435196289246743,12.800111755974076,12.350985027694284,12.786076545715332,596200,0.0,0.0
1998-10-30 00:00:00-05:00,12.842215015533123,13.221165622548854,12.842215015533123,13.193095207214355,768000,0.0,0.0
1998-11-02 00:00:00-05:00,13.235206768258879,13.473805405650607,13.094854628616684,13.445734977722168,325400,0.0,0.0
1998-11-03 00:00:00-05:00,13.445727827103157,13.810643196105957,13.417657414102942,13.810643196105957,488200,0.0,0.0
1998-11-04 00:00:00-05:00,13.866785736240967,14.063278651531832,13.600116779774796,13.64222240447998,379800,0.0,0.0
1998-11-05 00:00:00-05:00,13.670293291608294,14.049243927001953,13.473800369552322,14.049243927001953,321200,0.0,0.0
1998-11-06 00:00:00-05:00,13.951003085189129,14.0071439426748,13.698369226503612,13.965038299560547,201400,0.0,0.0
1998-11-09 00:00:00-05:00,13.810641430220619,13.936958272570196,13.7825710208096,13.90888786315918,319600,0.0,0.0
1998-11-10 00:00:00-05:00,13.838715268854509,13.838715268854509,13.586081521552906,13.600116729736328,437800,0.0,0.0
1998-11-11 00:00:00-05:00,13.614152504653527,13.614152504653527,13.193096241623007,13.263272285461426,329600,0.0,0.0
1998-11-12 00:00:00-05:00,13.277298977606407,13.403615775490612,13.150982179722202,13.30536937713623,245600,0.0,0.0
1998-11-13 00:00:00-05:00,13.319412350155819,13.431694013803076,13.165025062640842,13.417658805847168,202000,0.0,0.0
1998-11-16 00:00:00-05:00,13.417650975255524,13.515897373609905,13.080806180897644,13.30536937713623,290800,0.0,0.0
1998-11-17 00:00:00-05:00,13.249236946553788,13.40362424148185,13.15099048614502,13.15099048614502,211600,0.0,0.0
1998-11-18 00:00:00-05:00,13.12291786802708,13.361516374718482,12.91238977388761,12.926424980163574,322400,0.0,0.0
1998-11-19 00:00:00-05:00,13.038708752246787,13.13695521216684,13.038708752246787,13.094849586486816,393200,0.0,0.0
1998-11-20 00:00:00-05:00,13.319413022619212,13.319413022619212,13.165025727309612,13.179060935974121,305800,0.0,0.0
1998-11-23 00:00:00-05:00,13.291334177371319,13.361510176195877,13.249228578076584,13.30536937713623,337600,0.0,0.0
1998-11-24 00:00:00-05:00,13.305378973984919,13.642224011300993,13.305378973984919,13.361519813537598,224400,0.0,0.0
1998-11-25 00:00:00-05:00,13.333449348634614,13.445731027359958,13.291343719112609,13.319414138793945,130000,0.0,0.0
1998-11-27 00:00:00-05:00,13.319407418763625,13.333442621523123,13.277301810485131,13.291337013244629,54200,0.0,0.0
1998-11-30 00:00:00-05:00,13.29134143183275,13.29134143183275,12.996602075899817,13.010637283325195,338200,0.0,0.0
1998-12-01 00:00:00-05:00,13.010637283325195,13.080813320452084,12.884320416496795,13.010637283325195,323400,0.0,0.0
1998-12-02 00:00:00-05:00,13.010639297885609,13.15099139387143,12.81414636350546,13.108885765075684,405800,0.0,0.0
1998-12-03 00:00:00-05:00,13.108879378411622,13.108879378411622,12.645717687311425,12.687823295593262,536400,0.0,0.0
1998-12-04 00:00:00-05:00,12.743967353523551,12.968530654907227,12.743967353523551,12.968530654907227,449600,0.0,0.0
1998-12-07 00:00:00-05:00,12.968535490005214,13.16502845197499,12.898359432158864,13.038711547851562,209400,0.0,0.0
1998-12-08 00:00:00-05:00,12.940460316066083,13.122917999481333,12.89835469681641,13.02467155456543,413200,0.0,0.0
1998-12-09 00:00:00-05:00,13.038710507385652,13.038710507385652,12.898358402892802,12.954499244689941,359400,0.0,0.0
1998-12-10 00:00:00-05:00,12.898359312181887,12.968535369375477,12.856253677865732,12.912394523620605,310800,0.0,0.0
1998-12-11 00:00:00-05:00,12.955385208129883,13.04024580992986,12.912954907229894,12.955385208129883,275200,0.22,0.0
1998-12-14 00:00:00-05:00,12.842240394340767,13.09682225237836,12.700806028764326,12.870527267456055,524800,0.0,0.0
1998-12-15 00:00:00-05:00,12.870528501167348,12.870528501167348,10.239849049280396,10.452000617980957,3335000,0.0,0.0
1998-12-16 00:00:00-05:00,10.451996221490528,10.650004268988319,10.324705333813377,10.409565925598145,1590600,0.0,0.0
1998-12-17 00:00:00-05:00,10.423712251743595,11.102597174516584,10.395425379961386,11.074310302734375,1338200,0.0,0.0
1998-12-18 00:00:00-05:00,10.890442612378495,10.97530320416326,10.352992197741633,10.409565925598145,944600,0.0,0.0
1998-12-21 00:00:00-05:00,10.409569376740007,10.437856250046366,10.183274390289139,10.239848136901855,835000,0.0,0.0
1998-12-22 00:00:00-05:00,10.027695217790274,10.268133608061692,9.956978044181035,10.253990173339844,596600,0.0,0.0
1998-12-23 00:00:00-05:00,10.253988290100954,10.268131722225233,9.956976215491135,10.070123672485352,962200,0.0,0.0
1998-12-24 00:00:00-05:00,10.08427182318459,10.112558700668979,10.027698068215813,10.041841506958008,402800,0.0,0.0
1998-12-28 00:00:00-05:00,10.027700374284931,10.07013070026921,9.84383562835305,9.99941349029541,716600,0.0,0.0
1998-12-29 00:00:00-05:00,10.01355209350586,10.225703620910645,9.99940865834554,10.183273315429688,473200,0.0,0.0
1998-12-30 00:00:00-05:00,10.183272927494373,10.183272927494373,9.914547669685494,10.013551712036133,343200,0.0,0.0
1998-12-31 00:00:00-05:00,10.070128552740513,10.197419503547627,10.01355479682624,10.126702308654785,382400,0.0,0.0
1999-01-04 00:00:00-05:00,10.296421497035388,10.494429602747605,10.197417444179278,10.282278060913086,381200,0.0,0.0
1999-01-05 00:00:00-05:00,10.338851597274191,10.635863749863464,10.324708161436607,10.621720314025879,589800,0.0,0.0
1999-01-06 00:00:00-05:00,10.635861600609127,10.720722198486328,10.43785353889566,10.720722198486328,505400,0.0,0.0
1999-01-07 00:00:00-05:00,10.777296509911917,10.777296509911917,10.551001570071247,10.763153076171875,418200,0.0,0.0
1999-01-08 00:00:00-05:00,10.7631542200837,10.975305748731868,10.74901078484049,10.848014831542969,535200,0.0,0.0
1999-01-11 00:00:00-05:00,10.848013060256818,10.975303956661397,10.777295895587608,10.904586791992188,450600,0.0,0.0
1999-01-12 00:00:00-05:00,10.904589083045721,11.00359313438336,10.80558503170808,10.86215877532959,1057400,0.0,0.0
1999-01-13 00:00:00-05:00,10.720729026538413,10.791446236476002,10.494433954738131,10.536864280700684,979400,0.0,0.0
1999-01-14 00:00:00-05:00,10.522716869965443,10.522716869965443,10.239848136901855,10.239848136901855,655000,0.0,0.0
1999-01-15 00:00:00-05:00,10.268135010208214,10.310565320167752,10.154987516982779,10.239848136901855,696000,0.0,0.0
1999-01-19 00:00:00-05:00,10.437853577745509,10.437853577745509,10.126698051037648,10.140841484069824,585200,0.0,0.0
1999-01-20 00:00:00-05:00,10.23984982048333,10.268136698440467,10.09841543069765,10.126702308654785,564000,0.0,0.0
1999-01-21 00:00:00-05:00,10.126699123436602,10.239846599676117,9.95697790907733,9.985264778137207,741200,0.0,0.0
1999-01-22 00:00:00-05:00,9.985268206954691,10.07012884327442,9.744829737382128,9.787260055541992,704400,0.0,0.0
1999-01-25 00:00:00-05:00,9.787260055541992,9.928694449408207,9.702399419222264,9.787260055541992,665200,0.0,0.0
1999-01-26 00:00:00-05:00,10.183270937436587,10.183270937436587,9.787254845425164,9.801398277282715,742600,0.0,0.0
1999-01-27 00:00:00-05:00,9.744828554621915,9.886262931321797,9.603394177922032,9.674111366271973,457600,0.0,0.0
1999-01-28 00:00:00-05:00,9.67411197934832,9.67411197934832,9.476103839420137,9.504390716552734,570000,0.0,0.0
1999-01-29 00:00:00-05:00,9.518530546335073,9.546817412743202,9.108370983417217,9.193231582641602,643800,0.0,0.0
1999-02-01 00:00:00-05:00,9.249808252954775,9.278095128346074,9.094230438302631,9.221521377563477,875600,0.0,0.0
1999-02-02 00:00:00-05:00,9.278090764241046,9.44781193675765,9.235660471111895,9.39123821258545,499400,0.0,0.0
1999-02-03 00:00:00-05:00,9.50439088534465,9.773116222876716,9.461960568892218,9.589251518249512,895800,0.0,0.0
1999-02-04 00:00:00-05:00,9.64582086728613,9.985263243847518,9.560960273145781,9.942832946777344,857400,0.0,0.0
1999-02-05 00:00:00-05:00,9.98526491362473,10.268133608061692,9.956978044181035,10.253990173339844,1369000,0.0,0.0
1999-02-08 00:00:00-05:00,10.522713381311169,10.522713381311169,10.296418469885122,10.409565925598145,697600,0.0,0.0
1999-02-09 00:00:00-05:00,10.4095677026634,10.466141440177875,10.19741618698412,10.352993965148926,607400,0.0,0.0
1999-02-10 00:00:00-05:00,10.352993965148926,10.522715177692351,10.338850530770307,10.352993965148926,669000,0.0,0.0
1999-02-11 00:00:00-05:00,10.409570304240845,10.50857436963444,10.352996552587362,10.452000617980957,315400,0.0,0.0
1999-02-12 00:00:00-05:00,10.42370818281827,10.522712195409488,10.310560739856877,10.32470417022705,701000,0.0,0.0
1999-02-16 00:00:00-05:00,10.296422627905706,10.409570129311263,10.268135752554317,10.36713981628418,684800,0.0,0.0
1999-02-17 00:00:00-05:00,10.409570129311263,10.494430755365432,10.296422627905706,10.36713981628418,424400,0.0,0.0
1999-02-18 00:00:00-05:00,10.381278456435373,10.734864234924316,10.338848163016701,10.734864234924316,697800,0.0,0.0
1999-02-19 00:00:00-05:00,10.67829082530198,10.67829082530198,10.4802827835083,10.4802827835083,310400,0.0,0.0
1999-02-22 00:00:00-05:00,10.437852698636343,10.664147608091874,10.423709266795372,10.565143585205078,397000,0.0,0.0
1999-02-23 00:00:00-05:00,10.551002692668996,10.72072391560737,10.466142081199807,10.635863304138184,349200,0.0,0.0
1999-02-24 00:00:00-05:00,10.579287017046049,10.763151630978667,10.522713289682166,10.565143585205078,259400,0.0,0.0
1999-02-25 00:00:00-05:00,10.508575780604913,10.579292979666857,10.437858581542969,10.437858581542969,505800,0.0,0.0
1999-02-26 00:00:00-05:00,10.423715126593383,10.67829704284668,10.423715126593383,10.67829704284668,405200,0.0,0.0
1999-03-01 00:00:00-05:00,10.734867350852236,10.763154221341965,10.480285516444672,10.635863304138184,290200,0.0,0.0
1999-03-02 00:00:00-05:00,10.635861119916362,10.678291416937304,10.508570228853532,10.522713661193848,434200,0.0,0.0
1999-03-03 00:00:00-05:00,10.508577396725649,10.664155258588343,10.508577396725649,10.536864280700684,225200,0.0,0.0
1999-03-04 00:00:00-05:00,10.536860704105372,10.734868824719433,10.536860704105372,10.650008201599121,277000,0.0,0.0
1999-03-05 00:00:00-05:00,10.593433808842931,10.8621590990539,10.565146936189144,10.791441917419434,388800,0.0,0.0
1999-03-08 00:00:00-05:00,10.76315569909287,10.819729447839745,10.579291015665527,10.650008201599121,208800,0.0,0.0
1999-03-09 00:00:00-05:00,10.664153837965896,10.692440718172701,10.466145676518254,10.551006317138672,328200,0.0,0.0
1999-03-10 00:00:00-05:00,10.494430392545215,10.791442573466307,10.45200008098506,10.650008201599121,449800,0.0,0.0
1999-03-11 00:00:00-05:00,10.579194892243216,10.622025640794808,10.507810311323896,10.550641059875488,591400,0.22,0.0
1999-03-12 00:00:00-05:00,10.607745568930698,10.864729983790392,10.47925336150085,10.4935302734375,229800,0.0,0.0
1999-03-15 00:00:00-05:00,10.436426265819652,10.650580019564241,10.436426265819652,10.564918518066406,291800,0.0,0.0
1999-03-16 00:00:00-05:00,10.622023036951653,10.736238338424252,10.593469211583503,10.607746124267578,408600,0.0,0.0
1999-03-17 00:00:00-05:00,10.493537604324217,10.607752979609378,10.45070683859228,10.536368370056152,470400,0.0,0.0
1999-03-18 00:00:00-05:00,10.49353082279498,10.721961425740178,10.479253910110906,10.607746124267578,295800,0.0,0.0
1999-03-19 00:00:00-05:00,10.664854862588516,10.821900918128643,10.607747206028472,10.736239433288574,469400,0.0,0.0
1999-03-22 00:00:00-05:00,10.721964836120605,10.721964836120605,10.536364912193086,10.721964836120605,261400,0.0,0.0
1999-03-23 00:00:00-05:00,10.664853490766932,10.764791876891923,10.393592156999098,10.450699806213379,399600,0.0,0.0
1999-03-24 00:00:00-05:00,10.49353232449048,10.622024557035262,10.350763177218502,10.422147750854492,295400,0.0,0.0
1999-03-25 00:00:00-05:00,10.422144221999666,10.579190230824318,10.407867312106514,10.479251861572266,850800,0.0,0.0
1999-03-26 00:00:00-05:00,10.436425925625695,10.479256674978469,10.065226097901663,10.279379844665527,2698200,0.0,0.0
1999-03-29 00:00:00-05:00,10.336488723754883,10.536365577529148,10.32221180562815,10.336488723754883,617600,0.0,0.0
1999-03-30 00:00:00-05:00,10.293654441833496,10.293654441833496,9.87962395804269,9.893900871276855,577800,0.0,0.0
1999-03-31 00:00:00-05:00,9.708307331419629,9.808245789243067,9.522707338318959,9.608368873596191,1081600,0.0,0.0
1999-04-01 00:00:00-05:00,9.59408914817954,10.008119781062288,9.551258393053738,9.836796760559082,1044800,0.0,0.0
1999-04-05 00:00:00-04:00,9.851070947826512,10.16516306500359,9.851070947826512,9.865347862243652,363600,0.0,0.0
1999-04-06 00:00:00-04:00,9.808245789243067,9.836799634335478,9.479876570680343,9.608368873596191,377200,0.0,0.0
1999-04-07 00:00:00-04:00,9.608362189193054,9.622639101807012,9.208608636002259,9.408485412597656,881000,0.0,0.0
1999-04-08 00:00:00-04:00,9.42276151025169,9.579807535422551,9.365653864735012,9.43703842163086,1249600,0.0,0.0
1999-04-09 00:00:00-04:00,9.465590999551015,9.4798679090526,9.322821904535163,9.379929542541504,725400,0.0,0.0
1999-04-12 00:00:00-04:00,9.351379611912895,9.70830249786377,9.351379611912895,9.70830249786377,598000,0.0,0.0
1999-04-13 00:00:00-04:00,9.651193618774414,9.694024359686136,9.536978309676492,9.651193618774414,505000,0.0,0.0
1999-04-14 00:00:00-04:00,9.622642466091218,10.679134368896484,9.579811713274788,10.679134368896484,1189600,0.0,0.0
1999-04-15 00:00:00-04:00,10.850452863253079,11.364421683091383,10.79334521660438,11.135991096496582,983800,0.0,0.0
1999-04-16 00:00:00-04:00,11.078887093902393,11.221656257483609,10.950394846679298,11.207379341125488,550800,0.0,0.0
1999-04-19 00:00:00-04:00,11.150271632942896,11.435809959010577,11.150271632942896,11.407256126403809,1430400,0.0,0.0
1999-04-20 00:00:00-04:00,11.407255864893116,11.421532780869201,11.278763621108338,11.35014820098877,904200,0.0,0.0
1999-04-21 00:00:00-04:00,11.021778087276235,11.221654891967773,11.021778087276235,11.221654891967773,885400,0.0,0.0
1999-04-22 00:00:00-04:00,11.221654891967773,11.221654891967773,11.050331916517884,11.221654891967773,765800,0.0,0.0
1999-04-23 00:00:00-04:00,11.421528816223145,11.535744104385376,11.307313528060913,11.421528816223145,1034200,0.0,0.0
1999-04-26 00:00:00-04:00,11.407261195494302,11.42153811814198,11.278768891665205,11.36443042755127,469800,0.0,0.0
1999-04-27 00:00:00-04:00,11.364425377493657,11.52147145683088,11.321594628583505,11.407256126403809,477800,0.0,0.0
1999-04-28 00:00:00-04:00,11.264488894222705,11.721350294241876,11.264488894222705,11.635688781738281,1700800,0.0,0.0
1999-04-29 00:00:00-04:00,11.87839207290914,12.363807133580908,11.83556133226163,12.349530220031738,973200,0.0,0.0
1999-04-30 00:00:00-04:00,12.592244215685913,12.777844187118925,12.420921165132363,12.720736503601074,827600,0.0,0.0
1999-05-03 00:00:00-04:00,12.577962031199647,12.849223414392375,12.449469797055723,12.806392669677734,475800,0.0,0.0
1999-05-04 00:00:00-04:00,12.592239219870343,12.777839117668886,12.563685389439799,12.763562202453613,400400,0.0,0.0
1999-05-05 00:00:00-04:00,12.763558140898173,12.906327247619629,12.70645049820959,12.906327247619629,440000,0.0,0.0
1999-05-06 00:00:00-04:00,12.763561761014847,13.091930799609187,12.677900272685887,13.077653884887695,412800,0.0,0.0
1999-05-07 00:00:00-04:00,12.934884169729132,13.591622218081826,12.934884169729132,13.563068389892578,657400,0.0,0.0
1999-05-10 00:00:00-04:00,13.591619366015014,13.705834654805056,13.520234810521236,13.663003921508789,527600,0.0,0.0
1999-05-11 00:00:00-04:00,13.705839851411318,13.777224433970751,13.605901435828109,13.64873218536377,1513400,0.0,0.0
1999-05-12 00:00:00-04:00,13.634453109586671,13.634453109586671,13.263253339063892,13.391745567321777,495400,0.0,0.0
1999-05-13 00:00:00-04:00,13.391742973531631,13.406019885017272,13.120481655304445,13.348912239074707,606200,0.0,0.0
1999-05-14 00:00:00-04:00,13.106209412980451,13.1347632461242,12.79211724839922,12.820671081542969,656000,0.0,0.0
1999-05-17 00:00:00-04:00,12.792119260694161,12.8063961795119,12.163934832713643,12.192488670349121,893000,0.0,0.0
1999-05-18 00:00:00-04:00,12.192490194852535,12.192490194852535,11.664244132546278,11.878397941589355,859600,0.0,0.0
1999-05-19 00:00:00-04:00,11.84984434164312,12.0925519968334,11.84984434164312,11.935505867004395,452600,0.0,0.0
1999-05-20 00:00:00-04:00,11.964059446372238,11.964059446372238,11.649967193603516,11.649967193603516,456000,0.0,0.0
1999-05-21 00:00:00-04:00,11.992607254912889,11.992607254912889,11.764176640533595,11.821284294128418,567600,0.0,0.0
1999-05-24 00:00:00-04:00,11.835563100026752,12.335255148881924,11.835563100026752,11.921224594116211,403000,0.0,0.0
1999-05-25 00:00:00-04:00,11.792729494740085,11.906944792509966,11.49291433809415,11.521468162536621,355800,0.0,0.0
1999-05-26 00:00:00-04:00,11.6499633603658,11.821286350959417,11.592855696834597,11.74990177154541,373600,0.0,0.0
1999-05-27 00:00:00-04:00,11.664240860644682,11.692794693840874,11.450087111673238,11.564302444458008,493000,0.0,0.0
1999-05-28 00:00:00-04:00,11.550025527859912,11.5928562776542,11.350148695486563,11.564302444458008,366800,0.0,0.0
1999-06-01 00:00:00-04:00,11.507194604896862,11.807009848945043,11.29304085914816,11.735625267028809,305000,0.0,0.0
1999-06-02 00:00:00-04:00,11.649964124636542,11.707071791914172,11.392979621887207,11.392979621887207,465000,0.0,0.0
1999-06-03 00:00:00-04:00,11.450090305477966,11.721351796505498,11.421536464317173,11.649967193603516,211200,0.0,0.0
1999-06-04 00:00:00-04:00,11.707066011775202,11.821281289938863,11.649958372693373,11.79272747039795,137800,0.0,0.0
1999-06-07 00:00:00-04:00,11.707071023897006,11.835563266842218,11.6214095286002,11.74990177154541,102200,0.0,0.0
1999-06-08 00:00:00-04:00,11.964059708791487,11.964059708791487,11.864121262536665,11.935505867004395,293000,0.0,0.0
1999-06-09 00:00:00-04:00,11.935500519576797,12.335254125495636,11.878392861588392,12.320977210998535,594200,0.0,0.0
1999-06-10 00:00:00-04:00,12.320971858152868,12.363802583036366,12.135372050324378,12.206756591796875,666400,0.0,0.0
1999-06-11 00:00:00-04:00,12.279313856979897,12.667990848935883,12.25052296868686,12.524036407470703,597600,0.22,0.0
1999-06-14 00:00:00-04:00,12.58161848961713,13.08545904698166,12.58161848961713,12.999086380004883,593800,0.0,0.0
1999-06-15 00:00:00-04:00,12.970302764338628,13.358979983691729,12.970302764338628,13.085466384887695,739000,0.0,0.0
1999-06-16 00:00:00-04:00,13.042269979054243,13.114247186444166,13.013479096098273,13.056665420532227,456800,0.0,0.0
1999-06-17 00:00:00-04:00,13.056669535832718,13.056669535832718,12.955901413725961,12.970296859741211,667000,0.0,0.0
1999-06-18 00:00:00-04:00,12.840735306610933,12.955898851961704,12.696780874922469,12.783153533935547,480800,0.0,0.0
1999-06-21 00:00:00-04:00,12.768764232136057,12.898323282969455,12.610414281117459,12.754368782043457,280000,0.0,0.0
1999-06-22 00:00:00-04:00,12.696788263320924,12.855138230323792,12.61041555404663,12.667997360229492,668800,0.0,0.0
1999-06-23 00:00:00-04:00,12.639203970270037,12.639203970270037,12.423272239570663,12.480854034423828,256600,0.0,0.0
1999-06-24 00:00:00-04:00,12.495246737165303,12.495246737165303,12.005801588474498,12.077778816223145,475200,0.0,0.0
1999-06-25 00:00:00-04:00,12.092169901771003,12.29370606680052,12.092169901771003,12.149751663208008,408600,0.0,0.0
1999-06-28 00:00:00-04:00,12.178551312150626,12.26492401649212,12.092178607809133,12.106574058532715,539600,0.0,0.0
1999-06-29 00:00:00-04:00,12.120961050429607,12.135356491107077,12.005797525009848,12.063379287719727,517400,0.0,0.0
1999-06-30 00:00:00-04:00,12.048983014148215,12.048983014148215,11.919424057006836,11.919424057006836,680200,0.0,0.0
1999-07-01 00:00:00-04:00,11.919430842766396,12.020198977910555,11.890639947010921,11.977012634277344,512800,0.0,0.0
1999-07-02 00:00:00-04:00,11.977006643654908,12.120961050429607,11.977006643654908,12.063379287719727,403600,0.0,0.0
1999-07-06 00:00:00-04:00,12.077774305320537,12.077774305320537,11.876238142895641,11.890633583068848,474000,0.0,0.0
1999-07-07 00:00:00-04:00,11.948220071338472,12.264919880458287,11.919429179600307,12.092174530029297,1172200,0.0,0.0
1999-07-08 00:00:00-04:00,12.063383638291132,12.178547205243792,11.977010963076637,12.092174530029297,439400,0.0,0.0
1999-07-09 00:00:00-04:00,12.034589747425557,12.351289477620965,12.005798862862337,12.336894035339355,231000,0.0,0.0
1999-07-12 00:00:00-04:00,12.279313645272884,12.3944771964595,12.149754650187942,12.20733642578125,265800,0.0,0.0
1999-07-13 00:00:00-04:00,12.164148464360142,12.36568465193534,12.149753022390485,12.22173023223877,256200,0.0,0.0
1999-07-14 00:00:00-04:00,12.23612702702471,12.293708801269531,12.221731583463503,12.293708801269531,400200,0.0,0.0
1999-07-15 00:00:00-04:00,12.293705534712176,12.365682733393161,12.250519215503585,12.32249641418457,190400,0.0,0.0
1999-07-16 00:00:00-04:00,12.322508378462357,12.336903832175514,12.164158387617631,12.192949295043945,243000,0.0,0.0
1999-07-19 00:00:00-04:00,12.22173354285104,12.22173354285104,12.020197300683884,12.092174530029297,269400,0.0,0.0
1999-07-20 00:00:00-04:00,12.034590991167185,12.09217276624454,12.005800103628507,12.048986434936523,264200,0.0,0.0
1999-07-21 00:00:00-04:00,12.063383974216004,12.221733883185427,11.890638618976634,11.905034065246582,323000,0.0,0.0
1999-07-22 00:00:00-04:00,11.962610938537741,12.17854254392651,11.876238296382235,12.149751663208008,242800,0.0,0.0
1999-07-23 00:00:00-04:00,12.149758762531778,12.380085942864135,12.048990621136372,12.120967864990234,373000,0.0,0.0
1999-07-26 00:00:00-04:00,12.12096313495148,12.27931300963612,11.804263385582203,11.818658828735352,241600,0.0,0.0
1999-07-27 00:00:00-04:00,11.761080570333808,12.322503021059656,11.746685122879299,12.164153099060059,448200,0.0,0.0
1999-07-28 00:00:00-04:00,12.178553841330787,12.308112924749201,12.164158387617631,12.192949295043945,302600,0.0,0.0
1999-07-29 00:00:00-04:00,12.192945756107928,12.192945756107928,11.876245866338891,11.948223114013672,535400,0.0,0.0
1999-07-30 00:00:00-04:00,11.91942951151653,11.97701129659632,11.876243172706687,11.905034065246582,291800,0.0,0.0
1999-08-02 00:00:00-04:00,11.933821131571307,12.034589223152729,11.876239364953351,12.00579833984375,408000,0.0,0.0
1999-08-03 00:00:00-04:00,11.962614671350114,11.977010116201317,11.689101219177246,11.689101219177246,504000,0.0,0.0
1999-08-04 00:00:00-04:00,11.804267259744497,12.034594425788292,11.775476363989023,11.977012634277344,721200,0.0,0.0
1999-08-05 00:00:00-04:00,11.991402079769278,12.034588401785253,11.876238554393343,11.962611198425293,466800,0.0,0.0
1999-08-06 00:00:00-04:00,11.977012634277344,11.977012634277344,11.933826290644133,11.977012634277344,390000,0.0,0.0
1999-08-09 00:00:00-04:00,11.977006639097286,11.977006639097286,11.93382031708131,11.962611198425293,474600,0.0,0.0
1999-08-10 00:00:00-04:00,11.96261543071457,11.97701087647957,11.890638201889573,11.93382453918457,674400,0.0,0.0
1999-08-11 00:00:00-04:00,11.933822373960544,11.962613260266842,11.761077056122755,11.818658828735352,804600,0.0,0.0
1999-08-12 00:00:00-04:00,11.847450817126807,11.977009817557114,11.674705483219734,11.775473594665527,371400,0.0,0.0
1999-08-13 00:00:00-04:00,11.804268734127868,11.804268734127868,11.717896036073274,11.746686935424805,407000,0.0,0.0
1999-08-16 00:00:00-04:00,11.804267084875772,11.890639770862668,11.68910350355991,11.761080741882324,473600,0.0,0.0
1999-08-17 00:00:00-04:00,11.761078273002829,11.91942816407141,11.674705605147238,11.83305549621582,185800,0.0,0.0
1999-08-18 00:00:00-04:00,11.847447262549226,11.977006224108088,11.818656382202812,11.890633583068848,409200,0.0,0.0
1999-08-19 00:00:00-04:00,11.890639770862668,11.919430666191632,11.703498951224393,11.761080741882324,333600,0.0,0.0
1999-08-20 00:00:00-04:00,11.746681343636862,11.84025172198691,11.717890457990693,11.8042631149292,816000,0.0,0.0
1999-08-23 00:00:00-04:00,11.861849051255447,11.977012634277344,11.861849051255447,11.977012634277344,347000,0.0,0.0
1999-08-24 00:00:00-04:00,11.948219053356608,12.092173499782591,11.617123826576846,11.83305549621582,1284800,0.0,0.0
1999-08-25 00:00:00-04:00,11.847450780504532,11.933823447191077,11.242842113698712,11.3148193359375,640200,0.0,0.0
1999-08-26 00:00:00-04:00,11.358003071030032,11.401189394494024,11.286025865256711,11.329212188720703,452800,0.0,0.0
1999-08-27 00:00:00-04:00,11.300423891489743,11.487564669310592,11.25723755814647,11.3148193359375,432000,0.0,0.0
1999-08-30 00:00:00-04:00,11.37240603797794,11.45877874206385,11.113287925720215,11.113287925720215,223800,0.0,0.0
1999-08-31 00:00:00-04:00,10.99811941585823,11.127678414212582,10.667024197841556,10.695815086364746,1231800,0.0,0.0
1999-09-01 00:00:00-04:00,10.695816540971716,10.940539126700545,10.60944386365566,10.8253755569458,696200,0.0,0.0
1999-09-02 00:00:00-04:00,10.76779377206843,10.839771003165144,10.652630202313688,10.8253755569458,303200,0.0,0.0
1999-09-03 00:00:00-04:00,10.86856318393927,10.998122215270996,10.81098139223628,10.998122215270996,327400,0.0,0.0
1999-09-07 00:00:00-04:00,11.02691030438142,11.055701192904609,10.623837865056773,10.695815086364746,323800,0.0,0.0
1999-09-08 00:00:00-04:00,10.58065383540474,10.710212861960716,10.307140334897678,10.66702651977539,1627800,0.0,0.0
1999-09-09 00:00:00-04:00,10.652630918769427,10.710212707519531,10.494280999706637,10.710212707519531,371400,0.0,0.0
1999-09-10 00:00:00-04:00,10.767791074562586,10.926140943306153,10.623836648432071,10.681418418884277,260600,0.0,0.0
1999-09-13 00:00:00-04:00,10.725599494227271,10.75466615952328,10.565732835099222,10.667466163635254,380200,0.22,0.0
1999-09-14 00:00:00-04:00,10.638403825799132,10.696537180038472,10.565737132999958,10.594803810119629,400800,0.0,0.0
1999-09-15 00:00:00-04:00,10.696532708913209,10.92906602867219,10.696532708913209,10.76919937133789,411800,0.0,0.0
1999-09-16 00:00:00-04:00,10.115196141206352,10.405862696988144,9.998929518893636,10.21692943572998,1125200,0.0,0.0
1999-09-17 00:00:00-04:00,9.9989359129108,10.246002643317027,9.940802564579924,10.129735946655273,1320800,0.0,0.0
1999-09-20 00:00:00-04:00,10.144263359986235,10.173330017178172,9.984396745430578,10.042530059814453,417400,0.0,0.0
1999-09-21 00:00:00-04:00,9.853600714256219,9.984400723737496,9.650134032840898,9.795467376708984,874600,0.0,0.0
1999-09-22 00:00:00-04:00,9.839068854692627,9.853602191257904,9.62106880621347,9.72280216217041,802600,0.0,0.0
1999-09-23 00:00:00-04:00,9.766406106948851,9.766406106948851,9.286805807054042,9.301339149475098,801800,0.0,0.0
1999-09-24 00:00:00-04:00,9.301334362851376,9.301334362851376,8.967067659186405,9.112401008605957,528800,0.0,0.0
1999-09-27 00:00:00-04:00,9.170532372487937,9.475732340510515,9.14146570886674,9.40306568145752,723000,0.0,0.0
1999-09-28 00:00:00-04:00,9.272266471255774,9.359466469418054,9.06879980887712,9.315866470336914,1340000,0.0,0.0
1999-09-29 00:00:00-04:00,9.344933096714284,9.519333092298377,9.315866430783602,9.461199760437012,571000,0.0,0.0
1999-09-30 00:00:00-04:00,9.417602622770591,9.533869321817141,9.243202574200765,9.272269248962402,784600,0.0,0.0
1999-10-01 00:00:00-04:00,9.33039896270078,9.344932294418383,9.214132308959961,9.214132308959961,630600,0.0,0.0
1999-10-04 00:00:00-04:00,9.228672437369823,9.359472519159317,9.228672437369823,9.301339149475098,531000,0.0,0.0
1999-10-05 00:00:00-04:00,9.3013349609375,9.3013349609375,9.010668243408203,9.083334922790527,261000,0.0,0.0
1999-10-06 00:00:00-04:00,9.0397309271444,9.185064221793025,9.0397309271444,9.141464233398438,325200,0.0,0.0
1999-10-07 00:00:00-04:00,9.141468922670272,9.344935639550055,9.141468922670272,9.286802291870117,640400,0.0,0.0
1999-10-08 00:00:00-04:00,9.344933908398753,9.577467256041645,9.344933908398753,9.562933921813965,574000,0.0,0.0
1999-10-11 00:00:00-04:00,9.577467469264972,9.664667476572392,9.475734127406316,9.504800796508789,415000,0.0,0.0
1999-10-12 00:00:00-04:00,9.533868493500703,9.533868493500703,9.301335115610442,9.359468460083008,315400,0.0,0.0
1999-10-13 00:00:00-04:00,9.301337586424221,9.432137646233311,9.097870826721191,9.097870826721191,437200,0.0,0.0
1999-10-14 00:00:00-04:00,9.097866474931214,9.315866470336914,8.923466478606654,9.315866470336914,358000,0.0,0.0
1999-10-15 00:00:00-04:00,9.359466902936092,9.359466902936092,8.850800223428696,8.865333557128906,399600,0.0,0.0
1999-10-18 00:00:00-04:00,8.879868795171404,9.068802173792072,8.850802121537455,9.054268836975098,502400,0.0,0.0
1999-10-19 00:00:00-04:00,8.952536380271347,8.99613639511033,8.792669659195072,8.821736335754395,456800,0.0,0.0
1999-10-20 00:00:00-04:00,8.87987075978188,8.87987075978188,8.64733731926386,8.676403999328613,296200,0.0,0.0
1999-10-21 00:00:00-04:00,8.545603094149692,8.574669771340679,8.487469739767722,8.5310697555542,374600,0.0,0.0
1999-10-22 00:00:00-04:00,8.472933230192764,8.734533227008322,8.371199898097826,8.690933227539062,389000,0.0,0.0
1999-10-25 00:00:00-04:00,8.661865077689173,9.344931619050566,8.632798416354644,9.19959831237793,767600,0.0,0.0
1999-10-26 00:00:00-04:00,9.214131083914905,9.22866441370026,8.836264509495681,8.937997817993164,973200,0.0,0.0
1999-10-27 00:00:00-04:00,8.879868214426477,9.010668237224904,8.807201535094018,8.894401550292969,704800,0.0,0.0
1999-10-28 00:00:00-04:00,9.010668161075886,9.010668161075886,8.836268132151837,8.850801467895508,585600,0.0,0.0
1999-10-29 00:00:00-04:00,8.865332487529836,9.025199138944307,8.763599163902443,8.967065811157227,738200,0.0,0.0
1999-11-01 00:00:00-05:00,9.025203002209695,9.025203002209695,8.749069577021315,8.778136253356934,398200,0.0,0.0
1999-11-02 00:00:00-05:00,8.720001519895067,8.930734889959199,8.6618681764291,8.894401550292969,304800,0.0,0.0
1999-11-03 00:00:00-05:00,8.836268206827002,8.90893488615946,8.807201535094018,8.894401550292969,284400,0.0,0.0
1999-11-04 00:00:00-05:00,8.850799240604523,9.068799221900202,8.850799240604523,9.010665893554688,257800,0.0,0.0
1999-11-05 00:00:00-05:00,8.952536380271347,9.126936439627281,8.821736335754395,8.821736335754395,502000,0.0,0.0
1999-11-08 00:00:00-05:00,8.836266889728483,8.89440022452933,8.778133554927638,8.865333557128906,292600,0.0,0.0
1999-11-09 00:00:00-05:00,8.836268784720481,9.054268836975098,8.807202111086532,9.054268836975098,292600,0.0,0.0
1999-11-10 00:00:00-05:00,9.083332466731388,9.083332466731388,8.908932483370146,8.967065811157227,471800,0.0,0.0
1999-11-11 00:00:00-05:00,8.952535042870778,8.98160171508789,8.749068337350987,8.98160171508789,359800,0.0,0.0
1999-11-12 00:00:00-05:00,8.92346888381933,8.938002220763662,8.749068840487357,8.908935546875,310000,0.0,0.0
1999-11-15 00:00:00-05:00,8.879869221122402,9.126935958862305,8.879869221122402,9.126935958862305,278400,0.0,0.0
1999-11-16 00:00:00-05:00,9.112402690760497,9.286802742258304,9.068802677886044,9.170536041259766,357400,0.0,0.0
1999-11-17 00:00:00-05:00,9.14146819068688,9.214134869468174,8.99613483312429,9.039734840393066,257800,0.0,0.0
1999-11-18 00:00:00-05:00,9.0397309271444,9.185064221793025,9.010664268214676,9.141464233398438,355400,0.0,0.0
1999-11-19 00:00:00-05:00,9.126935958862305,9.17053597140464,8.95253590869296,9.126935958862305,515000,0.0,0.0
1999-11-22 00:00:00-05:00,9.126934265479063,9.134200932887884,9.01066758693793,9.068800926208496,504800,0.0,0.0
1999-11-23 00:00:00-05:00,9.097870826721191,9.24320422650907,9.03973746680604,9.097870826721191,747800,0.0,0.0
1999-11-24 00:00:00-05:00,9.11240416669998,9.17053752661513,9.068804146763615,9.097870826721191,395000,0.0,0.0
1999-11-26 00:00:00-05:00,9.039734915161132,9.185068273925781,9.039734915161132,9.083334922790527,203800,0.0,0.0
1999-11-29 00:00:00-05:00,9.025201797485352,9.025201797485352,8.879868435207005,9.025201797485352,509600,0.0,0.0
1999-11-30 00:00:00-05:00,9.068801511905585,9.11240151917436,8.967068161611772,9.039734840393066,746600,0.0,0.0
1999-12-01 00:00:00-05:00,8.996135125029683,9.068801806168857,8.996135125029683,9.025201797485352,724000,0.0,0.0
1999-12-02 00:00:00-05:00,9.359471795017734,9.548405231873682,9.185071699458398,9.475738525390625,1832000,0.0,0.0
1999-12-03 00:00:00-05:00,9.53386735774643,9.882667383029835,9.504800688972812,9.795467376708984,1124000,0.0,0.0
1999-12-06 00:00:00-05:00,9.795467376708984,9.882667383029835,9.766400707935366,9.795467376708984,664600,0.0,0.0
1999-12-07 00:00:00-05:00,9.882669996278885,9.882669996278885,9.562936555222803,9.62106990814209,935800,0.0,0.0
1999-12-08 00:00:00-05:00,9.591997521264213,9.91173077197302,9.591997521264213,9.766397476196289,964000,0.0,0.0
1999-12-09 00:00:00-05:00,9.795468984648238,9.99893569946289,9.751868974330813,9.99893569946289,1262600,0.0,0.0
1999-12-10 00:00:00-05:00,9.998936737908258,10.493070239490933,9.998936737908258,10.464003562927246,961600,0.0,0.0
1999-12-13 00:00:00-05:00,10.391204567594901,10.72877194761564,10.376527724985303,10.50861930847168,1028200,0.22,0.0
1999-12-14 00:00:00-05:00,10.508620183425924,10.948925498373937,10.508620183425924,10.846187591552734,835000,0.0,0.0
1999-12-15 00:00:00-05:00,10.816833157152743,10.934247899699855,10.772802628697576,10.86086368560791,505400,0.0,0.0
1999-12-16 00:00:00-05:00,10.83150805323577,10.91956909431899,10.611355450527727,10.655385971069336,678000,0.0,0.0
1999-12-17 00:00:00-05:00,10.67006546557353,10.846187591552734,10.626034934078728,10.846187591552734,693200,0.0,0.0
1999-12-20 00:00:00-05:00,10.91957082627695,10.91957082627695,10.317820283431042,10.435235023498535,961600,0.0,0.0
1999-12-21 00:00:00-05:00,10.435236646999735,10.640712474085525,10.435236646999735,10.552651405334473,629200,0.0,0.0
1999-12-22 00:00:00-05:00,10.523298465441862,10.684743769653661,10.508621619604424,10.537975311279297,373200,0.0,0.0
1999-12-23 00:00:00-05:00,10.56732525964001,10.772801028577453,10.56732525964001,10.611355781555176,549400,0.0,0.0
1999-12-27 00:00:00-05:00,10.596678940916787,10.699416825385509,10.56732525964001,10.611355781555176,483600,0.0,0.0
1999-12-28 00:00:00-05:00,10.523299171447755,11.051665657043458,10.523299171447755,11.007635116577148,309600,0.0,0.0
1999-12-29 00:00:00-05:00,11.036990907730594,11.506650095293598,11.036990907730594,11.374558448791504,459200,0.0,0.0
1999-12-30 00:00:00-05:00,11.183755874633789,11.330524324432133,11.183755874633789,11.183755874633789,389200,0.0,0.0
1999-12-31 00:00:00-05:00,11.198430061340332,11.198430061340332,11.110369012365178,11.198430061340332,287000,0.0,0.0
2000-01-03 00:00:00-05:00,11.25713907629452,11.345200138169053,10.890217985150631,10.904894828796387,502400,0.0,0.0
2000-01-04 00:00:00-05:00,10.904896928195296,11.051665392908557,10.611359998768775,10.640713691711426,412400,0.0,0.0
2000-01-05 00:00:00-05:00,10.77280309980395,11.21310840361065,10.758126256343726,11.16907787322998,598600,0.0,0.0
2000-01-06 00:00:00-05:00,11.169079022590251,11.917598116088415,11.1544021776197,11.873567581176758,506000,0.0,0.0
2000-01-07 00:00:00-05:00,11.873564306540413,11.888241147463207,11.68276537454409,11.844210624694824,830600,0.0,0.0
2000-01-10 00:00:00-05:00,11.785502848417863,11.785502848417863,11.403904997784158,11.477289199829102,511000,0.0,0.0
2000-01-11 00:00:00-05:00,11.53599854305213,11.638736443562774,11.330522742030846,11.345199584960938,451800,0.0,0.0
2000-01-12 00:00:00-05:00,11.359875843937235,11.770827424854861,11.359875843937235,11.712120056152344,450800,0.0,0.0
2000-01-13 00:00:00-05:00,11.712120114170553,11.712120114170553,11.580028533935547,11.580028533935547,265200,0.0,0.0
2000-01-14 00:00:00-05:00,11.550676976282572,11.550676976282572,11.374554836872926,11.38923168182373,279200,0.0,0.0
2000-01-18 00:00:00-05:00,11.4039016355769,11.4039016355769,11.081011241776784,11.11036491394043,475000,0.0,0.0
2000-01-19 00:00:00-05:00,11.066338778844948,11.081015620726706,10.47926510357466,10.743448257446289,901600,0.0,0.0
2000-01-20 00:00:00-05:00,10.80215853635315,10.84618907386546,10.347176315392625,10.537975311279297,883200,0.0,0.0
2000-01-21 00:00:00-05:00,10.39120683137951,10.464591060414676,10.185730990081046,10.259115219116211,973400,0.0,0.0
2000-01-24 00:00:00-05:00,10.27378803679458,10.39120275721509,10.215080676584325,10.244434356689453,767600,0.0,0.0
2000-01-25 00:00:00-05:00,10.27378912567185,10.27378912567185,9.451885995618102,9.642684936523438,976000,0.0,0.0
2000-01-26 00:00:00-05:00,9.760100173387556,9.9802528088775,9.730746488655562,9.950899124145508,856400,0.0,0.0
2000-01-27 00:00:00-05:00,9.628007228879163,10.200404000108259,9.628007228879163,10.053635597229004,1044400,0.0,0.0
2000-01-28 00:00:00-05:00,8.864812430081793,9.62800820220804,8.850135588310135,9.378501892089844,1261200,0.0,0.0
2000-01-31 00:00:00-05:00,9.393181397249705,9.393181397249705,8.996906557053235,9.3638277053833,1067200,0.0,0.0
2000-02-01 00:00:00-05:00,9.407856669388417,9.451887199822373,9.187704017218643,9.319795608520508,1595800,0.0,0.0
2000-02-02 00:00:00-05:00,9.319795812450865,9.36382634384827,9.27576528105346,9.33447265625,700600,0.0,0.0
2000-02-03 00:00:00-05:00,9.33447197887385,9.51059409168279,9.305118293405693,9.42253303527832,588000,0.0,0.0
2000-02-04 00:00:00-05:00,9.437209672377374,9.437209672377374,9.36382546030601,9.407855987548828,546200,0.0,0.0
2000-02-07 00:00:00-05:00,9.349150859450098,9.437211935049314,9.349150859450098,9.3638277053833,564200,0.0,0.0
2000-02-08 00:00:00-05:00,9.334471366774869,9.437209259176479,9.334471366774869,9.378501892089844,630800,0.0,0.0
2000-02-09 00:00:00-05:00,9.393180847167969,9.510595607757569,9.37850400209427,9.393180847167969,896600,0.0,0.0
2000-02-10 00:00:00-05:00,9.39318416589336,9.39318416589336,9.02626290941315,9.143677711486816,625000,0.0,0.0
2000-02-11 00:00:00-05:00,9.143671700401862,9.187702222233654,8.952872772464103,9.055610656738281,655000,0.0,0.0
2000-02-14 00:00:00-05:00,9.04093253843246,9.143670408187374,8.952871507213962,9.099639892578125,524400,0.0,0.0
2000-02-15 00:00:00-05:00,9.084968314895146,9.407858949673326,9.084968314895146,9.27576732635498,595000,0.0,0.0
2000-02-16 00:00:00-05:00,9.246416259497499,9.34915421793636,9.129001449853087,9.187708854675293,474800,0.0,0.0
2000-02-17 00:00:00-05:00,9.187701466014083,9.187701466014083,9.070286750793457,9.070286750793457,451000,0.0,0.0
2000-02-18 00:00:00-05:00,8.982231005951387,9.040938398147148,8.703370893021525,8.762078285217285,511200,0.0,0.0
2000-02-22 00:00:00-05:00,8.6886911482465,9.393179619725947,8.6886911482465,9.305118560791016,685600,0.0,0.0
2000-02-23 00:00:00-05:00,9.334476899634744,9.451891703403733,9.01158618927002,9.01158618927002,661000,0.0,0.0
2000-02-24 00:00:00-05:00,9.026254799268017,9.026254799268017,8.365797131028893,8.571272850036621,811400,0.0,0.0
2000-02-25 00:00:00-05:00,8.556595595927346,8.556595595927346,8.321766214220936,8.40982723236084,842000,0.0,0.0
2000-02-28 00:00:00-05:00,8.4832169119517,9.040937054951986,8.424509528477987,8.806107521057129,662200,0.0,0.0
2000-02-29 00:00:00-05:00,8.806102255116338,8.820779092208198,8.380473979452383,8.439181327819824,880200,0.0,0.0
2000-03-01 00:00:00-05:00,8.439185855624912,8.439185855624912,7.896142591871657,8.145648956298828,1506400,0.0,0.0
2000-03-02 00:00:00-05:00,8.145649099955758,8.20435648085634,7.910819576353429,8.086941719055176,1033600,0.0,0.0
2000-03-03 00:00:00-05:00,8.07226206980595,8.688689355136585,8.05758522967903,8.629981994628906,864800,0.0,0.0
2000-03-06 00:00:00-05:00,8.600629660818312,8.674013872941336,8.439184394147661,8.453861236572266,453600,0.0,0.0
2000-03-07 00:00:00-05:00,8.453863000956924,8.453863000956924,8.028234481811523,8.028234481811523,687400,0.0,0.0
2000-03-08 00:00:00-05:00,8.028232266716923,8.351122778358189,8.028232266716923,8.277738571166992,568800,0.0,0.0
2000-03-09 00:00:00-05:00,8.24838666537178,8.336447732973616,8.057587685567809,8.130971908569336,767000,0.0,0.0
2000-03-10 00:00:00-05:00,8.13097201086658,8.527246820060439,8.13097201086658,8.483216285705566,551400,0.0,0.0
2000-03-13 00:00:00-05:00,8.468952195369438,8.676961547536406,8.186653788857123,8.6323881149292,665000,0.22,0.0
2000-03-14 00:00:00-05:00,8.572953136565406,8.617526549753789,8.335228266227372,8.409517288208008,563200,0.0,0.0
2000-03-15 00:00:00-05:00,8.61752656210467,9.50899482714998,8.483806322347872,9.404990196228027,1243200,0.0,0.0
2000-03-16 00:00:00-05:00,9.50899649024906,9.93987289371347,9.434707455168988,9.880441665649414,1157000,0.0,0.0
2000-03-17 00:00:00-05:00,9.746717587744984,9.746717587744984,9.434703762527537,9.4644193649292,719800,0.0,0.0
2000-03-20 00:00:00-05:00,10.073591973894468,10.623330768930005,10.043876363352005,10.355890274047852,1491200,0.0,0.0
2000-03-21 00:00:00-05:00,10.355892858064244,10.385608476021387,10.222172577257101,10.281603813171387,1144800,0.0,0.0
2000-03-22 00:00:00-05:00,10.251888200908365,10.251888200908365,9.925016403198242,9.925016403198242,576200,0.0,0.0
2000-03-23 00:00:00-05:00,9.925018404805384,10.237032456453456,9.880444968855658,10.222174644470215,660200,0.0,0.0
2000-03-24 00:00:00-05:00,10.207318828682858,10.430186052016545,10.133029754238295,10.192461013793945,564200,0.0,0.0
2000-03-27 00:00:00-05:00,10.400468306602663,10.653051108334443,10.400468306602663,10.415326118469238,1319200,0.0,0.0
2000-03-28 00:00:00-05:00,10.459895133972168,10.77190905132077,10.44503732838414,10.459895133972168,853000,0.0,0.0
2000-03-29 00:00:00-05:00,10.459897398780056,10.682764530856335,10.459897398780056,10.504470825195312,564400,0.0,0.0
2000-03-30 00:00:00-05:00,10.56390070457981,10.965061490829676,10.489611670089094,10.846199035644531,1149400,0.0,0.0
2000-03-31 00:00:00-05:00,10.846201024212679,11.262219693634536,10.771911976101634,10.816485404968262,1019600,0.0,0.0
2000-04-03 00:00:00-04:00,10.994780311981838,11.485088082651298,10.994780311981838,11.410799026489258,895400,0.0,0.0
2000-04-04 00:00:00-04:00,11.410795371795938,11.737667114217176,11.039350209953623,11.158212661743164,1122600,0.0,0.0
2000-04-05 00:00:00-04:00,11.410795073726542,11.529657522411192,11.069065533758168,11.08392333984375,559800,0.0,0.0
2000-04-06 00:00:00-04:00,11.202791392008464,11.41080078125,11.024497629801433,11.143360137939453,1322200,0.0,0.0
2000-04-07 00:00:00-04:00,11.173071976432645,11.321650061225633,10.950204849243164,10.950204849243164,630400,0.0,0.0
2000-04-10 00:00:00-04:00,10.890771501278751,11.291932252349046,10.890771501278751,11.232501029968262,1463800,0.0,0.0
2000-04-11 00:00:00-04:00,11.173076669169214,11.618811110758411,11.173076669169214,11.470232963562012,1609400,0.0,0.0
2000-04-12 00:00:00-04:00,11.470225415771797,11.767381514625988,11.470225415771797,11.633661270141602,1572000,0.0,0.0
2000-04-13 00:00:00-04:00,11.618805758240613,11.737668221240519,11.440512063740758,11.485085487365723,1186800,0.0,0.0
2000-04-14 00:00:00-04:00,11.41080098054847,11.41080098054847,10.890777498362016,10.920493125915527,941000,0.0,0.0
2000-04-17 00:00:00-04:00,10.935350939692285,11.05421344990633,10.712483733040946,10.920493125915527,635000,0.0,0.0
2000-04-18 00:00:00-04:00,10.965063386898544,10.979921196365886,10.623333769149674,10.682765007019043,480800,0.0,0.0
2000-04-19 00:00:00-04:00,10.682766028234033,10.72733946089704,10.459898864918998,10.489614486694336,376800,0.0,0.0
2000-04-20 00:00:00-04:00,10.370751887920889,11.113642424304906,10.370751887920889,11.039353370666504,668000,0.0,0.0
2000-04-24 00:00:00-04:00,11.02449240347993,11.410795371795938,10.935345564637775,11.158212661743164,492600,0.0,0.0
2000-04-25 00:00:00-04:00,11.217653525046162,11.440520813623237,11.098790971138387,11.425662994384766,552200,0.0,0.0
2000-04-26 00:00:00-04:00,11.336510205913234,11.336510205913234,10.846202425054601,10.994780540466309,753200,0.0,0.0
2000-04-27 00:00:00-04:00,11.054211181394185,11.069068992121865,10.90563307411738,11.039353370666504,898600,0.0,0.0
2000-04-28 00:00:00-04:00,11.856532859118609,12.82229054814456,11.64852351071302,12.43598747253418,2935400,0.0,0.0
2000-05-01 00:00:00-04:00,12.435984972545079,12.599420856294177,12.346838126863751,12.480558395385742,1586000,0.0,0.0
2000-05-02 00:00:00-04:00,12.480560140022169,12.554849188474682,12.302266423736137,12.53999137878418,1412400,0.0,0.0
2000-05-03 00:00:00-04:00,12.525136614018384,12.525136614018384,12.1982647213631,12.317127227783203,427200,0.0,0.0
2000-05-04 00:00:00-04:00,12.3022672596092,12.733143769909521,12.198262584709122,12.406271934509277,916200,0.0,0.0
2000-05-05 00:00:00-04:00,12.391414123809266,12.510276609409356,12.18340477400911,12.406271934509277,622600,0.0,0.0
2000-05-08 00:00:00-04:00,12.13882521146123,12.406265668996484,12.094251801872021,12.227972030639648,886200,0.0,0.0
2000-05-09 00:00:00-04:00,12.227976204407994,12.510274561496393,12.198260587872372,12.272549629211426,816600,0.0,0.0
2000-05-10 00:00:00-04:00,12.064545019418915,12.213123160052154,12.064545019418915,12.109118461608887,563600,0.0,0.0
2000-05-11 00:00:00-04:00,12.213116634566829,12.673708624434921,12.213116634566829,12.599419593811035,1130200,0.0,0.0
2000-05-12 00:00:00-04:00,12.614281284309433,12.658854716409467,12.257693827509167,12.406271934509277,765000,0.0,0.0
2000-05-15 00:00:00-04:00,12.376560146487943,13.015446204469914,12.361702331186038,12.703432083129883,655200,0.0,0.0
2000-05-16 00:00:00-04:00,12.718285977699514,12.718285977699514,12.49541881687534,12.569707870483398,641200,0.0,0.0
2000-05-17 00:00:00-04:00,12.331984000085493,12.37655743623038,12.168548067554239,12.346841812133789,641000,0.0,0.0
2000-05-18 00:00:00-04:00,12.302265763716264,12.361696999289773,12.123972056995738,12.257692337036133,632200,0.0,0.0
2000-05-19 00:00:00-04:00,12.21312041316472,12.673712545534679,12.153689170278275,12.569707870483398,735600,0.0,0.0
2000-05-22 00:00:00-04:00,12.584564865323744,12.985725728799235,12.584564865323744,12.866863250732422,775600,0.0,0.0
2000-05-23 00:00:00-04:00,12.866864713628622,12.970869393761879,12.480561615990812,12.688570976257324,476200,0.0,0.0
2000-05-24 00:00:00-04:00,12.8371486346682,12.941153311106484,12.391414307075555,12.510276794433594,440800,0.0,0.0
2000-05-25 00:00:00-04:00,12.465702377971093,12.465702377971093,11.663380651617768,11.82681655883789,666600,0.0,0.0
2000-05-26 00:00:00-04:00,11.856530734470912,11.856530734470912,11.529658959836377,11.648521423339844,1010800,0.0,0.0
2000-05-30 00:00:00-04:00,11.648521658693916,11.648521658693916,11.485085768074486,11.559374809265137,644600,0.0,0.0
2000-05-31 00:00:00-04:00,10.935348322362076,11.173073285891686,10.78677022015607,10.831343650817871,1960400,0.0,0.0
2000-06-01 00:00:00-04:00,10.801628592763091,11.381083221535802,10.771912970774746,11.306794166564941,1354400,0.0,0.0
2000-06-02 00:00:00-04:00,11.381081381334146,11.395939189925967,11.262218912599586,11.277076721191406,384600,0.0,0.0
2000-06-05 00:00:00-04:00,11.217645401870541,11.217645401870541,10.87591580684667,10.950204849243164,1399800,0.0,0.0
2000-06-06 00:00:00-04:00,10.994776790532544,11.173070468216856,10.96506117758516,11.158212661743164,441200,0.0,0.0
2000-06-07 00:00:00-04:00,11.158216827990962,11.470230880438113,11.158216827990962,11.366226196289062,869000,0.0,0.0
2000-06-08 00:00:00-04:00,11.336511611938477,11.366227238706335,11.173075664715247,11.336511611938477,511200,0.0,0.0
2000-06-09 00:00:00-04:00,11.336511260649884,11.470231576961611,11.336511260649884,11.455373764038086,956200,0.0,0.0
2000-06-12 00:00:00-04:00,11.470231932393844,11.618810066233143,11.336511611938477,11.336511611938477,392600,0.0,0.0
2000-06-13 00:00:00-04:00,11.292116642628194,11.427082180189489,11.27712047178805,11.35210132598877,613200,0.22,0.0
2000-06-14 00:00:00-04:00,11.412090606194038,11.757002674449573,11.367102075552012,11.547056198120117,427400,0.0,0.0
2000-06-15 00:00:00-04:00,11.517056465148926,11.622029636055231,11.487064130604267,11.517056465148926,422400,0.0,0.0
2000-06-16 00:00:00-04:00,11.517057398745887,11.56204590420974,11.262122534450732,11.397088050842285,514200,0.0,0.0
2000-06-19 00:00:00-04:00,11.337111676325563,11.38210021472368,10.947211010208546,10.977203369140625,529400,0.0,0.0
2000-06-20 00:00:00-04:00,11.09717420380691,11.09717420380691,10.767258213964002,10.872231483459473,528400,0.0,0.0
2000-06-21 00:00:00-04:00,10.947210156187719,11.142160474037638,10.917217799595424,11.022191047668457,919200,0.0,0.0
2000-06-22 00:00:00-04:00,11.0671795825569,11.112168117445343,10.992198691076162,11.022191047668457,596600,0.0,0.0
2000-06-23 00:00:00-04:00,11.11217300290984,11.142165372688273,11.037192078463754,11.067184448242188,496000,0.0,0.0
2000-06-26 00:00:00-04:00,11.067183656077232,11.202149310419637,11.037191288445586,11.157160758972168,883200,0.0,0.0
2000-06-27 00:00:00-04:00,11.17215013995613,11.72700860328281,11.14215779058712,11.637031555175781,773800,0.0,0.0
2000-06-28 00:00:00-04:00,11.667021425706313,11.816983140689684,11.487067367726267,11.603287696838379,661400,0.0,0.0
2000-06-29 00:00:00-04:00,11.547054207843283,11.712012125098187,11.217138373333475,11.382096290588379,456800,0.0,0.0
2000-06-30 00:00:00-04:00,11.292117231179281,11.652025350101331,11.292117231179281,11.457075119018555,469400,0.0,0.0
2000-07-03 00:00:00-04:00,11.45707822057533,11.831982612609863,11.45707822057533,11.831982612609863,328600,0.0,0.0
2000-07-05 00:00:00-04:00,12.1169132851982,12.1169132851982,11.757004969796274,11.869476318359375,517800,0.0,0.0
2000-07-06 00:00:00-04:00,11.577047455119578,11.592043630579576,11.082173664939596,11.21713924407959,1244600,0.0,0.0
2000-07-07 00:00:00-04:00,11.457074524360054,11.652024745324297,11.412086011829846,11.592040061950684,869800,0.0,0.0
2000-07-10 00:00:00-04:00,11.562044966965914,11.682014305144548,11.457071796059608,11.517056465148926,483400,0.0,0.0
2000-07-11 00:00:00-04:00,11.457077270469522,11.951951026916504,11.442081096031734,11.951951026916504,547800,0.0,0.0
2000-07-12 00:00:00-04:00,11.951951552955968,11.96694772805378,11.682020401195356,11.771997451782227,526200,0.0,0.0
2000-07-13 00:00:00-04:00,11.786993108100843,12.02693189910544,11.697016061474118,11.951951026916504,557600,0.0,0.0
2000-07-14 00:00:00-04:00,11.921958124546139,11.951950472029274,11.652026997197925,11.727007865905762,496400,0.0,0.0
2000-07-17 00:00:00-04:00,11.667021884793549,11.667021884793549,11.3820946151135,11.472071647644043,786200,0.0,0.0
2000-07-18 00:00:00-04:00,11.472078758656435,11.742010023566,11.442086395888706,11.532063484191895,665600,0.0,0.0
2000-07-19 00:00:00-04:00,11.50206750915164,11.50206750915164,11.337109565734863,11.337109565734863,347600,0.0,0.0
2000-07-20 00:00:00-04:00,11.367100390955029,11.412088914929786,11.187146295056005,11.232134819030762,403200,0.0,0.0
2000-07-21 00:00:00-04:00,11.292119244812977,11.45707716206788,11.292119244812977,11.382096290588379,379200,0.0,0.0
2000-07-24 00:00:00-04:00,11.322113037109375,11.397093918149835,11.307116860901283,11.322113037109375,366200,0.0,0.0
2000-07-25 00:00:00-04:00,11.277125156596902,11.337109864876673,11.15715574003736,11.187148094177246,668000,0.0,0.0
2000-07-26 00:00:00-04:00,11.18714778750043,11.18714778750043,10.977201314276563,11.0521821975708,811200,0.0,0.0
2000-07-27 00:00:00-04:00,11.097165839967753,11.502062431426035,11.097165839967753,11.367096900939941,789000,0.0,0.0
2000-07-28 00:00:00-04:00,11.517059690923805,11.517059690923805,11.18714391852755,11.29211711883545,400800,0.0,0.0
2000-07-31 00:00:00-04:00,11.23213326772054,11.502064374287924,11.202140922546388,11.247129440307617,785400,0.0,0.0
2000-08-01 00:00:00-04:00,11.247137861867104,11.27713022949875,11.037191288445586,11.157160758972168,546800,0.0,0.0
2000-08-02 00:00:00-04:00,11.157153975143125,11.18714632453867,11.022188402863167,11.112165451049805,814800,0.0,0.0
2000-08-03 00:00:00-04:00,11.082172804670371,11.517061859251482,11.082172804670371,11.382096290588379,785200,0.0,0.0
2000-08-04 00:00:00-04:00,11.112170177715514,11.217143445251287,10.137418407740467,10.28738021850586,4763800,0.0,0.0
2000-08-07 00:00:00-04:00,10.287377462548724,10.647285711967339,10.017446275484764,10.617293357849121,1686400,0.0,0.0
2000-08-08 00:00:00-04:00,10.61729290268638,10.707269961183721,10.437338785691695,10.557308197021484,788000,0.0,0.0
2000-08-09 00:00:00-04:00,10.617291423861541,10.887222561756326,10.617291423861541,10.737260818481445,796200,0.0,0.0
2000-08-10 00:00:00-04:00,10.797247379384142,10.797247379384142,10.55730854873116,10.572304725646973,673000,0.0,0.0
2000-08-11 00:00:00-04:00,10.512322619764918,10.827242412939045,10.512322619764918,10.767257690429688,652800,0.0,0.0
2000-08-14 00:00:00-04:00,10.767257690429688,10.797250051684365,10.572307342274275,10.767257690429688,509600,0.0,0.0
2000-08-15 00:00:00-04:00,10.767253408999128,11.127161600943388,10.767253408999128,10.969701766967773,490400,0.0,0.0
2000-08-16 00:00:00-04:00,11.03717925285072,11.15714859255562,10.992190750461383,11.127156257629395,354200,0.0,0.0
2000-08-17 00:00:00-04:00,11.12716429574149,11.142160474037638,11.00719486937231,11.022191047668457,221200,0.0,0.0
2000-08-18 00:00:00-04:00,11.022189844253106,11.12716308086504,10.977201314276563,11.0521821975708,467600,0.0,0.0
2000-08-21 00:00:00-04:00,10.992199548606663,11.097172804868938,10.932214830742508,10.977203369140625,384000,0.0,0.0
2000-08-22 00:00:00-04:00,10.91721372520089,11.097167797594311,10.91721372520089,11.029685020446777,311600,0.0,0.0
2000-08-23 00:00:00-04:00,10.992196613475784,10.992196613475784,10.782250157011035,10.81224250793457,403800,0.0,0.0
2000-08-24 00:00:00-04:00,10.812241908255707,10.992196003816135,10.752257209735564,10.827238082885742,318200,0.0,0.0
2000-08-25 00:00:00-04:00,10.81224511438056,10.977203084225478,10.782252756226937,10.84223747253418,236600,0.0,0.0
2000-08-28 00:00:00-04:00,10.82724055169334,10.842236729742776,10.647286415100098,10.647286415100098,240600,0.0,0.0
2000-08-29 00:00:00-04:00,10.647285358909166,10.677277712032852,10.527315946414413,10.602296829223633,494000,0.0,0.0
2000-08-30 00:00:00-04:00,10.542315742938904,10.662285196628108,10.512323379516602,10.512323379516602,331200,0.0,0.0
2000-08-31 00:00:00-04:00,10.452330944503563,10.677273504284845,10.287373067330623,10.347357749938965,2614400,0.0,0.0
2000-09-01 00:00:00-04:00,10.362357990686284,10.45233504993971,10.302373284517333,10.31736946105957,564000,0.0,0.0
2000-09-05 00:00:00-04:00,10.287373304367065,10.797243118286133,10.197396278381348,10.677273750305176,948800,0.0,0.0
2000-09-06 00:00:00-04:00,10.677282876865839,11.337114964762042,10.677282876865839,11.157160758972168,1312600,0.0,0.0
2000-09-07 00:00:00-04:00,11.022193297024431,11.112170385163406,10.797250576676994,10.872231483459473,2000800,0.0,0.0
2000-09-08 00:00:00-04:00,10.872225589889416,10.872225589889416,10.392348046611538,10.422340393066406,898200,0.0,0.0
2000-09-11 00:00:00-04:00,10.422342195676242,10.52731542642406,10.317368964928423,10.37735366821289,749200,0.0,0.0
2000-09-12 00:00:00-04:00,10.39235034377076,10.39235034377076,10.212396225263905,10.31736946105957,968200,0.0,0.0
2000-09-13 00:00:00-04:00,10.454335799742466,10.590696701478237,10.439184588438492,10.522516250610352,824200,0.22,0.0
2000-09-14 00:00:00-04:00,10.605845500513452,10.711903955518585,10.242216511924418,10.287670135498047,1475800,0.0,0.0
2000-09-15 00:00:00-04:00,10.166465571973992,10.257372864718917,9.939197340111683,10.105860710144043,1111800,0.0,0.0
2000-09-18 00:00:00-04:00,10.045255666852546,10.045255666852546,9.681626502441594,9.893743515014648,675200,0.0,0.0
2000-09-19 00:00:00-04:00,9.878592500062746,9.878592500062746,9.65132426769934,9.727080345153809,441400,0.0,0.0
2000-09-20 00:00:00-04:00,9.787682080724437,9.787682080724437,9.393750603791256,9.514960289001465,580200,0.0,0.0
2000-09-21 00:00:00-04:00,9.514961217985185,9.575566066507383,9.166483338982543,9.363449096679688,1380200,0.0,0.0
2000-09-22 00:00:00-04:00,9.363451007139819,9.378602222361728,9.211938854920728,9.287694931030273,661800,0.0,0.0
2000-09-25 00:00:00-04:00,9.257390161722647,9.257390161722647,9.014970779418945,9.014970779418945,960000,0.0,0.0
2000-09-26 00:00:00-04:00,8.954365901457958,8.954365901457958,8.727097731370193,8.863458633422852,992200,0.0,0.0
2000-09-27 00:00:00-04:00,8.833154126645763,8.893758957703366,8.711944464530555,8.878607749938965,839800,0.0,0.0
2000-09-28 00:00:00-04:00,8.833157169212729,9.0452741509777,8.63619140043097,8.939215660095215,682800,0.0,0.0
2000-09-29 00:00:00-04:00,9.090725661534343,9.317993803072701,8.954364776611328,8.954364776611328,1505400,0.0,0.0
2000-10-02 00:00:00-04:00,9.045272432192407,9.060423642296582,8.77255065031726,8.999818801879883,847200,0.0,0.0
2000-10-03 00:00:00-04:00,8.984670626592091,9.605870450690364,8.954368196148273,9.287694931030273,1268600,0.0,0.0
2000-10-04 00:00:00-04:00,9.287692889806223,9.605868339538574,9.287692889806223,9.605868339538574,2637400,0.0,0.0
2000-10-05 00:00:00-04:00,9.60586640338261,9.696773656411468,9.30284222661975,9.530110359191895,1396800,0.0,0.0
2000-10-06 00:00:00-04:00,9.530112252785608,9.77253164236362,9.45435619354248,9.45435619354248,482400,0.0,0.0
2000-10-09 00:00:00-04:00,9.514961431281227,9.742229618334123,9.42405415646007,9.499810218811035,442800,0.0,0.0
2000-10-10 00:00:00-04:00,9.560413500570482,9.636169550495763,9.242238090884301,9.393750190734863,644000,0.0,0.0
2000-10-11 00:00:00-04:00,9.333145639170771,9.454355322796365,8.969516588293988,9.060423851013184,415000,0.0,0.0
2000-10-12 00:00:00-04:00,9.060422345128115,9.105875968933105,8.802851810233168,9.105875968933105,578200,0.0,0.0
2000-10-13 00:00:00-04:00,8.86345546007574,8.86345546007574,8.499826518123914,8.651338577270508,659600,0.0,0.0
2000-10-16 00:00:00-04:00,8.727098163805511,9.211936950683594,8.68164452753569,9.211936950683594,632000,0.0,0.0
2000-10-17 00:00:00-04:00,9.151332641860186,9.196786280809823,8.818005956229518,8.939215660095215,933400,0.0,0.0
2000-10-18 00:00:00-04:00,8.893761459530706,9.060424791821742,8.80285418737196,8.984668731689453,618600,0.0,0.0
2000-10-19 00:00:00-04:00,8.93921487951932,8.969517302839725,8.818005186237702,8.848307609558105,746600,0.0,0.0
2000-10-20 00:00:00-04:00,8.848309139277312,9.136182210589416,8.848309139277312,9.030123710632324,780000,0.0,0.0
2000-10-23 00:00:00-04:00,8.954369898431489,9.42405765960133,8.878613807920225,9.075579643249512,1055600,0.0,0.0
2000-10-24 00:00:00-04:00,9.090724920693297,9.48465633392334,9.030120087888674,9.48465633392334,673200,0.0,0.0
2000-10-25 00:00:00-04:00,9.393750333237922,9.393750333237922,9.105877339154825,9.227087020874023,789000,0.0,0.0
2000-10-26 00:00:00-04:00,9.242238497278493,9.57556513160657,9.242238497278493,9.514960289001465,583400,0.0,0.0
2000-10-27 00:00:00-04:00,9.530112466917595,9.605868527862885,9.121029737813025,9.590717315673828,628000,0.0,0.0
2000-10-30 00:00:00-05:00,9.57556376672381,10.408880233764648,9.560412558232159,10.408880233764648,780800,0.0,0.0
2000-10-31 00:00:00-05:00,10.333124374856755,10.469485253703837,10.060402617162588,10.393729209899902,843800,0.0,0.0
2000-11-01 00:00:00-05:00,10.424030936886911,10.439182144644015,10.060401950716438,10.136157989501953,454600,0.0,0.0
2000-11-02 00:00:00-05:00,10.181617930109562,10.257374015899067,10.045256975688451,10.16646671295166,648600,0.0,0.0
2000-11-03 00:00:00-05:00,10.166461078488098,10.393729209899902,10.075553825923375,10.393729209899902,419000,0.0,0.0
2000-11-06 00:00:00-05:00,10.333124769789388,10.514939281867793,10.333124769789388,10.439183235168457,547800,0.0,0.0
2000-11-07 00:00:00-05:00,10.424032236074472,10.605846751819957,10.408881026429016,10.499788284301758,374600,0.0,0.0
2000-11-08 00:00:00-05:00,10.530093382689726,10.742210371693547,10.257371539684812,10.514942169189453,456000,0.0,0.0
2000-11-09 00:00:00-05:00,10.424034877130163,10.469488517582766,10.16646424789875,10.36343002319336,726400,0.0,0.0
2000-11-10 00:00:00-05:00,10.302821343355923,10.36342617478743,10.136158056919284,10.287670135498047,449200,0.0,0.0
2000-11-13 00:00:00-05:00,10.181611680492912,10.424031006218934,10.181611680492912,10.287670135498047,545600,0.0,0.0
2000-11-14 00:00:00-05:00,10.287672137672251,10.696754829450086,10.257369716059078,10.666452407836914,803400,0.0,0.0
2000-11-15 00:00:00-05:00,10.666449986147077,11.030078962947545,10.666449986147077,10.787659645080566,1149400,0.0,0.0
2000-11-16 00:00:00-05:00,10.727055163376463,10.727055163376463,10.19676288835079,10.287670135498047,967200,0.0,0.0
2000-11-17 00:00:00-05:00,10.24222258179069,10.63615421955187,10.24222258179069,10.3331298828125,637800,0.0,0.0
2000-11-20 00:00:00-05:00,10.348273183757447,10.348273183757447,10.045249078815795,10.196761131286621,421800,0.0,0.0
2000-11-21 00:00:00-05:00,10.136160676744248,10.25737037093551,10.06040461787471,10.227067947387695,298200,0.0,0.0
2000-11-22 00:00:00-05:00,10.121004049954191,10.16645766095698,9.939189605943039,10.045248031616211,227400,0.0,0.0
2000-11-24 00:00:00-05:00,10.105861844320057,10.227071581583266,10.075559410004253,10.16646671295166,110800,0.0,0.0
2000-11-27 00:00:00-05:00,10.227063129197306,10.227063129197306,9.924039036480348,10.151307106018066,380600,0.0,0.0
2000-11-28 00:00:00-05:00,10.09070911464921,10.317977337952119,9.954348180667463,10.060406684875488,549400,0.0,0.0
2000-11-29 00:00:00-05:00,10.014949373652177,10.439183235168457,10.014949373652177,10.439183235168457,579000,0.0,0.0
2000-11-30 00:00:00-05:00,10.3634315413435,10.530094914084405,10.287675462824907,10.469490051269531,636800,0.0,0.0
2000-12-01 00:00:00-05:00,10.499788925009714,10.757359504699707,10.484637714439714,10.757359504699707,881000,0.0,0.0
2000-12-04 00:00:00-05:00,10.696748555465332,11.060377401543473,10.666446151625486,10.711899757385254,1756400,0.0,0.0
2000-12-05 00:00:00-05:00,10.802814877810327,11.075536712032747,10.802814877810327,10.92402458190918,1071000,0.0,0.0
2000-12-06 00:00:00-05:00,10.848266069401694,10.999778165343058,10.787661231025147,10.969475746154785,982000,0.0,0.0
2000-12-07 00:00:00-05:00,10.908873368896824,10.954327007933893,10.802814877810327,10.92402458190918,765600,0.0,0.0
2000-12-08 00:00:00-05:00,10.893720112211717,11.151290685101285,10.878568902041744,11.090685844421387,516600,0.0,0.0
2000-12-11 00:00:00-05:00,11.151292224021308,11.151292224021308,11.03008252593412,11.120989799499512,925800,0.0,0.0
2000-12-12 00:00:00-05:00,11.211898803710938,11.575527954101563,11.181596374511718,11.287654876708984,815600,0.0,0.0
2000-12-13 00:00:00-05:00,11.227080345153809,11.318854843888035,11.104714346841506,11.227080345153809,764000,0.22,0.0
2000-12-14 00:00:00-05:00,11.135306736208358,11.380038752388762,11.104715234185807,11.349447250366211,668800,0.0,0.0
2000-12-15 00:00:00-05:00,11.594182375763634,11.594182375763634,11.288267273500741,11.425929069519043,1255400,0.0,0.0
2000-12-18 00:00:00-05:00,11.349445075632255,11.62476854107886,11.349445075632255,11.456515312194824,703200,0.0,0.0
2000-12-19 00:00:00-05:00,11.563591408917285,11.823619258059605,11.380042338934471,11.655365943908691,1131400,0.0,0.0
2000-12-20 00:00:00-05:00,11.502403841356491,11.502403841356491,11.07412284726343,11.227080345153809,1669200,0.0,0.0
2000-12-21 00:00:00-05:00,11.227082056231739,11.64006736347732,11.227082056231739,11.5941801071167,676600,0.0,0.0
2000-12-22 00:00:00-05:00,11.594179244035322,12.05305177348263,11.456517485201129,11.915390014648438,893000,0.0,0.0
2000-12-26 00:00:00-05:00,11.915394455421971,12.144830805654744,11.71654961855357,12.022464752197266,799000,0.0,0.0
2000-12-27 00:00:00-05:00,12.221304330438706,12.45074058194882,11.900093578324547,12.435444831848145,752600,0.0,0.0
2000-12-28 00:00:00-05:00,12.328379979320601,12.756661169669208,12.098943627348133,12.481337547302246,1198200,0.0,0.0
2000-12-29 00:00:00-05:00,12.420147059513972,12.420147059513972,11.930683135986328,11.930683135986328,1027400,0.0,0.0
2001-01-02 00:00:00-05:00,11.991865218313118,12.160118429284347,11.609471557014867,11.624767303466797,1124000,0.0,0.0
2001-01-03 00:00:00-05:00,11.624777353354517,12.083650143618511,11.578890074328118,12.053058624267578,1836200,0.0,0.0
2001-01-04 00:00:00-05:00,12.022462387474215,12.267194446252317,11.976575126453321,11.991870880126953,2856600,0.0,0.0
2001-01-05 00:00:00-05:00,11.991870210525837,11.991870210525837,11.25767407518752,11.502406120300293,1329400,0.0,0.0
2001-01-08 00:00:00-05:00,11.517697776754437,11.838908471723684,11.364740302959557,11.670655250549316,1068400,0.0,0.0
2001-01-09 00:00:00-05:00,11.563593655097774,11.563593655097774,11.135312408612672,11.288269996643066,804600,0.0,0.0
2001-01-10 00:00:00-05:00,11.227076999561207,11.425921687564335,10.89057060447899,11.318851470947266,892200,0.0,0.0
2001-01-11 00:00:00-05:00,11.318855893248667,11.318855893248667,10.859983357035883,11.043532371520996,611000,0.0,0.0
2001-01-12 00:00:00-05:00,11.10471679624273,11.10471679624273,10.829393239311093,11.074125289916992,836800,0.0,0.0
2001-01-16 00:00:00-05:00,10.951760306287166,11.380041435583314,10.783507005492252,11.272971153259277,643600,0.0,0.0
2001-01-17 00:00:00-05:00,11.272965205823137,11.42592267130242,10.997641767960427,11.196486473083496,556400,0.0,0.0
2001-01-18 00:00:00-05:00,11.196490087076263,11.257673093016571,10.96705381480011,11.120011329650879,352000,0.0,0.0
2001-01-19 00:00:00-05:00,10.982347762031393,10.997643511003583,10.768207276420753,10.875277519226074,689800,0.0,0.0
2001-01-22 00:00:00-05:00,10.844684588792113,11.012937805261384,10.66113562537109,10.905867576599121,582400,0.0,0.0
2001-01-23 00:00:00-05:00,10.905868764017143,11.104713496039896,10.890573015400008,10.921164512634277,250800,0.0,0.0
2001-01-24 00:00:00-05:00,11.012943397134038,11.165900944316453,10.829394340515137,10.829394340515137,702800,0.0,0.0
2001-01-25 00:00:00-05:00,10.7682070450044,11.058826269230373,10.707024050430512,10.859981536865234,1017400,0.0,0.0
2001-01-26 00:00:00-05:00,10.584661254661992,10.79880180027654,10.35522495578926,10.569365501403809,1082200,0.0,0.0
2001-01-29 00:00:00-05:00,10.569977000773905,11.154887389867728,10.523478246933921,10.951759338378906,829600,0.0,0.0
2001-01-30 00:00:00-05:00,11.074123254386327,11.490167850659084,11.052097336537225,11.380038261413574,945200,0.0,0.0
2001-01-31 00:00:00-05:00,11.380035424989625,11.649240190644088,11.380035424989625,11.431428909301758,650600,0.0,0.0
2001-02-01 00:00:00-05:00,11.453459801277347,11.649245255382004,11.433881722656224,11.495064735412598,1111200,0.0,0.0
2001-02-02 00:00:00-05:00,11.551348066557045,11.815658083431689,11.551348066557045,11.585610389709473,754200,0.0,0.0
2001-02-05 00:00:00-05:00,11.783850880395123,11.991872790056393,11.747140692300139,11.837691307067871,2000400,0.0,0.0
2001-02-06 00:00:00-05:00,11.776504801364773,11.835240898237938,11.639455464625032,11.820556640625,980000,0.0,0.0
2001-02-07 00:00:00-05:00,11.99187028552738,12.060394959842363,11.942923689482964,12.016343116760254,2407000,0.0,0.0
2001-02-08 00:00:00-05:00,11.979633967999735,12.077526227311438,11.893977190825984,11.99676513671875,1637400,0.0,0.0
2001-02-09 00:00:00-05:00,12.114238093392292,12.141158771861328,11.881742428116477,11.994318962097168,721800,0.0,0.0
2001-02-12 00:00:00-05:00,11.947817322502159,12.109340420803104,11.815661805643591,12.055499076843262,681600,0.0,0.0
2001-02-13 00:00:00-05:00,12.055504297845827,12.591468259361532,12.040820967554867,12.358972549438477,1723800,0.0,0.0
2001-02-14 00:00:00-05:00,12.18765225810506,12.361411737576821,12.150943021731559,12.153389930725098,871200,0.0,0.0
2001-02-15 00:00:00-05:00,12.092208810261004,12.689354590103797,12.092208810261004,12.542515754699707,710200,0.0,0.0
2001-02-16 00:00:00-05:00,12.469091941126234,12.471538849636294,12.05304747604949,12.158282279968262,776400,0.0,0.0
2001-02-20 00:00:00-05:00,12.182760232305034,12.354072841112663,12.067736812305352,12.131366729736328,702800,0.0,0.0
2001-02-21 00:00:00-05:00,12.119128942650537,12.131365356127304,11.791188020149232,11.95271110534668,634800,0.0,0.0
2001-02-22 00:00:00-05:00,11.903769180524288,12.15829078828167,11.83769140157311,11.8695068359375,653600,0.0,0.0
2001-02-23 00:00:00-05:00,11.862163187719748,11.991870880126953,11.69819222287749,11.991870880126953,844800,0.0,0.0
2001-02-26 00:00:00-05:00,12.089760653098626,12.765220533252885,12.089760653098626,12.733405113220215,1858400,0.0,0.0
2001-02-27 00:00:00-05:00,12.664881762062631,12.897377362767896,12.493569165038828,12.542515754699707,1283800,0.0,0.0
2001-02-28 00:00:00-05:00,12.530277234568588,12.79703512312578,12.530277234568588,12.591460227966309,679200,0.0,0.0
2001-03-01 00:00:00-05:00,12.505811453821993,12.615941098899123,12.236606484592551,12.358972549438477,1330400,0.0,0.0
2001-03-02 00:00:00-05:00,12.29778169024316,12.733404305102708,12.29778169024316,12.530277252197266,1029400,0.0,0.0
2001-03-05 00:00:00-05:00,12.530274745982515,12.875346722869198,12.530274745982515,12.738296508789062,1095000,0.0,0.0
2001-03-06 00:00:00-05:00,12.701595262468816,12.83130296548063,12.679569338034847,12.762778282165527,551800,0.0,0.0
2001-03-07 00:00:00-05:00,12.726061884938794,13.14210640250823,12.701589062437554,13.115185737609863,623600,0.0,0.0
2001-03-08 00:00:00-05:00,13.05401277898817,13.112748905135934,12.8557794035159,13.10051155090332,723000,0.0,0.0
2001-03-09 00:00:00-05:00,13.068686952232051,13.213078845033845,12.963452135431847,13.186158180236816,775400,0.0,0.0
2001-03-12 00:00:00-05:00,13.06868711787228,13.08092352923193,12.623275022616927,12.62572193145752,707400,0.0,0.0
2001-03-13 00:00:00-05:00,12.638070163865835,12.670159277063801,12.351738928646803,12.593639373779297,683800,0.22,0.0
2001-03-14 00:00:00-05:00,12.588698461555353,12.588698461555353,12.294962503098406,12.349266052246094,862000,0.0,0.0
2001-03-15 00:00:00-05:00,12.292490350775672,12.29495924967093,11.946918892553615,12.043185234069824,989200,0.0,0.0
2001-03-16 00:00:00-05:00,11.897555906075512,12.114772954614594,11.897555906075512,11.966670036315918,701600,0.0,0.0
2001-03-19 00:00:00-05:00,12.033311634964434,12.433187573337335,12.033311634964434,12.314705848693848,619400,0.0,0.0
2001-03-20 00:00:00-05:00,12.30730610150876,12.786170053436932,12.122178153992946,12.334458351135254,920200,0.0,0.0
2001-03-21 00:00:00-05:00,12.31717673729267,12.319644695000784,11.907427020274126,12.045655250549316,768600,0.0,0.0
2001-03-22 00:00:00-05:00,12.020973375436673,12.020973375436673,11.477931277224615,11.692679405212402,992600,0.0,0.0
2001-03-23 00:00:00-05:00,11.70008863621618,11.845722683862581,11.455719289904232,11.717367172241211,929200,0.0,0.0
2001-03-26 00:00:00-05:00,11.870400335210757,12.255466685089868,11.714892644081424,12.169073104858398,782400,0.0,0.0
2001-03-27 00:00:00-05:00,12.218444536043659,12.366546517412536,12.030848630202453,12.334458351135254,615600,0.0,0.0
2001-03-28 00:00:00-05:00,12.230783100008491,12.341860028587618,11.976541084734528,12.285087585449219,621200,0.0,0.0
2001-03-29 00:00:00-05:00,12.260402984749188,12.36901195283421,12.04565488943161,12.099959373474121,516200,0.0,0.0
2001-03-30 00:00:00-05:00,12.099964398840296,12.253003259164021,11.979013709132964,12.149332046508789,772800,0.0,0.0
2001-04-02 00:00:00-04:00,12.267813086217709,12.692372570357469,12.196230048553566,12.364079475402832,689200,0.0,0.0
2001-04-03 00:00:00-04:00,12.364075430550514,12.364075430550514,11.87286898645921,11.909894943237305,662600,0.0,0.0
2001-04-04 00:00:00-04:00,11.971608034814837,12.341863953417358,11.934582066310787,12.211040496826172,693200,0.0,0.0
2001-04-05 00:00:00-04:00,12.34186115137694,12.46527976289071,12.255468499961014,12.438127517700195,875000,0.0,0.0
2001-04-06 00:00:00-04:00,12.438131231713703,12.438131231713703,11.98395056806077,12.149332046508789,588600,0.0,0.0
2001-04-09 00:00:00-04:00,12.169073730074427,12.71211575653971,12.169073730074427,12.539329528808594,682400,0.0,0.0
2001-04-10 00:00:00-04:00,12.514647743040932,13.205791798372196,12.514647743040932,13.195918083190918,1641000,0.0,0.0
2001-04-11 00:00:00-04:00,13.08237406080577,13.329211307236069,12.818258282454101,13.119400024414062,1703400,0.0,0.0
2001-04-12 00:00:00-04:00,12.995983317976162,13.220605207692834,12.85281724195853,13.089780807495117,527000,0.0,0.0
2001-04-16 00:00:00-04:00,13.070032580860275,13.501997768526795,13.025601800514396,13.228008270263672,668800,0.0,0.0
2001-04-17 00:00:00-04:00,13.12927263578898,13.279843504901239,12.919461355569535,13.267501831054688,684600,0.0,0.0
2001-04-18 00:00:00-04:00,13.267500145154584,13.711806938437913,13.065093706640965,13.541489601135254,827000,0.0,0.0
2001-04-19 00:00:00-04:00,13.398327240073758,13.452631742919849,13.329213103076547,13.358833312988281,621400,0.0,0.0
2001-04-20 00:00:00-04:00,13.267502156820354,13.57358076042071,13.161362064237041,13.257628440856934,623400,0.0,0.0
2001-04-23 00:00:00-04:00,13.257626321062565,13.427944598566121,13.11939808611386,13.149018287658691,377400,0.0,0.0
2001-04-24 00:00:00-04:00,13.149022606558553,13.44522754412541,13.149022606558553,13.247756958007812,402600,0.0,0.0
2001-04-25 00:00:00-04:00,13.18604103523037,13.292181092578884,12.912052570270436,13.203320503234863,437000,0.0,0.0
2001-04-26 00:00:00-04:00,13.205788341509983,13.620474854478648,13.107053098761611,13.561233520507812,484200,0.0,0.0
2001-04-27 00:00:00-04:00,13.341552908979187,13.637757791413202,13.274906739810831,13.329211235046387,740400,0.0,0.0
2001-04-30 00:00:00-04:00,13.230480328934666,13.368709570808253,13.12187224421164,13.141619682312012,651400,0.0,0.0
2001-05-01 00:00:00-04:00,13.082368580464685,13.131736197392007,12.963886864804497,13.01819133758545,1310400,0.0,0.0
2001-05-02 00:00:00-04:00,13.008323268336486,13.235413086451524,12.884904643288909,13.228008270263672,828400,0.0,0.0
2001-05-03 00:00:00-04:00,13.205787484256401,13.205787484256401,12.867620853450262,12.993507385253906,598800,0.0,0.0
2001-05-04 00:00:00-04:00,12.835531243212474,13.089773195368931,12.810847905926803,13.074963569641113,836800,0.0,0.0
2001-05-07 00:00:00-04:00,12.89724469392805,13.176171015074122,12.8774972644338,12.976232528686523,1123200,0.0,0.0
2001-05-08 00:00:00-04:00,12.83553087044564,13.008317051254195,12.820720303538987,12.904644966125488,893800,0.0,0.0
2001-05-09 00:00:00-04:00,12.907115977131598,12.981166940566208,12.800975917618658,12.847874641418457,630400,0.0,0.0
2001-05-10 00:00:00-04:00,12.879962829571921,13.188509273473876,12.879962829571921,13.01325511932373,599600,0.0,0.0
2001-05-11 00:00:00-04:00,12.98363823229242,13.020664194322853,12.660282055878543,12.734333038330078,838600,0.0,0.0
2001-05-14 00:00:00-04:00,12.721990996495421,12.796041976802833,12.638066301051206,12.788637161254883,763200,0.0,0.0
2001-05-15 00:00:00-04:00,12.78616436308104,12.951545745564058,12.694834879935831,12.90711498260498,360000,0.0,0.0
2001-05-16 00:00:00-04:00,12.884902280178784,13.687123195859531,12.820724079623165,13.62541389465332,1131600,0.0,0.0
2001-05-17 00:00:00-04:00,13.62541658065255,13.736493533042342,13.548896693093049,13.637758255004883,1410600,0.0,0.0
2001-05-18 00:00:00-04:00,13.62541422837437,13.640223858396691,13.50693248014963,13.600729942321777,1204000,0.0,0.0
2001-05-21 00:00:00-04:00,13.566180919667032,13.576054639936972,13.34896472338709,13.531623840332031,511200,0.0,0.0
2001-05-22 00:00:00-04:00,13.477313607871357,13.477313607871357,13.24528692953491,13.26009750366211,568600,0.0,0.0
2001-05-23 00:00:00-04:00,13.255155418349782,13.255155418349782,12.971292313316374,13.01325511932373,527000,0.0,0.0
2001-05-24 00:00:00-04:00,12.961425547265941,12.963894447441312,12.564018305497806,12.64053726196289,876600,0.0,0.0
2001-05-25 00:00:00-04:00,12.63806529788228,12.8157874481912,12.591165625509866,12.682496070861816,551600,0.0,0.0
2001-05-29 00:00:00-04:00,12.680029217582435,12.79604302592838,12.65040901135282,12.699776649475098,467400,0.0,0.0
2001-05-30 00:00:00-04:00,12.687436059423172,12.729397943366438,12.440598789330187,12.445534706115723,731600,0.0,0.0
2001-05-31 00:00:00-04:00,12.46528116069446,12.684966163166028,12.457876344488257,12.475154876708984,1266200,0.0,0.0
2001-06-01 00:00:00-04:00,12.48996607473503,12.48996607473503,12.070343449221367,12.364079475402832,1282600,0.0,0.0
2001-06-04 00:00:00-04:00,12.364069550850704,12.536855697631836,12.334449364479546,12.536855697631836,718400,0.0,0.0
2001-06-05 00:00:00-04:00,12.514647204314507,12.638065813939681,12.255468312423496,12.630660057067871,907400,0.0,0.0
2001-06-06 00:00:00-04:00,12.63313606122977,12.675097960128564,12.529463881204274,12.561553001403809,610600,0.0,0.0
2001-06-07 00:00:00-04:00,12.499843661886903,12.68497168043762,12.497375702614535,12.561553001403809,456600,0.0,0.0
2001-06-08 00:00:00-04:00,12.58869803099434,12.647939377212975,12.54426725673268,12.628191947937012,584400,0.0,0.0
2001-06-11 00:00:00-04:00,12.625723406520795,12.625723406520795,12.393695831298828,12.393695831298828,690000,0.0,0.0
2001-06-12 00:00:00-04:00,12.415912021285271,12.433190551417214,12.285088595540758,12.391228675842285,377400,0.0,0.0
2001-06-13 00:00:00-04:00,12.401187894214234,12.700011893459157,12.401187894214234,12.535658836364746,526600,0.22,0.0
2001-06-14 00:00:00-04:00,12.513244931749918,12.51573471177482,11.92306827259251,12.032636642456055,1034400,0.0,0.0
2001-06-15 00:00:00-04:00,12.127267095493565,12.450992716125763,12.022678262711722,12.102364540100098,1160000,0.0,0.0
2001-06-18 00:00:00-04:00,12.164617534131589,12.201970886206302,11.975362893459879,12.074971199035645,661400,0.0,0.0
2001-06-19 00:00:00-04:00,12.164625695187613,12.246802744909191,12.062527540947249,12.16960620880127,467000,0.0,0.0
2001-06-20 00:00:00-04:00,12.284148692550804,12.44850174265686,12.24430460773938,12.261736869812012,575600,0.0,0.0
2001-06-21 00:00:00-04:00,12.311537206178523,12.311537206178523,11.990302421714915,12.065008163452148,488200,0.0,0.0
2001-06-22 00:00:00-04:00,12.002752071221842,12.005241850736194,11.761202611126519,11.786105155944824,638600,0.0,0.0
2001-06-25 00:00:00-04:00,11.753740752263765,11.895682034754033,11.661603645193997,11.703936576843262,468800,0.0,0.0
2001-06-26 00:00:00-04:00,11.616775828508608,11.778638153328727,11.472343866427126,11.736305236816406,839800,0.0,0.0
2001-06-27 00:00:00-04:00,11.728833995716652,11.878246468552872,11.679030788039876,11.736305236816406,315000,0.0,0.0
2001-06-28 00:00:00-04:00,11.736308555198132,11.938014073152061,11.721367018709277,11.803544044494629,585400,0.0,0.0
2001-06-29 00:00:00-04:00,11.703930403520959,11.947969689431945,11.666577054173965,11.86081314086914,430400,0.0,0.0
2001-07-02 00:00:00-04:00,11.890697430063067,11.890697430063067,11.30550118258906,11.68401050567627,1734200,0.0,0.0
2001-07-03 00:00:00-04:00,11.566972520556554,11.579423323390332,11.392658431077583,11.547050476074219,419600,0.0,0.0
2001-07-05 00:00:00-04:00,11.484794981710468,11.649148041359997,11.439971333630112,11.63171672821045,507800,0.0,0.0
2001-07-06 00:00:00-04:00,11.604322412750108,11.604322412750108,11.290557879673672,11.425028800964355,539200,0.0,0.0
2001-07-09 00:00:00-04:00,11.425032184267932,11.564482706959646,11.402620357415987,11.474836349487305,404600,0.0,0.0
2001-07-10 00:00:00-04:00,11.41258625372811,11.502232649480302,11.205899212287816,11.250722885131836,688200,0.0,0.0
2001-07-11 00:00:00-04:00,11.295545090998235,11.432505873596071,11.118741154373108,11.20091724395752,518200,0.0,0.0
2001-07-12 00:00:00-04:00,11.20091574823343,11.444955152804546,11.146131062535726,11.40262222290039,482600,0.0,0.0
2001-07-13 00:00:00-04:00,11.405109795115308,11.405109795115308,11.195933067434792,11.283090591430664,492400,0.0,0.0
2001-07-16 00:00:00-04:00,11.255699768317855,11.350327597126482,11.106287257051257,11.15360164642334,450400,0.0,0.0
2001-07-17 00:00:00-04:00,11.131185384443954,11.285577396327058,11.108773564175829,11.228302955627441,486000,0.0,0.0
2001-07-18 00:00:00-04:00,10.904580019284339,11.280599594116211,10.85726563739678,11.280599594116211,1185000,0.0,0.0
2001-07-19 00:00:00-04:00,11.417562301216673,11.54207225411952,11.3627785678956,11.514680862426758,878000,0.0,0.0
2001-07-20 00:00:00-04:00,11.479810076223698,11.497241382700352,11.40012383234901,11.464869499206543,847800,0.0,0.0
2001-07-23 00:00:00-04:00,11.45741230612347,11.45741230612347,11.081392441257197,11.146137237548828,885600,0.0,0.0
2001-07-24 00:00:00-04:00,11.143641495028067,11.180994863253803,10.670503263868271,10.775092124938965,681000,0.0,0.0
2001-07-25 00:00:00-04:00,10.760151327023223,11.123720209668408,10.760151327023223,11.034073829650879,455800,0.0,0.0
2001-07-26 00:00:00-04:00,11.031579640069442,11.200913221356336,10.931972265741221,11.180992126464844,560200,0.0,0.0
2001-07-27 00:00:00-04:00,10.931975399139741,11.106288591660828,10.76264176931727,10.842328071594238,1002000,0.0,0.0
2001-07-30 00:00:00-04:00,10.697890971877706,10.822400878766233,10.496185530676824,10.695401191711426,598400,0.0,0.0
2001-07-31 00:00:00-04:00,10.690424277405636,10.959365272782833,10.690424277405636,10.926993370056152,586400,0.0,0.0
2001-08-01 00:00:00-04:00,10.926991674809418,11.036560070751646,10.76014787537551,10.90208911895752,514800,0.0,0.0
2001-08-02 00:00:00-04:00,10.944419073604136,11.009163795786087,10.897104709379793,10.981771469116211,201200,0.0,0.0
2001-08-03 00:00:00-04:00,10.969325691264801,11.230796379264415,10.864737796039144,11.029090881347656,540800,0.0,0.0
2001-08-06 00:00:00-04:00,10.90707015991211,11.05648265247472,10.897109137087517,10.90707015991211,271000,0.0,0.0
2001-08-07 00:00:00-04:00,10.907072853370563,10.909563584659498,10.633151307598398,10.797504425048828,345400,0.0,0.0
2001-08-08 00:00:00-04:00,10.799992463603434,10.81991451095746,10.531051473872589,10.538521766662598,447600,0.0,0.0
2001-08-09 00:00:00-04:00,10.545990902544977,10.555951925129255,10.33432439727377,10.473775863647461,741800,0.0,0.0
2001-08-10 00:00:00-04:00,10.511127834502798,10.623186959057964,10.321873162981573,10.613225936889648,946800,0.0,0.0
2001-08-13 00:00:00-04:00,10.648092762244607,10.665525032879007,10.446387208464111,10.508642196655273,574800,0.0,0.0
2001-08-14 00:00:00-04:00,10.496188635999252,10.526070756511338,10.423972640654185,10.518600463867188,707400,0.0,0.0
2001-08-15 00:00:00-04:00,10.496187853118604,10.498677633835788,10.414010840420362,10.421481132507324,645200,0.0,0.0
2001-08-16 00:00:00-04:00,10.409029913774349,10.418990936116506,10.254637867212425,10.336813926696777,696600,0.0,0.0
2001-08-17 00:00:00-04:00,10.33432356589738,10.436421664334134,10.24467626972163,10.349265098571777,774400,0.0,0.0
2001-08-20 00:00:00-04:00,10.351755894615655,10.351755894615655,10.194873110917005,10.28701114654541,351000,0.0,0.0
2001-08-21 00:00:00-04:00,10.242190904977878,10.461327779067341,10.234719660451926,10.31938648223877,695000,0.0,0.0
2001-08-22 00:00:00-04:00,10.309421003536665,10.309421003536665,10.172459341584627,10.21479320526123,1017000,0.0,0.0
2001-08-23 00:00:00-04:00,10.189890915804806,10.269578134783552,10.150047781283064,10.217283248901367,531800,0.0,0.0
2001-08-24 00:00:00-04:00,10.217284197188416,10.409029596725361,10.199852883588271,10.306931495666504,802200,0.0,0.0
2001-08-27 00:00:00-04:00,10.359227434384882,10.384129994284564,10.160011704865083,10.199854850769043,1057400,0.0,0.0
2001-08-28 00:00:00-04:00,10.17495715667614,10.17495715667614,9.823839001413472,9.948348999023438,2094800,0.0,0.0
2001-08-29 00:00:00-04:00,9.950831398343224,10.060400722907957,9.661968456196986,9.771537780761719,926200,0.0,0.0
2001-08-30 00:00:00-04:00,9.771539223974298,9.793951048224011,9.390538211729176,9.480185508728027,1053800,0.0,0.0
2001-08-31 00:00:00-04:00,9.482675295272704,9.674419722624442,9.437851651234958,9.659479141235352,1039800,0.0,0.0
2001-09-04 00:00:00-04:00,9.609677178810452,9.86367756965239,9.515049358708055,9.779010772705078,970600,0.0,0.0
2001-09-05 00:00:00-04:00,9.886086727419586,9.92343912926237,9.716753179247084,9.88857650756836,1708200,0.0,0.0
2001-09-06 00:00:00-04:00,9.798933250562081,9.886090790553617,9.75660032108793,9.774031639099121,1732000,0.0,0.0
2001-09-07 00:00:00-04:00,9.749128214739894,9.749128214739894,9.460265205781289,9.487656593322754,1302600,0.0,0.0
2001-09-10 00:00:00-04:00,9.50011052732381,9.549913752420391,9.285953239640254,9.328286170959473,1097600,0.0,0.0
2001-09-17 00:00:00-04:00,9.104023343125043,9.106542716220515,8.499271910266115,8.567306518554688,1190600,0.22,0.0
2001-09-18 00:00:00-04:00,8.56478327375274,8.723529660105605,8.428714118685598,8.49422836303711,832600,0.0,0.0
2001-09-19 00:00:00-04:00,8.592499605140683,8.663054510888227,8.075941880120565,8.343040466308594,1444800,0.0,0.0
2001-09-20 00:00:00-04:00,8.348083447577185,8.365721940630538,7.788688492954347,7.84916353225708,899200,0.0,0.0
2001-09-21 00:00:00-04:00,7.445995802984779,7.662698378300279,7.314966797099305,7.622381687164307,2358600,0.0,0.0
2001-09-24 00:00:00-04:00,7.8365655823707225,8.146500852719683,7.8365655823707225,8.138940811157227,4647400,0.0,0.0
2001-09-25 00:00:00-04:00,8.290126724775408,8.453912838653585,8.002869740574964,8.413596153259277,1750000,0.0,0.0
2001-09-26 00:00:00-04:00,8.363201311567083,8.562265396118164,8.239731864549853,8.562265396118164,2272000,0.0,0.0
2001-09-27 00:00:00-04:00,8.718491746961455,8.85456092999619,8.403517320247158,8.824323654174805,2207000,0.0,0.0
2001-09-28 00:00:00-04:00,8.945277549182011,9.14686107635498,8.84952501331507,9.14686107635498,1353600,0.0,0.0
2001-10-01 00:00:00-04:00,9.197254628420772,9.197254628420772,8.74621095156567,8.952834129333496,989800,0.0,0.0
2001-10-02 00:00:00-04:00,8.955358829959161,9.2224566986016,8.955358829959161,9.219937324523926,1203000,0.0,0.0
2001-10-03 00:00:00-04:00,9.21993261568307,9.396318509050499,9.07126462914527,9.199773788452148,1168400,0.0,0.0
2001-10-04 00:00:00-04:00,9.227494487224169,9.272850900991347,8.995673671281773,9.14686107635498,712800,0.0,0.0
2001-10-05 00:00:00-04:00,9.14434254992879,9.318208177992407,8.960397504266252,9.104025840759277,1036200,0.0,0.0
2001-10-08 00:00:00-04:00,9.10402012258453,9.10402012258453,8.91503548682253,9.010787010192871,683800,0.0,0.0
2001-10-09 00:00:00-04:00,8.988113152617794,9.159459381955582,8.957875865448193,9.068747520446777,674400,0.0,0.0
2001-10-10 00:00:00-04:00,9.04606807780924,9.361042579665746,8.978033470061126,9.169537544250488,1121400,0.0,0.0
2001-10-11 00:00:00-04:00,9.272847142684178,9.575222791503098,9.272847142684178,9.552544593811035,1159000,0.0,0.0
2001-10-12 00:00:00-04:00,9.552550607333258,9.63570437162634,9.461837759459454,9.607986450195312,1231000,0.0,0.0
2001-10-15 00:00:00-04:00,9.607980896088561,9.610500268750323,9.47443107559744,9.547505378723145,502000,0.0,0.0
2001-10-16 00:00:00-04:00,9.54750791730016,9.650819525965122,9.373642320637469,9.575225830078125,565600,0.0,0.0
2001-10-17 00:00:00-04:00,9.575225727279095,9.761691072276069,9.134261384575453,9.209855079650879,854000,0.0,0.0
2001-10-18 00:00:00-04:00,9.209855785832644,9.396321145127175,9.071267174030172,9.134262084960938,532400,0.0,0.0
2001-10-19 00:00:00-04:00,9.136777499797466,9.189693932584186,8.816764336799151,8.91503620147705,847200,0.0,0.0
2001-10-22 00:00:00-04:00,8.882278827050095,9.066223776773839,8.816764569279231,8.917555809020996,1854600,0.0,0.0
2001-10-23 00:00:00-04:00,8.85960342083227,8.904959829433153,8.756291814847142,8.85456371307373,866600,0.0,0.0
2001-10-24 00:00:00-04:00,8.806688139264216,8.819286928345225,8.486673898231427,8.544629096984863,1609200,0.0,0.0
2001-10-25 00:00:00-04:00,8.544626129892993,8.592501896266532,8.3808390450364,8.584942817687988,1180200,0.0,0.0
2001-10-26 00:00:00-04:00,8.441319410186914,8.708418221147697,8.421160574087438,8.680700302124023,856400,0.0,0.0
2001-10-29 00:00:00-05:00,8.6681008431829,8.6681008431829,8.416121178686026,8.589986801147461,796600,0.0,0.0
2001-10-30 00:00:00-05:00,8.642900908669972,8.658020032147329,8.466514979671405,8.57486629486084,943400,0.0,0.0
2001-10-31 00:00:00-05:00,8.784006957562164,8.784006957562164,8.569823770866893,8.647937774658203,957600,0.0,0.0
2001-11-01 00:00:00-05:00,8.756291752358354,8.935197050992883,8.605104365584998,8.874722480773926,934200,0.0,0.0
2001-11-02 00:00:00-05:00,8.874721047856015,9.172057026898067,8.771409459288916,9.046067237854004,825000,0.0,0.0
2001-11-05 00:00:00-05:00,9.096461780016188,9.121660312886,8.98559111906624,9.091423034667969,855600,0.0,0.0
2001-11-06 00:00:00-05:00,9.151897572160074,9.36607981436855,9.10150146775051,9.361041069030762,1125800,0.0,0.0
2001-11-07 00:00:00-05:00,9.386241129475257,9.446716663047557,9.313166806766311,9.408919334411621,849000,0.0,0.0
2001-11-08 00:00:00-05:00,9.434115752103507,9.524828560689501,9.348442650797388,9.396319389343262,1003600,0.0,0.0
2001-11-09 00:00:00-05:00,9.333321751103185,9.361039652395094,9.199771950444488,9.355999946594238,431000,0.0,0.0
2001-11-12 00:00:00-05:00,9.298048320289762,9.320726524435871,9.106543271672395,9.197256088256836,357600,0.0,0.0
2001-11-13 00:00:00-05:00,9.323242944431465,9.5701827773423,9.323242944431465,9.487030029296875,468600,0.0,0.0
2001-11-14 00:00:00-05:00,9.48450969562012,9.5701827773423,9.353480219972923,9.487030029296875,966800,0.0,0.0
2001-11-15 00:00:00-05:00,9.361037236242678,9.587818171393803,9.298042371829808,9.474427223205566,648400,0.0,0.0
2001-11-16 00:00:00-05:00,9.436638790920219,9.726414833369473,9.376163247455157,9.676019668579102,759800,0.0,0.0
2001-11-19 00:00:00-05:00,9.663414206355709,9.978388606318093,9.643256344595422,9.955710411071777,1200400,0.0,0.0
2001-11-20 00:00:00-05:00,9.8902020286282,9.953196946007997,9.726414858950264,9.895241737365723,1536200,0.0,0.0
2001-11-21 00:00:00-05:00,9.852399100850596,9.927993727774876,9.703731141778782,9.761687278747559,692000,0.0,0.0
2001-11-23 00:00:00-05:00,9.701217391416268,9.723895600390703,9.514752010823557,9.708776473999023,720800,0.0,0.0
2001-11-26 00:00:00-05:00,9.726410976639174,9.726410976639174,9.45175320804426,9.686094284057617,1148800,0.0,0.0
2001-11-27 00:00:00-05:00,9.655859233854388,9.744051718851551,9.53742850152163,9.575225830078125,720000,0.0,0.0
2001-11-28 00:00:00-05:00,9.562627609430132,9.592864897337225,9.371122543157758,9.466875076293945,814400,0.0,0.0
2001-11-29 00:00:00-05:00,9.517265490107723,9.57018095252189,9.418993642416993,9.446711540222168,1113200,0.0,0.0
2001-11-30 00:00:00-05:00,9.424040260356223,9.739014855137833,9.424040260356223,9.66845989227295,469600,0.0,0.0
2001-12-03 00:00:00-05:00,9.517274372244136,9.56767050972053,9.391284509166336,9.449239730834961,926200,0.0,0.0
2001-12-04 00:00:00-05:00,9.449231337477512,9.565141677856445,9.323241586311145,9.565141677856445,1273200,0.0,0.0
2001-12-05 00:00:00-05:00,9.688613635523968,9.706252126663092,9.550025078905556,9.696172714233398,1792600,0.0,0.0
2001-12-06 00:00:00-05:00,9.70121224746569,9.70121224746569,9.532386417794214,9.580262184143066,937200,0.0,0.0
2001-12-07 00:00:00-05:00,9.17205808138938,9.305606965537649,8.972993961119604,9.098983764648438,3153400,0.0,0.0
2001-12-10 00:00:00-05:00,9.101501682639347,9.300565771082928,9.046066831583161,9.280407905578613,2006800,0.0,0.0
2001-12-11 00:00:00-05:00,9.335843923626935,9.613022058458535,9.252691156035576,9.54246711730957,2202000,0.0,0.0
2001-12-12 00:00:00-05:00,9.53226982867658,9.573060461010785,9.36910729933976,9.565412521362305,1892800,0.22,0.0
2001-12-13 00:00:00-05:00,9.560314946766695,9.562863936174601,9.432844080809806,9.44559097290039,1268400,0.0,0.0
2001-12-14 00:00:00-05:00,9.45833865076286,9.598557392984835,9.448141719758578,9.555216789245605,1349000,0.0,0.0
2001-12-17 00:00:00-05:00,9.55521387108429,9.713277437422564,9.55521387108429,9.652091979980469,1376200,0.0,0.0
2001-12-18 00:00:00-05:00,9.738773418901795,10.021758869769748,9.738773418901795,10.019208908081055,1253800,0.0,0.0
2001-12-19 00:00:00-05:00,9.955473025537614,9.993714668914132,9.7515198634221,9.942726135253906,1250400,0.0,0.0
2001-12-20 00:00:00-05:00,9.901932307374663,10.029403114126383,9.87898752325835,9.937623977661133,958800,0.0,0.0
2001-12-21 00:00:00-05:00,9.92997678703039,9.955470561287404,9.84074663208054,9.878988265991211,1527200,0.0,0.0
2001-12-24 00:00:00-05:00,9.929981840745413,10.009013164679052,9.909586032939542,9.924882888793945,398800,0.0,0.0
2001-12-26 00:00:00-05:00,9.924875717785696,10.006456945013108,9.91722778164717,9.945270538330078,908400,0.0,0.0
2001-12-27 00:00:00-05:00,9.940177917480469,10.019209226886856,9.935078966466271,9.940177917480469,1174400,0.0,0.0
2001-12-28 00:00:00-05:00,9.940177146207319,10.021758411053526,9.912133404067925,9.942726135253906,1135400,0.0,0.0
2001-12-31 00:00:00-05:00,9.955476234977366,10.156880472974859,9.940180350715993,9.94782829284668,656600,0.0,0.0
2002-01-02 00:00:00-05:00,9.947825085872466,10.03195533976526,9.817804276412621,9.942726135253906,1665600,0.0,0.0
2002-01-03 00:00:00-05:00,9.942725174913738,10.197666846065372,9.940176186113352,10.151777267456055,1677000,0.0,0.0
2002-01-04 00:00:00-05:00,10.26905212771671,10.671860510454989,10.248657295914715,10.641267776489258,2116000,0.0,0.0
2002-01-07 00:00:00-05:00,10.641270373866524,11.092516470711375,10.63107246921363,10.987990379333496,5825000,0.0,0.0
2002-01-08 00:00:00-05:00,10.987992019971898,11.148605638396512,10.916608621794673,10.998189926147461,2473000,0.0,0.0
2002-01-09 00:00:00-05:00,10.947193321781457,11.102707872817552,10.942094372441321,10.977787017822266,1400000,0.0,0.0
2002-01-10 00:00:00-05:00,10.942096110336587,11.13585232593475,10.860514852987455,10.975238800048828,2316400,0.0,0.0
2002-01-11 00:00:00-05:00,10.949751237049618,11.115462834620343,10.898762679133297,11.038980484008789,1551200,0.0,0.0
2002-01-14 00:00:00-05:00,11.03897121151442,11.03897121151442,10.552032788856597,10.654009819030762,1462000,0.0,0.0
2002-01-15 00:00:00-05:00,10.65656104349308,10.789130821530057,10.52909021528736,10.603023529052734,953600,0.0,0.0
2002-01-16 00:00:00-05:00,9.68778358649897,10.184920043995426,9.68778358649897,9.929978370666504,3979200,0.0,0.0
2002-01-17 00:00:00-05:00,9.92997678703039,9.932525775446031,9.56795916292486,9.878988265991211,1734800,0.0,0.0
2002-01-18 00:00:00-05:00,9.876442285174624,9.891738165376713,9.662291209616372,9.74132251739502,1875200,0.0,0.0
2002-01-22 00:00:00-05:00,9.726027405614587,9.7387742976319,9.611303432407729,9.682686805725098,834400,0.0,0.0
2002-01-23 00:00:00-05:00,9.687781347682172,9.726022978854107,9.550112642493302,9.715825080871582,1499000,0.0,0.0
2002-01-24 00:00:00-05:00,9.715825925115126,10.169621726993658,9.667386391751576,10.159423828125,1564800,0.0,0.0
2002-01-25 00:00:00-05:00,10.031955400901623,10.19511890411377,9.917232415123712,10.19511890411377,1345200,0.0,0.0
2002-01-28 00:00:00-05:00,10.19511890411377,10.243557476497214,10.077844984222947,10.19511890411377,1359800,0.0,0.0
2002-01-29 00:00:00-05:00,10.085491339958566,10.167072584622474,9.929976788403879,10.031952857971191,1192600,0.0,0.0
2002-01-30 00:00:00-05:00,9.968217902101824,10.133930359889975,9.917230351267186,10.108436584472656,913200,0.0,0.0
2002-01-31 00:00:00-05:00,10.044702433701167,10.258853480661582,10.011559743480122,10.238457679748535,1040800,0.0,0.0
2002-02-01 00:00:00-05:00,10.197664705691947,10.256301161046665,9.963118884273076,10.065094947814941,1428000,0.0,0.0
2002-02-04 00:00:00-05:00,10.06764912338287,10.10079084733294,9.88409077062648,9.91723346710205,865000,0.0,0.0
2002-02-05 00:00:00-05:00,9.914680881941177,9.92487878162396,9.537367346405405,9.64189338684082,1588400,0.0,0.0
2002-02-06 00:00:00-05:00,9.585805028119527,9.759165416656861,9.585805028119527,9.754066467285156,1233800,0.0,0.0
2002-02-07 00:00:00-05:00,9.754067759530937,9.82800107642781,9.590905248120793,9.731122970581055,766600,0.0,0.0
2002-02-08 00:00:00-05:00,9.733674022519828,9.942726135253904,9.59345628434825,9.942726135253906,497200,0.0,0.0
2002-02-11 00:00:00-05:00,9.993719412323902,10.286901918106643,9.993719412323902,10.16707992553711,1052600,0.0,0.0
2002-02-12 00:00:00-05:00,10.133930766297132,10.146677654516989,9.894285961178058,10.04470157623291,1167800,0.0,0.0
2002-02-13 00:00:00-05:00,10.044699000234864,10.233355231567737,10.019204257808136,10.18746566772461,1083000,0.0,0.0
2002-02-14 00:00:00-05:00,10.19002159616154,10.228262273410357,10.070198667892365,10.121187210083008,1032600,0.0,0.0
2002-02-15 00:00:00-05:00,10.12118448432943,10.386324054295129,10.100788683935779,10.248655319213867,523800,0.0,0.0
2002-02-19 00:00:00-05:00,10.248654479724935,10.312389891946452,10.049799332276661,10.11098575592041,1266800,0.0,0.0
2002-02-20 00:00:00-05:00,10.121185416092905,10.291995883750845,10.121185416092905,10.1925687789917,786200,0.0,0.0
2002-02-21 00:00:00-05:00,10.141579492905626,10.478102425194857,10.141579492905626,10.251204490661621,784600,0.0,0.0
2002-02-22 00:00:00-05:00,10.197664425696855,10.38122269656742,10.184917539669748,10.325135231018066,505800,0.0,0.0
2002-02-25 00:00:00-05:00,10.401621515502079,10.60047670951069,10.309842344809711,10.592827796936035,1340000,0.0,0.0
2002-02-26 00:00:00-05:00,10.68205528482683,10.901304281996417,10.679505323769806,10.832470893859863,1900400,0.0,0.0
2002-02-27 00:00:00-05:00,10.857965178101102,11.064468269763417,10.857965178101102,10.96504020690918,954600,0.0,0.0
2002-02-28 00:00:00-05:00,10.916599884692584,11.30666024472736,10.916599884692584,11.21743106842041,1617400,0.0,0.0
2002-03-01 00:00:00-05:00,11.219982300413607,11.510616616773381,11.191939534055683,11.40354061126709,1381800,0.0,0.0
2002-03-04 00:00:00-05:00,11.523361739439355,11.905774180089832,11.505515903344344,11.864983558654785,1062800,0.0,0.0
2002-03-05 00:00:00-05:00,11.864980368483906,11.864980368483906,11.485117018328312,11.56924819946289,1075800,0.0,0.0
2002-03-06 00:00:00-05:00,11.569254867703819,11.589649698430257,11.400993380977647,11.513167381286621,1848000,0.0,0.0
2002-03-07 00:00:00-05:00,11.587098798108464,11.587098798108464,11.398441539247587,11.54120922088623,732000,0.0,0.0
2002-03-08 00:00:00-05:00,11.574353292341225,11.689076276578607,11.510617868864733,11.533562660217285,1008800,0.0,0.0
2002-03-11 00:00:00-05:00,11.533556720035241,11.587094214775734,11.413733874404237,11.571797370910645,862800,0.0,0.0
2002-03-12 00:00:00-05:00,11.571800031029387,11.752808348681077,11.485119840917646,11.666128158569336,1583800,0.0,0.0
2002-03-13 00:00:00-05:00,11.666133499216874,11.828306416577261,11.666133499216874,11.684152603149414,1124400,0.22,0.0
2002-03-14 00:00:00-05:00,11.673851420015966,11.774244796290498,11.660980776483484,11.712464332580566,665800,0.0,0.0
2002-03-15 00:00:00-05:00,11.583757828489398,11.944141798162661,11.583757828489398,11.892658233642578,1997400,0.0,0.0
2002-03-18 00:00:00-05:00,11.908096216140017,12.080565917300959,11.892651842461014,12.01878547668457,1198800,0.0,0.0
2002-03-19 00:00:00-05:00,12.072848325495542,12.253039300111492,12.021364769047915,12.19640827178955,902600,0.0,0.0
2002-03-20 00:00:00-05:00,12.36887683948283,12.505308408968968,12.36887683948283,12.474417686462402,1977600,0.0,0.0
2002-03-21 00:00:00-05:00,12.451249098770315,12.639163226185794,12.335411353934179,12.484713554382324,2110800,0.0,0.0
2002-03-22 00:00:00-05:00,12.549069256808071,12.577385262502284,12.410063946291304,12.412638664245605,707800,0.0,0.0
2002-03-25 00:00:00-05:00,12.330265535458238,12.42808321579499,12.247892235191921,12.268485069274902,740000,0.0,0.0
2002-03-26 00:00:00-05:00,12.201560678358202,12.574814374093883,12.201560678358202,12.536202430725098,1626400,0.0,0.0
2002-03-27 00:00:00-05:00,12.549072712846122,12.726690003888892,12.54135052079088,12.61085319519043,1377600,0.0,0.0
2002-03-28 00:00:00-05:00,12.74213192315938,12.74213192315938,12.51045640449688,12.559366226196289,1173400,0.0,0.0
2002-04-01 00:00:00-05:00,12.330266286325696,12.38689731997791,12.124332041152078,12.35600757598877,1275200,0.0,0.0
2002-04-02 00:00:00-05:00,12.17581509014819,12.343136411819899,11.982752479896472,12.271059036254883,1280600,0.0,0.0
2002-04-03 00:00:00-05:00,12.35601210667024,12.35601210667024,12.008499658957186,12.093446731567383,864800,0.0,0.0
2002-04-04 00:00:00-05:00,11.905530690050535,12.008497834751472,11.787119161021684,11.936420440673828,927800,0.0,0.0
2002-04-05 00:00:00-05:00,11.985321821782232,12.407485049718444,11.985321821782232,12.240163803100586,826400,0.0,0.0
2002-04-08 00:00:00-04:00,12.240168891441265,12.366303558060748,12.059976931399369,12.322542190551758,693000,0.0,0.0
2002-04-09 00:00:00-04:00,12.350860238640143,12.574812621257738,12.291654481486862,12.425511360168457,868000,0.0,0.0
2002-04-10 00:00:00-04:00,12.458975455837553,12.65203808594681,12.458975455837553,12.623722076416016,818000,0.0,0.0
2002-04-11 00:00:00-04:00,12.639168577849508,12.755006371733563,12.381751694537156,12.389474868774414,915800,0.0,0.0
2002-04-12 00:00:00-04:00,12.428083041410027,12.428083041410027,12.144924948463604,12.322542190551758,848200,0.0,0.0
2002-04-15 00:00:00-04:00,12.327692951455601,12.343138316166907,12.129481856513667,12.180965423583984,457800,0.0,0.0
2002-04-16 00:00:00-04:00,12.204133047374599,12.350860576060247,12.20155931089212,12.294228553771973,554600,0.0,0.0
2002-04-17 00:00:00-04:00,12.304523323551953,12.36630379002729,12.28650422540648,12.29165267944336,437800,0.0,0.0
2002-04-18 00:00:00-04:00,12.299372940780593,12.317392036100388,12.065123719656196,12.1680908203125,558000,0.0,0.0
2002-04-19 00:00:00-04:00,12.227297348825546,12.260761805994175,12.19640760942141,12.222148895263672,423000,0.0,0.0
2002-04-22 00:00:00-04:00,12.19640612103405,12.204128309450931,11.789687176983866,11.879783630371094,772200,0.0,0.0
2002-04-23 00:00:00-04:00,11.905529365348464,11.905529365348464,11.681576979805202,11.740782737731934,1273400,0.0,0.0
2002-04-24 00:00:00-04:00,11.802561508829115,11.841174426921212,11.697020645606987,11.709892272949219,670200,0.0,0.0
2002-04-25 00:00:00-04:00,11.532269671222144,11.635236759255482,11.498805220316271,11.60177230834961,840800,0.0,0.0
2002-04-26 00:00:00-04:00,11.390696957763883,11.52455385340873,10.798638329234056,11.395845413208008,3241600,0.0,0.0
2002-04-29 00:00:00-04:00,11.377827144807435,11.385549337556384,11.133280894092813,11.146151542663574,1497000,0.0,0.0
2002-04-30 00:00:00-04:00,11.084362035694397,11.426725692217763,11.084362035694397,11.35207462310791,1030600,0.0,0.0
2002-05-01 00:00:00-04:00,11.352081212092743,11.385545673180399,11.066349370699943,11.362378120422363,555000,0.0,0.0
2002-05-02 00:00:00-04:00,11.364952466480718,11.660981206513265,11.364952466480718,11.627516746520996,900200,0.0,0.0
2002-05-03 00:00:00-04:00,11.635237840652186,11.689295125008739,11.570883650141905,11.64810848236084,848600,0.0,0.0
2002-05-06 00:00:00-04:00,11.673851522587551,11.673851522587551,11.408712532013613,11.42158317565918,722200,0.0,0.0
2002-05-07 00:00:00-04:00,11.455047242549634,11.686722748107155,11.442176599344691,11.596626281738281,504200,0.0,0.0
2002-05-08 00:00:00-04:00,11.660979887523228,11.828301186591426,11.642960791557986,11.735630989074707,725400,0.0,0.0
2002-05-09 00:00:00-04:00,11.735633096763168,11.874638418003233,11.730484642424582,11.771671295166016,522200,0.0,0.0
2002-05-10 00:00:00-04:00,11.776820218079248,11.779393954367317,11.63524115502039,11.709892272949219,540800,0.0,0.0
2002-05-13 00:00:00-04:00,11.686726800362823,11.751081020668858,11.524553890240725,11.689300537109375,1045200,0.0,0.0
2002-05-14 00:00:00-04:00,11.691867868717289,12.026510416555915,11.691867868717289,11.93898868560791,545400,0.0,0.0
2002-05-15 00:00:00-04:00,11.874632751857648,12.188680460921152,11.854038944329922,12.01878547668457,911600,0.0,0.0
2002-05-16 00:00:00-04:00,12.059977271928835,12.07027418010019,11.846321828192893,11.877211570739746,419600,0.0,0.0
2002-05-17 00:00:00-04:00,11.89266009387453,12.05225828508031,11.879789446223132,11.959588050842285,637800,0.0,0.0
2002-05-20 00:00:00-04:00,11.969882508898134,11.969882508898134,11.766522978988796,11.874638557434082,361400,0.0,0.0
2002-05-21 00:00:00-04:00,11.96988420953433,12.108889552155938,11.926123813876087,11.962162017822266,444000,0.0,0.0
2002-05-22 00:00:00-04:00,11.969883594504385,12.10631421156703,11.897807190315419,12.011070251464844,453000,0.0,0.0
2002-05-23 00:00:00-04:00,12.021367142275912,12.150075567820691,11.933845373626767,12.13463020324707,480400,0.0,0.0
2002-05-24 00:00:00-04:00,12.15007814429821,12.22730301960748,12.021369691460235,12.05225944519043,465400,0.0,0.0
2002-05-28 00:00:00-04:00,12.085720480813062,12.098591126043054,11.854044938804046,11.910676956176758,644600,0.0,0.0
2002-05-29 00:00:00-04:00,11.918401018817748,11.951865487245469,11.707319261598185,11.944143295288086,897400,0.0,0.0
2002-05-30 00:00:00-04:00,11.923542330652444,11.923542330652444,11.774241144441406,11.815427780151367,716000,0.0,0.0
2002-05-31 00:00:00-04:00,11.828308902934863,12.021371613052512,11.815438251987231,11.905533790588379,698400,0.0,0.0
2002-06-03 00:00:00-04:00,11.969884976922385,11.969884976922385,11.681578344902244,11.689300537109375,764200,0.0,0.0
2002-06-04 00:00:00-04:00,11.71246462155721,11.78968946662459,11.576034029205932,11.704742431640625,916800,0.0,0.0
2002-06-05 00:00:00-04:00,11.72533541196453,11.856618533990472,11.681575025934011,11.84117317199707,672600,0.0,0.0
2002-06-06 00:00:00-04:00,11.846327173413789,11.8926622991247,11.635245370494154,11.65841293334961,841400,0.0,0.0
2002-06-07 00:00:00-04:00,11.658407473927502,11.90295363800349,11.640388375918796,11.84117317199707,713200,0.0,0.0
2002-06-10 00:00:00-04:00,11.841176153341618,12.021368160764219,11.818008595502034,11.944143295288086,653000,0.0,0.0
2002-06-11 00:00:00-04:00,11.995625105947935,12.088295331293287,11.71504069341557,11.743356704711914,881600,0.0,0.0
2002-06-12 00:00:00-04:00,11.64458513313224,11.8447265625,11.569206999046227,11.8447265625,1546400,0.22,0.0
2002-06-13 00:00:00-04:00,11.844726640691826,11.857722631457493,11.688772768442762,11.7069673538208,627400,0.0,0.0
2002-06-14 00:00:00-04:00,11.704365136434793,11.709563729970387,11.28069017435238,11.506823539733887,1365400,0.0,0.0
2002-06-17 00:00:00-04:00,11.527621369762485,11.97988926654315,11.447045617700066,11.964293479919434,804000,0.0,0.0
2002-06-18 00:00:00-04:00,11.956491738793776,11.982483715526838,11.81873247735391,11.943495750427246,719200,0.0,0.0
2002-06-19 00:00:00-04:00,11.888912591927781,12.029270661365404,11.748553530959754,11.826530456542969,603600,0.0,0.0
2002-06-20 00:00:00-04:00,11.774544784313777,11.982483570248236,11.774544784313777,11.860320091247559,501000,0.0,0.0
2002-06-21 00:00:00-04:00,11.80053838336753,11.904507286129956,11.670576511266699,11.696568489074707,579000,0.0,0.0
2002-06-24 00:00:00-04:00,11.735556107104774,11.852520985413696,11.644582212105265,11.714761734008789,690400,0.0,0.0
2002-06-25 00:00:00-04:00,11.761549519968556,12.086454202840615,11.761549519968556,11.826530456542969,641200,0.0,0.0
2002-06-26 00:00:00-04:00,11.829127807087458,11.85252098104668,11.649780801086944,11.849922180175781,997600,0.0,0.0
2002-06-27 00:00:00-04:00,11.87851693181184,12.169631287477085,11.873318337233643,12.112447738647461,740600,0.0,0.0
2002-06-28 00:00:00-04:00,12.151434056696974,12.374968617240421,12.06825854461527,12.190423011779785,982800,0.0,0.0
2002-07-01 00:00:00-04:00,12.073453780907352,12.270995319290261,12.02146885242868,12.216411590576172,839600,0.0,0.0
2002-07-02 00:00:00-04:00,12.208618737693262,12.208618737693262,11.93050040718321,11.959091186523438,976200,0.0,0.0
2002-07-03 00:00:00-04:00,11.969487727160308,12.151434538882805,11.743354356685533,11.943495750427246,739000,0.0,0.0
2002-07-05 00:00:00-04:00,11.959089830065299,12.632292299411732,11.959089830065299,12.426953315734863,480000,0.0,0.0
2002-07-08 00:00:00-04:00,12.476341401426243,12.515330364917912,12.276199972461367,12.335982322692871,647200,0.0,0.0
2002-07-09 00:00:00-04:00,12.237209022802015,12.429552017347133,12.026670455932617,12.026670455932617,546000,0.0,0.0
2002-07-10 00:00:00-04:00,12.073455947944442,12.086451934514221,11.615989685058596,11.615989685058594,1043000,0.0,0.0
2002-07-11 00:00:00-04:00,11.566608222820939,11.566608222820939,11.137733588733342,11.353470802307129,1341200,0.0,0.0
2002-07-12 00:00:00-04:00,11.418449482563034,11.540613952357251,11.280690223624253,11.369064331054688,746400,0.0,0.0
2002-07-15 00:00:00-04:00,11.304084758009642,11.304084758009642,10.672469941924293,11.215710639953613,1876400,0.0,0.0
2002-07-16 00:00:00-04:00,11.215706960481633,11.218305760955506,10.633477492851068,10.75564193725586,1694000,0.0,0.0
2002-07-17 00:00:00-04:00,10.916799304389508,11.254700036933544,10.838822364807129,10.838822364807129,1425000,0.0,0.0
2002-07-18 00:00:00-04:00,10.890804716571166,11.226105575722832,10.810228003076391,10.825823783874512,734600,0.0,0.0
2002-07-19 00:00:00-04:00,10.812829970374672,10.825826953944116,10.292982356577223,10.324173927307129,841400,0.0,0.0
2002-07-22 00:00:00-04:00,10.324173606888449,10.461932902979504,9.832917785741264,9.939486503601074,1444000,0.0,0.0
2002-07-23 00:00:00-04:00,9.942087500313251,10.370962259684191,9.929091505808548,9.97067928314209,1262000,0.0,0.0
2002-07-24 00:00:00-04:00,9.970675660192185,11.070153053501155,9.900496125530276,11.033763885498047,1763400,0.0,0.0
2002-07-25 00:00:00-04:00,11.036363473065864,11.436646332676883,10.981779717172689,11.353470802307129,2004800,0.0,0.0
2002-07-26 00:00:00-04:00,11.410652348586302,11.439243126514402,10.836220141404484,11.088346481323242,1537000,0.0,0.0
2002-07-29 00:00:00-04:00,11.348272033286484,11.732959103216304,11.22610754113906,11.717364311218262,1464600,0.0,0.0
2002-07-30 00:00:00-04:00,11.71736110525324,11.71736110525324,11.176719322553348,11.28328800201416,1029200,0.0,0.0
2002-07-31 00:00:00-04:00,11.283289646789948,11.59779713793129,11.124736004875441,11.519820213317871,968600,0.0,0.0
2002-08-01 00:00:00-04:00,11.47564013873781,11.693976245972896,11.413257968871664,11.483437538146973,1727000,0.0,0.0
2002-08-02 00:00:00-04:00,11.483433628122269,11.514624206669703,10.747848794036749,10.911601066589355,1159800,0.0,0.0
2002-08-05 00:00:00-04:00,10.96358474704797,11.166324971266647,10.625684042840005,10.659473419189453,1255800,0.0,0.0
2002-08-06 00:00:00-04:00,10.789436541306557,11.283292159730463,10.789436541306557,11.179322242736816,1362000,0.0,0.0
2002-08-07 00:00:00-04:00,11.2027135861458,11.587401620977557,11.10134347905342,11.577004432678223,1209400,0.0,0.0
2002-08-08 00:00:00-04:00,11.579607395837701,11.93830258884048,11.486034650573428,11.912310600280762,803000,0.0,0.0
2002-08-09 00:00:00-04:00,11.782343830595826,12.130640696843697,11.719961695555217,12.008477210998535,795000,0.0,0.0
2002-08-12 00:00:00-04:00,11.98248481482042,11.98248481482042,11.71476366209334,11.80313777923584,849000,0.0,0.0
2002-08-13 00:00:00-04:00,11.797941375992975,11.982487039977439,11.657582283020018,11.65758228302002,1487600,0.0,0.0
2002-08-14 00:00:00-04:00,11.657577857133932,12.003276863224134,11.215708348655387,11.956490516662598,1577200,0.0,0.0
2002-08-15 00:00:00-04:00,12.086456356766439,12.125445322271466,11.58740315087334,11.683574676513672,2108400,0.0,0.0
2002-08-16 00:00:00-04:00,11.68357242981975,11.787541331956142,11.54321337082871,11.654980659484863,1226200,0.0,0.0
2002-08-19 00:00:00-04:00,11.654978796228928,11.977284621845316,11.649780203223637,11.969486236572266,1138400,0.0,0.0
2002-08-20 00:00:00-04:00,11.969491507910218,11.969491507910218,11.670579714942653,11.680975914001465,734600,0.0,0.0
2002-08-21 00:00:00-04:00,11.761550247980551,11.800539208950685,11.634187168137855,11.792740821838379,880000,0.0,0.0
2002-08-22 00:00:00-04:00,11.77974610418379,11.88891461177158,11.714765156569568,11.865521430969238,783400,0.0,0.0
2002-08-23 00:00:00-04:00,11.868118794090842,11.873317388253538,11.605596233822638,11.621191024780273,714000,0.0,0.0
2002-08-26 00:00:00-04:00,11.686171230972743,11.70956440747125,11.553610558501466,11.654980659484863,1069200,0.0,0.0
2002-08-27 00:00:00-04:00,11.696571238124903,11.891514092093653,11.696571238124903,11.790143966674805,1634400,0.0,0.0
2002-08-28 00:00:00-04:00,11.790141913244613,11.790141913244613,11.501626380975274,11.5744047164917,1017800,0.0,0.0
2002-08-29 00:00:00-04:00,11.509427282272597,11.657583791291387,11.410656937280574,11.543217658996582,756200,0.0,0.0
2002-08-30 00:00:00-04:00,11.55361229565766,11.78754310428526,11.522421719480088,11.662779808044434,849400,0.0,0.0
2002-09-03 00:00:00-04:00,11.662779638986883,11.662779638986883,11.236504801793807,11.447043418884277,1119000,0.0,0.0
2002-09-04 00:00:00-04:00,11.447039837557712,11.60559345114692,11.361264541735268,11.571803092956543,736800,0.0,0.0
2002-09-05 00:00:00-04:00,11.50682537469525,11.514622770476903,11.241703011283631,11.33267593383789,1119600,0.0,0.0
2002-09-06 00:00:00-04:00,11.618591564120289,11.769346820161445,11.514621669827465,11.696568489074707,1051400,0.0,0.0
2002-09-09 00:00:00-04:00,11.696568489074707,11.756350831257441,11.501625680923462,11.696568489074707,1122000,0.0,0.0
2002-09-10 00:00:00-04:00,11.735560999327731,11.826533940721,11.639388470962624,11.797942161560059,1242600,0.0,0.0
2002-09-11 00:00:00-04:00,11.876676555024776,11.94229355256635,11.77431419905767,11.776938438415527,428400,0.22,0.0
2002-09-12 00:00:00-04:00,11.77694021218979,11.77694021218979,11.574839709174231,11.60633659362793,595400,0.0,0.0
2002-09-13 00:00:00-04:00,11.469855415381346,11.51972399065426,11.170641961271304,11.3307466506958,1218600,0.0,0.0
2002-09-16 00:00:00-04:00,11.330750261988747,11.412115754011419,11.249385771202673,11.34912395477295,945000,0.0,0.0
2002-09-17 00:00:00-04:00,11.43836016663512,11.440984407065443,11.181140550064795,11.217886924743652,943000,0.0,0.0
2002-09-18 00:00:00-04:00,10.944920539855957,10.989539638584633,10.52759619908761,10.944920539855957,2330200,0.0,0.0
2002-09-19 00:00:00-04:00,10.826809924920466,10.926548090635627,10.627334594726562,10.627334594726562,1249400,0.0,0.0
2002-09-20 00:00:00-04:00,10.629954952501992,10.80055956828348,10.553838985384955,10.755939483642578,1140800,0.0,0.0
2002-09-23 00:00:00-04:00,10.748065435869973,10.750689675481343,10.42522989692633,10.593209266662598,690600,0.0,0.0
2002-09-24 00:00:00-04:00,10.341240313403262,10.446226919899296,10.091895495966629,10.215254783630371,1084600,0.0,0.0
2002-09-25 00:00:00-04:00,10.223128645247149,10.629953838831794,10.131264245898393,10.5249662399292,1381400,0.0,0.0
2002-09-26 00:00:00-04:00,10.590586898295804,10.816309613065101,10.580088935766945,10.753317832946777,1061600,0.0,0.0
2002-09-27 00:00:00-04:00,10.75069011966187,10.874050412449513,10.275623632730174,10.28874683380127,778000,0.0,0.0
2002-09-30 00:00:00-04:00,10.223131693078175,10.223131693078175,9.790058970037567,10.01840591430664,1722000,0.0,0.0
2002-10-01 00:00:00-04:00,10.084019321008626,10.664074318323228,10.021027566438244,10.637826919555664,1012000,0.0,0.0
2002-10-02 00:00:00-04:00,10.375364678579434,10.375364678579434,9.76381446692762,9.769063949584961,2311800,0.0,0.0
2002-10-03 00:00:00-04:00,9.790058555293507,9.889796699637111,9.561711620698079,9.574834823608398,1998200,0.0,0.0
2002-10-04 00:00:00-04:00,9.606330862451674,9.692945805251952,9.141763264429857,9.356986999511719,1924400,0.0,0.0
2002-10-07 00:00:00-04:00,9.383233491012481,9.569585580187644,9.249375216020299,9.367485046386719,1201200,0.0,0.0
2002-10-08 00:00:00-04:00,9.396357102309603,9.737565407462458,9.186382837695252,9.611580848693848,1036200,0.0,0.0
2002-10-09 00:00:00-04:00,9.501348293815868,9.553842129939268,9.241504355685201,9.278249740600586,1185600,0.0,0.0
2002-10-10 00:00:00-04:00,9.212628257423734,9.863549909783272,9.183757612639576,9.800557136535645,1322800,0.0,0.0
2002-10-11 00:00:00-04:00,9.887173227476334,10.288750116794555,9.821556199947333,10.063027381896973,1082400,0.0,0.0
2002-10-14 00:00:00-04:00,10.039407796392906,10.223135721018668,9.965917027037259,10.060405731201172,563200,0.0,0.0
2002-10-15 00:00:00-04:00,10.249374393677527,10.580084608360533,10.09189400655716,10.48822021484375,980400,0.0,0.0
2002-10-16 00:00:00-04:00,10.314993037693695,10.538091456558725,10.126016743182614,10.147013664245605,605600,0.0,0.0
2002-10-17 00:00:00-04:00,10.380611399231528,10.603709847243952,10.309744904067783,10.48034954071045,856600,0.0,0.0
2002-10-18 00:00:00-04:00,10.45935634286392,10.45935634286392,10.1076489493364,10.139145851135254,1050400,0.0,0.0
2002-10-21 00:00:00-04:00,10.131265056502153,10.283496986967416,9.934414043736677,10.115517616271973,2566000,0.0,0.0
2002-10-22 00:00:00-04:00,10.107641046090585,10.107641046090585,9.78218132520835,9.797929763793945,1323600,0.0,0.0
2002-10-23 00:00:00-04:00,9.808430361158816,10.0367782765393,9.66144889974916,9.795307159423828,993400,0.0,0.0
2002-10-24 00:00:00-04:00,9.85567590579752,9.979036220063715,9.377984094737924,9.43835163116455,1117200,0.0,0.0
2002-10-25 00:00:00-04:00,9.265122059855457,9.637827215323924,9.06302153913264,9.601081848144531,2208600,0.0,0.0
2002-10-28 00:00:00-05:00,9.67194678527133,9.67194678527133,9.346486979332626,9.5354642868042,806000,0.0,0.0
2002-10-29 00:00:00-05:00,9.475097837525773,9.532841138873321,9.233627670502072,9.41735553741455,967600,0.0,0.0
2002-10-30 00:00:00-05:00,9.427851430199249,9.553836969337702,9.35173646023307,9.5354642868042,851000,0.0,0.0
2002-10-31 00:00:00-05:00,9.553838196922134,9.703444917481582,9.414729438276368,9.538089752197266,706800,0.0,0.0
2002-11-01 00:00:00-05:00,9.538090860148316,9.70869552682514,9.375360917366775,9.679823875427246,775400,0.0,0.0
2002-11-04 00:00:00-05:00,9.79005953768604,9.8478028377692,9.595833712156637,9.624704360961914,884400,0.0,0.0
2002-11-05 00:00:00-05:00,9.724445453188732,9.944918755016504,9.711322244996868,9.916047096252441,1313200,0.0,0.0
2002-11-06 00:00:00-05:00,9.97378837010407,10.362241060159755,9.850428035657135,10.314996719360352,1132600,0.0,0.0
2002-11-07 00:00:00-05:00,10.249380752870401,10.257255477977385,9.934418781976719,9.96591567993164,769400,0.0,0.0
2002-11-08 00:00:00-05:00,9.973785031096051,10.183759252556124,9.842551017528997,9.900294303894043,705400,0.0,0.0
2002-11-11 00:00:00-05:00,9.89504128016867,9.986904656278433,9.566956363725648,9.674568176269531,567600,0.0,0.0
2002-11-12 00:00:00-05:00,9.685075657449095,9.986913445474016,9.67457669058651,9.824183464050293,851200,0.0,0.0
2002-11-13 00:00:00-05:00,9.84255313873291,10.036779961214537,9.711319096883138,9.84255313873291,874800,0.0,0.0
2002-11-14 00:00:00-05:00,9.88191788994078,10.065644638556813,9.829424104092332,10.000027656555176,832400,0.0,0.0
2002-11-15 00:00:00-05:00,10.000033534932637,10.141766539668469,9.976411367476665,10.091897964477539,995400,0.0,0.0
2002-11-18 00:00:00-05:00,10.131270910143211,10.157518327752111,9.97903989295801,10.086651802062988,1341600,0.0,0.0
2002-11-19 00:00:00-05:00,10.065650681395722,10.383237825883858,10.034154791472604,10.223132133483887,805200,0.0,0.0
2002-11-20 00:00:00-05:00,10.22575584735987,10.22575584735987,9.207380448637347,9.43835163116455,6553800,0.0,0.0
2002-11-21 00:00:00-05:00,9.438351961918496,9.721817970275879,9.301868439513417,9.721817970275879,2085400,0.0,0.0
2002-11-22 00:00:00-05:00,9.737563923523755,9.876672666136004,9.63782678880387,9.70606803894043,1214200,0.0,0.0
2002-11-25 00:00:00-05:00,9.706067710025176,9.84517544668728,9.559085251557006,9.643075942993164,1099200,0.0,0.0
2002-11-26 00:00:00-05:00,9.666698448537373,9.677196409257377,9.511842264010953,9.606329917907715,801000,0.0,0.0
2002-11-27 00:00:00-05:00,9.671948262033311,10.162764288186022,9.64570185475976,10.149640083312988,978800,0.0,0.0
2002-11-29 00:00:00-05:00,10.314992424801607,10.438352707888546,10.244125943107154,10.270373344421387,883200,0.0,0.0
2002-12-02 00:00:00-05:00,10.472475065142303,10.496097228495465,10.283497758317015,10.372736930847168,1592800,0.0,0.0
2002-12-03 00:00:00-05:00,10.375363199556697,10.485600317173514,10.367489477311317,10.393735885620117,1487400,0.0,0.0
2002-12-04 00:00:00-05:00,9.895047173976092,9.897671414327007,9.412105849267196,9.624704360961914,3748800,0.0,0.0
2002-12-05 00:00:00-05:00,9.624702585761042,9.77693453018,9.488220085487924,9.70606803894043,1239200,0.0,0.0
2002-12-06 00:00:00-05:00,9.69557073164407,9.9422913731544,9.585334616171505,9.913419723510742,1073600,0.0,0.0
2002-12-09 00:00:00-05:00,9.776933843264139,9.897668893380951,9.611578708656129,9.619453430175781,1043200,0.0,0.0
2002-12-10 00:00:00-05:00,9.645700509640672,9.721816481850151,9.593206701177717,9.70606803894043,1008200,0.0,0.0
2002-12-11 00:00:00-05:00,9.698099370008782,9.868102518686221,9.589191688697113,9.791069984436035,565600,0.22,0.0
2002-12-12 00:00:00-05:00,9.791069663108365,9.878726567973844,9.57591014759608,9.761850357055664,1701600,0.0,0.0
2002-12-13 00:00:00-05:00,9.69544634430441,9.751228121177222,9.589194472200331,9.637007713317871,954200,0.0,0.0
2002-12-16 00:00:00-05:00,9.6370043430218,10.043416750388532,9.594503811702234,10.038104057312012,916000,0.0,0.0
2002-12-17 00:00:00-05:00,10.03545262827753,10.03545262827753,9.814981319546742,9.833575248718262,513000,0.0,0.0
2002-12-18 00:00:00-05:00,9.836224271894599,9.836224271894599,9.61840895547375,9.700754165649414,1023200,0.0,0.0
2002-12-19 00:00:00-05:00,9.668877847559274,9.814973320539089,9.583876808251299,9.695440292358398,957000,0.0,0.0
2002-12-20 00:00:00-05:00,9.74856865806609,9.884038782033647,9.695442741754126,9.881382942199707,810200,0.0,0.0
2002-12-23 00:00:00-05:00,9.828262552770235,9.94779567836796,9.764511214687067,9.833575248718262,736800,0.0,0.0
2002-12-24 00:00:00-05:00,9.775127534656912,9.822940740522373,9.753877783879041,9.7565336227417,482200,0.0,0.0
2002-12-26 00:00:00-05:00,9.759194837374553,9.929196972759337,9.73263137041277,9.791069984436035,622800,0.0,0.0
2002-12-27 00:00:00-05:00,9.75388520257279,9.783104518746917,9.639664792051912,9.64232063293457,760600,0.0,0.0
2002-12-30 00:00:00-05:00,9.62106865476073,9.745913413411847,9.472316267195556,9.722006797790527,905000,0.0,0.0
2002-12-31 00:00:00-05:00,9.732631276601223,9.812319650133153,9.544035222807372,9.767163276672363,1000800,0.0,0.0
2003-01-02 00:00:00-05:00,9.86810595793116,10.101858468906634,9.73529161671159,10.022170066833496,951800,0.0,0.0
2003-01-03 00:00:00-05:00,10.00622438428859,10.1470081681363,9.876066996154126,9.97966194152832,534000,0.0,0.0
2003-01-06 00:00:00-05:00,9.913260995833113,10.226702879435072,9.913260995833113,10.186858177185059,832000,0.0,0.0
2003-01-07 00:00:00-05:00,10.165606092192146,10.242638625203993,10.038104492703214,10.200138092041016,685400,0.0,0.0
2003-01-08 00:00:00-05:00,10.200141200333308,10.232016356595707,10.107170559069631,10.139045715332031,1138600,0.0,0.0
2003-01-09 00:00:00-05:00,9.894664945151643,10.040760466515485,9.647630276195853,9.854820251464844,5636600,0.0,0.0
2003-01-10 00:00:00-05:00,9.854820911019539,10.24795214094296,9.817633068179065,10.131074905395508,1667400,0.0,0.0
2003-01-13 00:00:00-05:00,10.131077507005392,10.154984128298041,9.984981938347188,10.059357643127441,1983600,0.0,0.0
2003-01-14 00:00:00-05:00,10.072637505273681,10.093888282775879,9.974355192558123,10.093888282775879,764800,0.0,0.0
2003-01-15 00:00:00-05:00,10.096541348628422,10.096541348628422,9.809663024237338,9.8787260055542,1391200,0.0,0.0
2003-01-16 00:00:00-05:00,9.892008328120614,9.9079453937094,9.76981841661533,9.881382942199707,1712400,0.0,0.0
2003-01-17 00:00:00-05:00,9.82825732230593,9.934509158134386,9.703411567201384,9.801694869995117,507400,0.0,0.0
2003-01-21 00:00:00-05:00,9.788412959011353,9.79106981230715,9.530753920414021,9.591848373413086,1412000,0.0,0.0
2003-01-22 00:00:00-05:00,9.589192743918906,9.6529440583499,9.453722594030594,9.46700382232666,1164200,0.0,0.0
2003-01-23 00:00:00-05:00,9.55200507923553,9.631693463805219,9.339502382618763,9.6024751663208,955800,0.0,0.0
2003-01-24 00:00:00-05:00,9.605129558642963,9.626380331747265,9.2943446016873,9.374032974243164,910400,0.0,0.0
2003-01-27 00:00:00-05:00,9.376692099065329,9.376692099065329,9.015436936078832,9.076531410217285,841800,0.0,0.0
2003-01-28 00:00:00-05:00,9.111060339576392,9.262468553238167,9.01277804602058,9.24653148651123,866000,0.0,0.0
2003-01-29 00:00:00-05:00,9.249190746821741,9.249190746821741,9.034031146809747,9.193408966064453,1289000,0.0,0.0
2003-01-30 00:00:00-05:00,9.196062765898196,9.217313542399177,8.978247373227115,9.015435218811035,997800,0.0,0.0
2003-01-31 00:00:00-05:00,8.699337994552439,9.259814589305423,8.63293083428868,9.09246826171875,1954200,0.0,0.0
2003-02-03 00:00:00-05:00,9.119026854151768,9.161527373446566,8.964961838400429,9.004806518554688,1550200,0.0,0.0
2003-02-04 00:00:00-05:00,8.964966227008304,9.018092155456543,8.871996612193486,9.018092155456543,1225400,0.0,0.0
2003-02-05 00:00:00-05:00,9.047311647578011,9.140281264250822,8.901215088102415,8.956997871398926,1004600,0.0,0.0
2003-02-06 00:00:00-05:00,8.933088411208328,8.980901631223484,8.76574214115528,8.826836585998535,994800,0.0,0.0
2003-02-07 00:00:00-05:00,8.890589427785843,8.909183348432833,8.696680674401028,8.73121166229248,724600,0.0,0.0
2003-02-10 00:00:00-05:00,8.765742720966047,8.861369167321579,8.688710193258249,8.818868637084961,793600,0.0,0.0
2003-02-11 00:00:00-05:00,8.837466135071173,8.887935218514148,8.593087227263183,8.63824462890625,877400,0.0,0.0
2003-02-12 00:00:00-05:00,8.659493917113705,8.728557936209032,8.446991191614478,8.452303886413574,1049200,0.0,0.0
2003-02-13 00:00:00-05:00,8.460272473273545,8.561211135791462,8.367302345878937,8.550585746765137,927800,0.0,0.0
2003-02-14 00:00:00-05:00,8.571834337749936,8.622303402808706,8.409800742965714,8.566521644592285,550200,0.0,0.0
2003-02-18 00:00:00-05:00,8.606368110963745,8.802932731858608,8.606368110963745,8.781682968139648,956400,0.0,0.0
2003-02-19 00:00:00-05:00,8.715272880748474,8.7391794902054,8.590427140996475,8.627614974975586,635200,0.0,0.0
2003-02-20 00:00:00-05:00,8.659494553305718,8.672776797925735,8.460273550167948,8.510743141174316,609800,0.0,0.0
2003-02-21 00:00:00-05:00,8.486832968427887,8.723242232327202,8.454957317275278,8.624959945678711,567800,0.0,0.0
2003-02-24 00:00:00-05:00,8.603711719705641,8.603711719705641,8.481522785197784,8.486835479736328,571200,0.0,0.0
2003-02-25 00:00:00-05:00,8.407147303804454,8.489492049639852,8.250426347979563,8.481523513793945,1159600,0.0,0.0
2003-02-26 00:00:00-05:00,8.460270492372592,8.5771472110643,8.460270492372592,8.526677131652832,680000,0.0,0.0
2003-02-27 00:00:00-05:00,8.526677851948063,8.651523621090039,8.492146356073569,8.587773323059082,581000,0.0,0.0
2003-02-28 00:00:00-05:00,8.606368532506911,8.651524915929489,8.526679128102339,8.550585746765137,721400,0.0,0.0
2003-03-03 00:00:00-05:00,8.622302638378892,8.66214732688245,8.460269564606387,8.462925910949707,468400,0.0,0.0
2003-03-04 00:00:00-05:00,8.473551843720395,8.473551843720395,8.176048109308931,8.237142562866211,702400,0.0,0.0
2003-03-05 00:00:00-05:00,8.237145234573587,8.300896055482111,8.160112675988398,8.298239707946777,727000,0.0,0.0
2003-03-06 00:00:00-05:00,8.27964317817235,8.27964317817235,8.117609575996665,8.162766456604004,645400,0.0,0.0
2003-03-07 00:00:00-05:00,8.162767860883784,8.290269484540511,8.104329743369387,8.173393249511719,1147800,0.0,0.0
2003-03-10 00:00:00-05:00,8.149485990477649,8.20792410339366,7.998077760968509,8.006046295166016,506400,0.0,0.0
2003-03-11 00:00:00-05:00,7.968856878677976,8.101671159989277,7.756354231238407,7.883855819702148,1507600,0.0,0.0
2003-03-12 00:00:00-05:00,7.873071786609515,7.873071786609515,7.482114259247051,7.519861698150635,2962000,0.22,0.0
2003-03-13 00:00:00-05:00,7.603444271597922,7.641191701684823,7.430883489193163,7.625014305114746,2750600,0.0,0.0
2003-03-14 00:00:00-05:00,7.6924238204956055,7.738260224452712,7.557610928182982,7.6924238204956055,1506000,0.0,0.0
2003-03-17 00:00:00-05:00,7.6438881428949195,8.037541389465332,7.603444393685246,8.037541389465332,1402000,0.0,0.0
2003-03-18 00:00:00-05:00,8.104949215052455,8.204710960388184,7.999795346018515,8.204710960388184,1454400,0.0,0.0
2003-03-19 00:00:00-05:00,8.218194637720089,8.350311224070664,8.218194637720089,8.336830139160156,1175000,0.0,0.0
2003-03-20 00:00:00-05:00,8.336830154450594,8.374577603685582,8.15887715909932,8.304474830627441,1235600,0.0,0.0
2003-03-21 00:00:00-05:00,8.45277006359401,8.76823231236469,8.415022096840532,8.7412691116333,1029600,0.0,0.0
2003-03-24 00:00:00-05:00,8.741266456590003,8.741266456590003,8.269421901057521,8.344917297363281,1179600,0.0,0.0
2003-03-25 00:00:00-05:00,8.347611316462423,8.433891971326005,8.285597529694709,8.371877670288086,868200,0.0,0.0
2003-03-26 00:00:00-05:00,8.344914585590086,8.361091981587753,8.177746446047026,8.21819019317627,1120400,0.0,0.0
2003-03-27 00:00:00-05:00,8.115731553792601,8.13460526558134,8.007881404806902,8.042932510375977,1581000,0.0,0.0
2003-03-28 00:00:00-05:00,8.042937443404176,8.042937443404176,7.900035586932383,7.967442035675049,1419600,0.0,0.0
2003-03-31 00:00:00-05:00,7.649279182203154,7.902726898589576,7.649279182203154,7.816446781158447,1013000,0.0,0.0
2003-04-01 00:00:00-05:00,7.843410710572346,7.859588106630532,7.63579882312339,7.82723331451416,1189000,0.0,0.0
2003-04-02 00:00:00-05:00,7.9296916660727,8.129214619094672,7.908121630996547,8.056415557861328,775600,0.0,0.0
2003-04-03 00:00:00-05:00,8.08876956051208,8.08876956051208,7.929690384680399,8.013274192810059,589400,0.0,0.0
2003-04-04 00:00:00-05:00,8.1157348936144,8.1157348936144,8.02675841980146,8.061809539794922,714000,0.0,0.0
2003-04-07 00:00:00-04:00,8.21010830885508,8.22089307670946,8.026762626895605,8.03485107421875,1156200,0.0,0.0
2003-04-08 00:00:00-04:00,8.021367287041778,8.026759926289891,7.9108207538073705,7.940479755401611,719600,0.0,0.0
2003-04-09 00:00:00-04:00,7.943170639351659,8.040236028596711,7.816446781158448,7.816446781158447,690200,0.0,0.0
2003-04-10 00:00:00-04:00,7.829932084161335,7.894642202922548,7.781399366522849,7.808361530303955,822800,0.0,0.0
2003-04-11 00:00:00-04:00,7.886555239484103,7.9539616945224285,7.74634968957948,7.770616054534912,694600,0.0,0.0
2003-04-14 00:00:00-04:00,7.770612753882113,7.970135714333543,7.75173903677147,7.9512619972229,613400,0.0,0.0
2003-04-15 00:00:00-04:00,7.873071443907975,8.091468139054147,7.792183417145133,8.08877182006836,1239000,0.0,0.0
2003-04-16 00:00:00-04:00,8.07529158007198,8.088772662134078,7.886553345580726,7.900034427642822,857400,0.0,0.0
2003-04-17 00:00:00-04:00,7.900034427642823,7.953959784431843,7.889249664847209,7.900034427642822,719400,0.0,0.0
2003-04-21 00:00:00-04:00,7.900037095925899,7.921607143072852,7.8083642669837285,7.832630634307861,873800,0.0,0.0
2003-04-22 00:00:00-04:00,7.832628543047452,8.042936832282175,7.727474655565266,8.024063110351562,959600,0.0,0.0
2003-04-23 00:00:00-04:00,8.00788430757578,8.129215576314648,7.929692599798727,8.08877182006836,2320800,0.0,0.0
2003-04-24 00:00:00-04:00,8.088770969998079,8.142696315506148,7.937780722553772,7.948565483093262,727000,0.0,0.0
2003-04-25 00:00:00-04:00,8.169664043646973,8.169664043646973,8.021370013805845,8.080687522888184,2334400,0.0,0.0
2003-04-28 00:00:00-04:00,8.083377913313301,8.315256166992327,8.075289471895777,8.277508735656738,2922800,0.0,0.0
2003-04-29 00:00:00-04:00,8.317956429833098,8.37188128384445,8.19662460833431,8.304474830627441,1788600,0.0,0.0
2003-04-30 00:00:00-04:00,8.250548870096507,8.331436397400545,8.212800911653646,8.231675148010254,1911400,0.0,0.0
2003-05-01 00:00:00-04:00,8.207408477469878,8.207408477469878,8.053721872825397,8.123824119567871,1554600,0.0,0.0
2003-05-02 00:00:00-04:00,8.08607404816261,8.16965786462249,8.072592969926239,8.139999389648438,1535000,0.0,0.0
2003-05-05 00:00:00-04:00,8.140001852045545,8.196623014890736,8.069899092615552,8.166964530944824,1175800,0.0,0.0
2003-05-06 00:00:00-04:00,8.145395821099438,8.358400466945605,8.145395821099438,8.334134101867676,1723200,0.0,0.0
2003-05-07 00:00:00-04:00,8.334131588867956,8.334131588867956,8.153482322353877,8.177748680114746,795800,0.0,0.0
2003-05-08 00:00:00-04:00,8.096859821189579,8.183139961468344,8.08877086518712,8.121126174926758,1178200,0.0,0.0
2003-05-09 00:00:00-04:00,8.169658050234748,8.317952485554894,8.102251628981094,8.277508735656738,1410000,0.0,0.0
2003-05-12 00:00:00-04:00,8.255941629365969,8.50669317337073,8.169660947575212,8.452768325805664,1808600,0.0,0.0
2003-05-13 00:00:00-04:00,8.452766875474277,8.452766875474277,8.342220365522621,8.355701446533203,776800,0.0,0.0
2003-05-14 00:00:00-04:00,8.379971045098786,8.379971045098786,8.228980719442815,8.282905578613281,715200,0.0,0.0
2003-05-15 00:00:00-04:00,8.304468306746232,8.425800032928409,8.277506158056877,8.396141052246094,1695800,0.0,0.0
2003-05-16 00:00:00-04:00,8.379966959458635,8.385359597027652,8.25593938099259,8.33143424987793,942000,0.0,0.0
2003-05-19 00:00:00-04:00,8.331438472718807,8.331438472718807,8.169662863542905,8.175055503845215,952400,0.0,0.0
2003-05-20 00:00:00-04:00,8.175056152867429,8.264032667837496,8.099561239723448,8.210107803344727,929200,0.0,0.0
2003-05-21 00:00:00-04:00,8.169660145734563,8.358398379363807,8.102253707191307,8.344917297363281,2022400,0.0,0.0
2003-05-22 00:00:00-04:00,8.35839916582665,8.398842929903996,8.28829640143308,8.374576568603516,1698200,0.0,0.0
2003-05-23 00:00:00-04:00,8.385360647217807,8.708911227827226,8.355701651143919,8.622631072998047,4088800,0.0,0.0
2003-05-27 00:00:00-04:00,8.601063975628225,8.681952034144883,8.50669483116069,8.663078308105469,3644400,0.0,0.0
2003-05-28 00:00:00-04:00,8.668469096758766,8.762837706800331,8.601062138589947,8.676557540893555,4581800,0.0,0.0
2003-05-29 00:00:00-04:00,8.743963374970845,8.884168891926327,8.62532789798772,8.654986381530762,2632400,0.0,0.0
2003-05-30 00:00:00-04:00,8.657680713297085,8.84372206144748,8.628021724054193,8.81406307220459,2242600,0.0,0.0
2003-06-02 00:00:00-04:00,8.95157276202631,9.19153945213224,8.924609576961386,8.994712829589844,3886000,0.0,0.0
2003-06-03 00:00:00-04:00,9.018978217237139,9.02976349010955,8.903039105209302,8.930001258850098,1878000,0.0,0.0
2003-06-04 00:00:00-04:00,8.997410707272637,9.151097297668457,8.965055906278932,9.151097297668457,1491200,0.0,0.0
2003-06-05 00:00:00-04:00,9.043249658156064,9.261645899805211,9.035160184677377,9.153796195983887,1418400,0.0,0.0
2003-06-06 00:00:00-04:00,9.221204684165112,9.229293130890275,9.032466375096675,9.051340103149414,1695600,0.0,0.0
2003-06-09 00:00:00-04:00,9.05133378493801,9.11334756647179,8.876076685595345,8.889558792114258,1963800,0.0,0.0
2003-06-10 00:00:00-04:00,8.889560758638769,8.970448272944362,8.843723849123254,8.90304183959961,2447800,0.0,0.0
2003-06-11 00:00:00-04:00,8.853852146953432,8.974089264307649,8.689891304272969,8.933098793029785,2685000,0.22,0.0
2003-06-12 00:00:00-04:00,9.08613395690918,9.198173461748238,9.01781716024069,9.08613395690918,2241400,0.0,0.0
2003-06-13 00:00:00-04:00,9.181775833147219,9.181775833147219,8.829262001506592,8.853856086730957,1695400,0.0,0.0
2003-06-16 00:00:00-04:00,8.908504548838678,9.083396319515018,8.881178263461951,9.01781177520752,1149600,0.0,0.0
2003-06-17 00:00:00-04:00,9.031476220770932,9.031476220770932,8.79919963426778,8.954961776733398,1958600,0.0,0.0
2003-06-18 00:00:00-04:00,8.949497670284504,8.949497670284504,8.730884195221826,8.79373550415039,1662200,0.0,0.0
2003-06-19 00:00:00-04:00,8.771873993883611,8.829260880408043,8.662567773101205,8.730884552001953,1711200,0.0,0.0
2003-06-20 00:00:00-04:00,8.744548037037266,8.785538522933422,8.711755752563477,8.711755752563477,2055600,0.0,0.0
2003-06-23 00:00:00-04:00,8.711757060552705,8.725420731641456,8.621578916229977,8.700826644897461,1767000,0.0,0.0
2003-06-24 00:00:00-04:00,8.662569006695312,8.728153061233657,8.624311250636145,8.657103538513184,917600,0.0,0.0
2003-06-25 00:00:00-04:00,8.62431089875185,8.673499067952594,8.471281444406202,8.566925048828125,1513200,0.0,0.0
2003-06-26 00:00:00-04:00,8.580585524787303,8.73088271955379,8.550526502806445,8.637971878051758,1275200,0.0,0.0
2003-06-27 00:00:00-04:00,8.635242462158203,8.651638346011303,8.512272030220581,8.635242462158203,1252000,0.0,0.0
2003-06-30 00:00:00-04:00,8.635238836898775,8.676228789930933,8.583317951743092,8.654367446899414,1356200,0.0,0.0
2003-07-01 00:00:00-04:00,8.586050637735871,8.629773323559379,8.525932075032431,8.596981048583984,1587400,0.0,0.0
2003-07-02 00:00:00-04:00,8.635242462158203,8.648905611833161,8.553262000461206,8.635242462158203,1068000,0.0,0.0
2003-07-03 00:00:00-04:00,8.63523982950741,8.659833908396866,8.304586391780056,8.60791301727295,787800,0.0,0.0
2003-07-07 00:00:00-04:00,8.662565229437282,8.807396424600812,8.654367030738863,8.758208274841309,1705400,0.0,0.0
2003-07-08 00:00:00-04:00,8.717222751467611,8.881183160206891,8.717222751467611,8.834728240966797,1472000,0.0,0.0
2003-07-09 00:00:00-04:00,8.853853975819385,8.878448055180097,8.793734883508488,8.826526641845703,1307600,0.0,0.0
2003-07-10 00:00:00-04:00,8.744545701355017,8.744545701355017,8.572387687194428,8.668030738830566,1450200,0.0,0.0
2003-07-11 00:00:00-04:00,8.676233252991857,8.744550050259509,8.62977781000122,8.670767784118652,760600,0.0,0.0
2003-07-14 00:00:00-04:00,8.744548351588014,8.75821149990109,8.676231567591232,8.69536018371582,1063000,0.0,0.0
2003-07-15 00:00:00-04:00,8.739081090539653,8.810131115078606,8.596982083892929,8.60791301727295,1583000,0.0,0.0
2003-07-16 00:00:00-04:00,8.624309451545082,8.771873413169551,8.594250425245363,8.717220306396484,1469400,0.0,0.0
2003-07-17 00:00:00-04:00,8.717216703412788,8.845651998521268,8.717216703412788,8.7882661819458,1173600,0.0,0.0
2003-07-18 00:00:00-04:00,8.881181983143955,9.127122824265118,8.867518834733092,9.113458633422852,2174400,0.0,0.0
2003-07-21 00:00:00-04:00,9.00415092745597,9.181773912538365,9.00415092745597,9.157179832458496,2841200,0.0,0.0
2003-07-22 00:00:00-04:00,9.154448852223963,9.198171551313449,9.017815287265396,9.195439338684082,2452400,0.0,0.0
2003-07-23 00:00:00-04:00,9.195437036881723,9.195437036881723,9.053338039803279,9.148981094360352,1518400,0.0,0.0
2003-07-24 00:00:00-04:00,9.181774016995956,9.340269433187407,9.045140468871423,9.072467803955078,3902400,0.0,0.0
2003-07-25 00:00:00-04:00,9.195439858515977,9.700983660469268,9.168112518520585,9.659993171691895,4854400,0.0,0.0
2003-07-28 00:00:00-04:00,9.960584443677563,10.171000202818604,9.774762761382387,9.837614059448242,6061000,0.0,0.0
2003-07-29 00:00:00-04:00,9.758368556859427,9.914130731096241,9.690051777196567,9.873141288757324,2759600,0.0,0.0
2003-07-30 00:00:00-04:00,9.875871280668232,9.88680221313997,9.741971006398266,9.837614059448242,2455800,0.0,0.0
2003-07-31 00:00:00-04:00,9.84308410139779,10.116351285637268,9.840350845793711,9.919598579406738,3083200,0.0,0.0
2003-08-01 00:00:00-04:00,9.941455833067568,9.941455833067568,9.807554516366508,9.837614059448242,2600400,0.0,0.0
2003-08-04 00:00:00-04:00,9.837618103963099,9.837618103963099,9.542489060477074,9.761103630065918,2042800,0.0,0.0
2003-08-05 00:00:00-04:00,9.782965084816952,9.788430553648018,9.602608783118121,9.610806465148926,1881600,0.0,0.0
2003-08-06 00:00:00-04:00,9.605337867516582,9.649060556746422,9.496030623226414,9.580743789672852,1932600,0.0,0.0
2003-08-07 00:00:00-04:00,9.52336008516472,9.591676874993539,9.414053846897502,9.512430191040039,1797800,0.0,0.0
2003-08-08 00:00:00-04:00,9.537023364435179,9.659992740414374,9.53155789668011,9.619003295898438,2019200,0.0,0.0
2003-08-11 00:00:00-04:00,9.567081427041142,9.632665994610406,9.504230114437572,9.569814682006836,1775400,0.0,0.0
2003-08-12 00:00:00-04:00,9.564352315456134,9.599877344508696,9.427718710949616,9.591678619384766,1652800,0.0,0.0
2003-08-13 00:00:00-04:00,9.591674448185765,9.632664928684571,9.537021864095653,9.561615943908691,1297600,0.0,0.0
2003-08-14 00:00:00-04:00,9.564348279602761,9.695516359488423,9.561616067335477,9.67092227935791,1516200,0.0,0.0
2003-08-15 00:00:00-04:00,9.676384370152633,9.7283047245655,9.580741337699749,9.616265296936035,853000,0.0,0.0
2003-08-18 00:00:00-04:00,9.632665053028497,9.67092227935791,9.564348279602761,9.67092227935791,1523800,0.0,0.0
2003-08-19 00:00:00-04:00,9.670919636181242,9.905929439323808,9.632662420307978,9.889533042907715,2898800,0.0,0.0
2003-08-20 00:00:00-04:00,9.862213529782784,9.94692673912043,9.810293135794225,9.905936241149902,1656000,0.0,0.0
2003-08-21 00:00:00-04:00,9.916862390301691,10.05349592764143,9.905931457131034,10.001574516296387,2092800,0.0,0.0
2003-08-22 00:00:00-04:00,10.001576849058264,10.007042316918357,9.736508433647963,9.739240646362305,1389600,0.0,0.0
2003-08-25 00:00:00-04:00,9.700981766836984,9.700981766836984,9.504229127002015,9.564348220825195,1744800,0.0,0.0
2003-08-26 00:00:00-04:00,9.569813231217234,9.605338243366276,9.441377370515356,9.515159606933594,1465200,0.0,0.0
2003-08-27 00:00:00-04:00,9.504232662974331,9.564351779164339,9.46324320937974,9.534292221069336,978600,0.0,0.0
2003-08-28 00:00:00-04:00,9.578012236710176,9.793893509196266,9.537022794643164,9.758368492126465,1779600,0.0,0.0
2003-08-29 00:00:00-04:00,9.758368691960806,9.843081875190858,9.64906246844572,9.785696029663086,1161800,0.0,0.0
2003-09-02 00:00:00-04:00,9.804822304464121,9.85401045815585,9.744703218300653,9.837614059448242,1627000,0.0,0.0
2003-09-03 00:00:00-04:00,9.837611778217857,9.927790386551663,9.81028549580626,9.894997596740723,1363400,0.0,0.0
2003-09-04 00:00:00-04:00,9.892268367572186,9.897733834188282,9.731040750906411,9.807555198669434,910000,0.0,0.0
2003-09-05 00:00:00-04:00,9.777500050559222,9.818490547398302,9.714648719855838,9.769302368164062,991600,0.0,0.0
2003-09-08 00:00:00-04:00,9.878604535001713,9.916861756221705,9.807554516366508,9.837614059448242,1055400,0.0,0.0
2003-09-09 00:00:00-04:00,9.796627318991431,9.837617810173084,9.761103338560927,9.834885597229004,943800,0.0,0.0
2003-09-10 00:00:00-04:00,9.796628937252644,9.799362193079713,9.638134499527691,9.690054893493652,1349000,0.0,0.0
2003-09-11 00:00:00-04:00,9.709422214912001,9.759228397703819,9.651315353497822,9.726024627685547,1542000,0.22,0.0
2003-09-12 00:00:00-04:00,9.712187338504041,9.822867963116822,9.681751169487756,9.778595924377441,1108400,0.0,0.0
2003-09-15 00:00:00-04:00,9.795199895440884,9.795199895440884,9.595975161605976,9.618110656738281,1177200,0.0,0.0
2003-09-16 00:00:00-04:00,9.629179242321113,9.817335706887857,9.615344425476561,9.773063659667969,991200,0.0,0.0
2003-09-17 00:00:00-04:00,9.773061051996162,9.773061051996162,9.55723501132754,9.587672233581543,1281400,0.0,0.0
2003-09-18 00:00:00-04:00,9.58767346401486,9.631945505103626,9.562770374931885,9.61534309387207,1160200,0.0,0.0
2003-09-19 00:00:00-04:00,9.587675609311301,9.612578703966484,9.463160136035382,9.524033546447754,1591000,0.0,0.0
2003-09-22 00:00:00-04:00,9.504661425292237,9.515729698237738,9.230728530827014,9.382913589477539,1901000,0.0,0.0
2003-09-23 00:00:00-04:00,9.38567890151057,9.501893641170424,9.316503787948038,9.463155746459961,938400,0.0,0.0
2003-09-24 00:00:00-04:00,9.482523276022006,9.504658760177593,9.250094886982628,9.305435180664062,764200,0.0,0.0
2003-09-25 00:00:00-04:00,9.288837669502497,9.324809037675328,9.15602152801304,9.205827713012695,971800,0.0,0.0
2003-09-26 00:00:00-04:00,9.205827641091783,9.205827641091783,9.075778041772164,9.08131217956543,852000,0.0,0.0
2003-09-29 00:00:00-04:00,9.14494650661206,9.191986115759343,9.034266998110846,9.189218521118164,933400,0.0,0.0
2003-09-30 00:00:00-04:00,9.191988709433101,9.305435844586507,9.050870897700582,9.269464492797852,1562400,0.0,0.0
2003-10-01 00:00:00-04:00,9.31097001678711,9.338639637947452,9.167085664590884,9.274998664855957,1218800,0.0,0.0
2003-10-02 00:00:00-04:00,9.275001752675228,9.27776829350094,9.117282537391194,9.191991806030273,1334200,0.0,0.0
2003-10-03 00:00:00-04:00,9.131114470135415,9.338639799002129,8.99276425089094,9.178153038024902,2576600,0.0,0.0
2003-10-06 00:00:00-04:00,9.180924140339336,9.186458277886395,9.08961245410606,9.144952774047852,1506400,0.0,0.0
2003-10-07 00:00:00-04:00,9.144952186808403,9.144952186808403,8.96786401878937,9.084078788757324,1397400,0.0,0.0
2003-10-08 00:00:00-04:00,9.028738333414534,9.128350690274367,8.984466292091135,9.061942100524902,931200,0.0,0.0
2003-10-09 00:00:00-04:00,9.131115733884547,9.172621227613625,8.951260001763279,8.995532035827637,1129800,0.0,0.0
2003-10-10 00:00:00-04:00,9.020433409655412,9.073007165808733,8.882083197510218,8.920822143554688,1020000,0.0,0.0
2003-10-13 00:00:00-04:00,8.934661320870708,8.992768185047161,8.88208753901965,8.976165771484375,838200,0.0,0.0
2003-10-14 00:00:00-04:00,8.918055428892142,8.995531217575271,8.815676557342512,8.909754753112793,1047800,0.0,0.0
2003-10-15 00:00:00-04:00,9.186452197470484,9.308199976335802,9.031499615300715,9.111742973327637,1629000,0.0,0.0
2003-10-16 00:00:00-04:00,9.08961027614937,9.122815093475541,9.014902075986877,9.108979225158691,920800,0.0,0.0
2003-10-17 00:00:00-04:00,9.089613711398448,9.208595046295933,9.01490548300138,9.073012351989746,694200,0.0,0.0
2003-10-20 00:00:00-04:00,9.117285528747272,9.117285528747272,9.02320727687518,9.092382431030273,799400,0.0,0.0
2003-10-21 00:00:00-04:00,9.111747635672332,9.183689301920557,9.075776274783893,9.095145225524902,883400,0.0,0.0
2003-10-22 00:00:00-04:00,9.09514265087722,9.09514265087722,8.882083197510218,8.920822143554688,870600,0.0,0.0
2003-10-23 00:00:00-04:00,8.895921833127405,9.06194171718497,8.88762010005445,9.017669677734375,978400,0.0,0.0
2003-10-24 00:00:00-04:00,8.7160634257098,8.718830493303631,8.591548022808274,8.704995155334473,3301200,0.0,0.0
2003-10-27 00:00:00-05:00,8.707766600842334,8.835049135330218,8.702232990636773,8.832282066345215,1729600,0.0,0.0
2003-10-28 00:00:00-05:00,8.88208583543619,8.97893164601746,8.796309353969216,8.887619972229004,1416400,0.0,0.0
2003-10-29 00:00:00-05:00,8.840582387970006,9.048107791182781,8.826747044430519,9.014904022216797,869600,0.0,0.0
2003-10-30 00:00:00-05:00,9.111747764477604,9.144951529713186,8.835047257947531,8.89592170715332,3306400,0.0,0.0
2003-10-31 00:00:00-05:00,8.937425998121608,9.023203533680356,8.909756370149701,8.981698036193848,2382600,0.0,0.0
2003-11-03 00:00:00-05:00,9.009372310958819,9.009372310958819,8.920828199519391,8.959566116333008,959400,0.0,0.0
2003-11-04 00:00:00-05:00,8.912523236304054,8.956795275993523,8.826746225376251,8.915290832519531,1058400,0.0,0.0
2003-11-05 00:00:00-05:00,8.918059450787243,8.945730141744846,8.86825326259249,8.926360130310059,652200,0.0,0.0
2003-11-06 00:00:00-05:00,8.926360916229356,8.926360916229356,8.801845962544046,8.906991958618164,865200,0.0,0.0
2003-11-07 00:00:00-05:00,8.906991531238072,9.57383990486223,8.906991531238072,9.551704406738281,4777800,0.0,0.0
2003-11-10 00:00:00-05:00,9.568304791897711,9.568304791897711,9.399517300456754,9.421652793884277,1319800,0.0,0.0
2003-11-11 00:00:00-05:00,9.42995297343174,9.515729447679284,9.35801025670891,9.468690872192383,1550000,0.0,0.0
2003-11-12 00:00:00-05:00,9.501892772157536,9.60150509546191,9.46038728560459,9.573834419250488,679000,0.0,0.0
2003-11-13 00:00:00-05:00,9.629177582215014,9.71495512070906,9.546167639930054,9.690052032470703,1035400,0.0,0.0
2003-11-14 00:00:00-05:00,9.69005591457111,9.809037266540573,9.662385219038033,9.692822456359863,1105600,0.0,0.0
2003-11-17 00:00:00-05:00,9.692815688138671,9.692815688138671,9.46038728560459,9.573834419250488,827200,0.0,0.0
2003-11-18 00:00:00-05:00,9.54616883518064,9.595975017893453,9.496362652467829,9.499130249023438,892400,0.0,0.0
2003-11-19 00:00:00-05:00,9.518499545284937,9.604276042076492,9.499130590814016,9.53786849975586,643200,0.0,0.0
2003-11-20 00:00:00-05:00,9.496360498298962,9.554467346439926,9.399515751397356,9.468690872192383,823000,0.0,0.0
2003-11-21 00:00:00-05:00,9.490828617346992,9.57383857092157,9.452090709380776,9.507431030273438,866400,0.0,0.0
2003-11-24 00:00:00-05:00,9.546166735579433,9.698351791272808,9.546166735579433,9.695585250854492,1122200,0.0,0.0
2003-11-25 00:00:00-05:00,9.73985280536803,9.85053231516779,9.667910121246495,9.833930969238281,1082800,0.0,0.0
2003-11-26 00:00:00-05:00,9.833934612983214,9.950148299662562,9.833934612983214,9.922478675842285,1118600,0.0,0.0
2003-11-28 00:00:00-05:00,9.905879700678147,9.952919344106315,9.856073516120723,9.869908332824707,320200,0.0,0.0
2003-12-01 00:00:00-05:00,9.936313263984998,10.224081989560629,9.936313263984998,10.215780258178711,1558400,0.0,0.0
2003-12-02 00:00:00-05:00,10.218551738369772,10.315396511903543,10.160444874249508,10.235154151916504,1340000,0.0,0.0
2003-12-03 00:00:00-05:00,10.235151499677604,10.334762788559086,10.232383903705884,10.251752853393555,901800,0.0,0.0
2003-12-04 00:00:00-05:00,10.296022815288982,10.387334464448468,10.226847707329993,10.348596572875977,943200,0.0,0.0
2003-12-05 00:00:00-05:00,10.318162183823839,10.318162183823839,10.141074027808505,10.226850509643555,890400,0.0,0.0
2003-12-08 00:00:00-05:00,10.199180928625761,10.46204662322998,10.199180928625761,10.46204662322998,827800,0.0,0.0
2003-12-09 00:00:00-05:00,10.545055041951127,10.807920698593783,10.528452633821683,10.722143173217773,2520600,0.0,0.0
2003-12-10 00:00:00-05:00,10.722141877190506,10.78578285070139,10.556122038077623,10.572723388671875,2175600,0.0,0.0
2003-12-11 00:00:00-05:00,10.553133108374452,10.729485495528085,10.37678072122082,10.704292297363281,1443200,0.22,0.0
2003-12-12 00:00:00-05:00,10.704295860486042,10.917037663051005,10.637113620408671,10.849855422973633,1423800,0.0,0.0
2003-12-15 00:00:00-05:00,10.973014223251196,10.973014223251196,10.763071353167913,10.79106330871582,1507800,0.0,0.0
2003-12-16 00:00:00-05:00,10.530739947439175,10.651107345623435,10.488751990660521,10.558732986450195,1900400,0.0,0.0
2003-12-17 00:00:00-05:00,10.561529892265561,10.676298662390243,10.477552925705437,10.645506858825684,1139000,0.0,0.0
2003-12-18 00:00:00-05:00,10.617513262193441,10.637107849121094,10.55313089545617,10.637107849121094,1090800,0.0,0.0
2003-12-19 00:00:00-05:00,10.712694436141888,10.740686416401255,10.595125769836224,10.653910636901855,912400,0.0,0.0
2003-12-22 00:00:00-05:00,10.609121752124286,10.735086718345354,10.609121752124286,10.726689338684082,646800,0.0,0.0
2003-12-23 00:00:00-05:00,10.768672983545084,10.903036330011853,10.726683970600801,10.819059371948242,1083600,0.0,0.0
2003-12-24 00:00:00-05:00,10.838655854866383,10.838655854866383,10.763076259047773,10.793868064880371,384400,0.0,0.0
2003-12-26 00:00:00-05:00,10.833054992678429,10.908634572764724,10.833054992678429,10.900236129760742,244800,0.0,0.0
2003-12-29 00:00:00-05:00,10.900235971816851,11.029001773704499,10.866645403762421,11.02340316772461,1721800,0.0,0.0
2003-12-30 00:00:00-05:00,11.001007277326723,11.015003256498273,10.891837144833959,10.917030334472656,1131600,0.0,0.0
2003-12-31 00:00:00-05:00,10.945024176847882,11.076588752921932,10.945024176847882,11.065391540527344,992800,0.0,0.0
2004-01-02 00:00:00-05:00,11.065393049929954,11.154968625655549,10.973018704636411,11.08498764038086,1328800,0.0,0.0
2004-01-05 00:00:00-05:00,11.196953208994993,11.4572824565301,11.191354604251535,11.437687873840332,2016000,0.0,0.0
2004-01-06 00:00:00-05:00,11.409701320801204,11.412501158673113,11.238948584499337,11.322925567626953,1317200,0.0,0.0
2004-01-07 00:00:00-05:00,11.308928474522782,11.339719213322242,11.11298148785936,11.283735275268555,1475200,0.0,0.0
2004-01-08 00:00:00-05:00,11.286530834076846,11.387303602424387,11.247341661458329,11.353713035583496,920600,0.0,0.0
2004-01-09 00:00:00-05:00,11.356512572795172,11.35931240978582,11.11017924104021,11.126975059509277,1326200,0.0,0.0
2004-01-12 00:00:00-05:00,11.126975020242122,11.24174377648005,11.115777807968925,11.238945007324219,770200,0.0,0.0
2004-01-13 00:00:00-05:00,11.23894104464186,11.28932741428083,11.079384563393308,11.112975120544434,986400,0.0,0.0
2004-01-14 00:00:00-05:00,11.115779444753738,11.149371086519656,11.020605262067155,11.08498764038086,1955000,0.0,0.0
2004-01-15 00:00:00-05:00,11.140974140356272,11.188561772011491,10.917035170927926,11.043001174926758,1387200,0.0,0.0
2004-01-16 00:00:00-05:00,11.029002107003793,11.029002107003793,10.891838925913659,10.928229331970215,1779800,0.0,0.0
2004-01-20 00:00:00-05:00,10.998210401809706,11.110179322280752,10.950622783045178,11.065391540527344,917400,0.0,0.0
2004-01-21 00:00:00-05:00,11.073790257178006,11.11017959662155,10.945024447110548,11.056994438171387,731600,0.0,0.0
2004-01-22 00:00:00-05:00,11.082190182351727,11.112981990368711,10.959024018109018,10.989814758300781,835800,0.0,0.0
2004-01-23 00:00:00-05:00,11.006604483857018,11.056990856731383,10.757472455658554,10.763071060180664,1770800,0.0,0.0
2004-01-26 00:00:00-05:00,10.777071236605472,10.779870006044687,10.65390509260414,10.718287467956543,1377400,0.0,0.0
2004-01-27 00:00:00-05:00,10.76027397664132,10.917031739887438,10.637107849121094,10.637107849121094,1848600,0.0,0.0
2004-01-28 00:00:00-05:00,10.679097744139407,10.9422258388309,10.679097744139407,10.735081672668457,1780000,0.0,0.0
2004-01-29 00:00:00-05:00,10.82185974159906,10.959022945387089,10.749079985267223,10.777071952819824,1783600,0.0,0.0
2004-01-30 00:00:00-05:00,11.057000856561642,11.252947920749373,11.057000856561642,11.166171073913574,2673400,0.0,0.0
2004-02-02 00:00:00-05:00,11.196961505580042,11.205358885005078,11.079393922327672,11.110184669494629,1330400,0.0,0.0
2004-02-03 00:00:00-05:00,11.129771238012033,11.166161635645329,11.062590115423307,11.118575096130371,1549000,0.0,0.0
2004-02-04 00:00:00-05:00,11.11018024295966,11.135373439022722,10.98981286930559,11.015006065368652,1175400,0.0,0.0
2004-02-05 00:00:00-05:00,11.029002262689497,11.19975494743459,11.029002262689497,11.140971183776855,1198800,0.0,0.0
2004-02-06 00:00:00-05:00,11.12417961868425,11.28093636666388,11.12417961868425,11.269739151000977,1534000,0.0,0.0
2004-02-09 00:00:00-05:00,11.331321715284686,11.591651082192516,11.28933376219239,11.54406452178955,1582800,0.0,0.0
2004-02-10 00:00:00-05:00,11.518870274117463,11.65883224066652,11.465684043420781,11.616843223571777,1089000,0.0,0.0
2004-02-11 00:00:00-05:00,11.644837788391127,11.92196301384402,11.602849829751495,11.913565635681152,1199400,0.0,0.0
2004-02-12 00:00:00-05:00,11.924764255243458,12.036734303804405,11.840787252735508,11.983549118041992,1504800,0.0,0.0
2004-02-13 00:00:00-05:00,11.986341084326048,12.019931652695423,11.826784549790371,11.832383155822754,1356600,0.0,0.0
2004-02-17 00:00:00-05:00,11.910764464117515,12.008738492290622,11.910764464117515,11.994741439819336,1223000,0.0,0.0
2004-02-18 00:00:00-05:00,11.994742782847895,12.008739836886406,11.787599624111657,11.913565635681152,1012600,0.0,0.0
2004-02-19 00:00:00-05:00,11.952754610615118,12.232678601178351,11.952754610615118,12.047928810119629,1215200,0.0,0.0
2004-02-20 00:00:00-05:00,12.092711436514929,12.120703396475161,11.75680257786802,11.919158935546875,1051200,0.0,0.0
2004-02-23 00:00:00-05:00,11.989140238257306,12.033928016139974,11.952749835032371,11.997537612915039,682000,0.0,0.0
2004-02-24 00:00:00-05:00,11.997537196522549,12.036726367331658,11.924756392598646,11.991938591003418,1633400,0.0,0.0
2004-02-25 00:00:00-05:00,12.01993390687026,12.134702682495117,11.966748741325853,12.134702682495117,1125800,0.0,0.0
2004-02-26 00:00:00-05:00,12.092713999881173,12.10950875228747,11.980744000655633,12.050724983215332,1244000,0.0,0.0
2004-02-27 00:00:00-05:00,11.756807230684615,11.933159638135953,11.563660067740456,11.854780197143555,2515000,0.0,0.0
2004-03-01 00:00:00-05:00,11.832384597151949,12.081516722903242,11.823987220992931,11.938755989074707,1261800,0.0,0.0
2004-03-02 00:00:00-05:00,11.938754534788176,12.008735508455574,11.781996769356233,11.832383155822754,1339400,0.0,0.0
2004-03-03 00:00:00-05:00,11.804386922400596,11.823982572108878,11.681220826585523,11.75400161743164,825800,0.0,0.0
2004-03-04 00:00:00-05:00,11.781999249948361,11.790396626852468,11.474083328112895,11.689623832702637,3304000,0.0,0.0
2004-03-05 00:00:00-05:00,11.692423372612016,11.759604521785173,11.569257220577821,11.636438369750977,981000,0.0,0.0
2004-03-08 00:00:00-05:00,11.588848547365513,11.79039300594439,11.588848547365513,11.630836486816406,1226000,0.0,0.0
2004-03-09 00:00:00-05:00,11.594446905128306,11.664427876987821,11.364909402855092,11.4796781539917,2413200,0.0,0.0
2004-03-10 00:00:00-05:00,11.510470954882559,11.518869398358024,11.126975494685645,11.157767295837402,1103200,0.0,0.0
2004-03-11 00:00:00-05:00,11.143610607001923,11.333253518208227,11.067187440970443,11.203051567077637,1497600,0.22,0.0
2004-03-12 00:00:00-05:00,11.234192156229255,11.404021867491247,11.20588774422431,11.321937561035156,1092600,0.0,0.0
2004-03-15 00:00:00-05:00,11.336085503728139,11.364390984831978,11.070020459814241,11.092663764953613,1616000,0.0,0.0
2004-03-16 00:00:00-05:00,11.228533605703563,11.279482422668353,10.985112799892661,11.160602569580078,1201000,0.0,0.0
2004-03-17 00:00:00-05:00,11.160599835395447,11.313446248844668,11.140786531401371,11.265327453613281,1039400,0.0,0.0
2004-03-18 00:00:00-05:00,11.265325558114409,11.265325558114409,10.987938269126342,11.106819152832031,1228800,0.0,0.0
2004-03-19 00:00:00-05:00,11.106819146949128,11.319105436548933,11.072852563197548,11.18607234954834,1174200,0.0,0.0
2004-03-22 00:00:00-05:00,11.186067986201135,11.186067986201135,10.934155193565294,11.041712760925293,1044000,0.0,0.0
2004-03-23 00:00:00-05:00,11.364392493789174,12.179571022432086,11.364392493789174,11.658761978149414,3661600,0.0,0.0
2004-03-24 00:00:00-05:00,11.587995916876517,11.672911262636983,11.446471780267037,11.517233848571777,1330000,0.0,0.0
2004-03-25 00:00:00-05:00,11.554034931163654,11.987098612515794,11.534221630692896,11.913506507873535,1873800,0.0,0.0
2004-03-26 00:00:00-05:00,11.913508844391066,11.913508844391066,11.774814634150687,11.84274673461914,1205000,0.0,0.0
2004-03-29 00:00:00-05:00,11.987102072827257,12.168253997593359,11.944645450881367,12.05786418914795,1426400,0.0,0.0
2004-03-30 00:00:00-05:00,12.086168289184572,12.111642691310896,12.029558386710061,12.08616828918457,1419000,0.0,0.0
2004-03-31 00:00:00-05:00,12.128629781424925,12.128629781424925,11.978614397350148,12.080512046813965,1653400,0.0,0.0
2004-04-01 00:00:00-05:00,12.171079089069924,12.213536773603721,12.086164799746097,12.100317001342773,1463800,0.0,0.0
2004-04-02 00:00:00-05:00,12.284301829853979,12.425826039507854,12.233353027999062,12.357893943786621,1577200,0.0,0.0
2004-04-05 00:00:00-04:00,12.029559681885724,12.224862732719014,12.029559681885724,12.210710525512695,1696000,0.0,0.0
2004-04-06 00:00:00-04:00,12.213537217287383,12.335248098979,12.154096240831986,12.292790412902832,1375600,0.0,0.0
2004-04-07 00:00:00-04:00,12.292797588039289,12.369220819737292,12.196561045872668,12.25317096710205,938200,0.0,0.0
2004-04-08 00:00:00-04:00,12.363556136089722,12.411673853353996,12.156930901275125,12.236184120178223,713800,0.0,0.0
2004-04-12 00:00:00-04:00,12.224859921771563,12.425825104971093,12.224859921771563,12.321096420288086,686000,0.0,0.0
2004-04-13 00:00:00-04:00,12.383366949813443,12.41167135665831,12.072014155544268,12.122962951660156,752400,0.0,0.0
2004-04-14 00:00:00-04:00,12.122967439236294,12.207881770947665,12.057865335855125,12.11447525024414,1053600,0.0,0.0
2004-04-15 00:00:00-04:00,12.128621404536124,12.202214580428873,12.046538203377896,12.100317001342773,720800,0.0,0.0
2004-04-16 00:00:00-04:00,12.156926652094391,12.18240104637269,12.043706882025571,12.159756660461426,795200,0.0,0.0
2004-04-19 00:00:00-04:00,12.159759469663127,12.255995972531485,12.114471767121783,12.233352661132812,736600,0.0,0.0
2004-04-20 00:00:00-04:00,12.222032525606064,12.338082350412657,12.001255073472588,12.006915092468262,646400,0.0,0.0
2004-04-21 00:00:00-04:00,11.989928503343743,12.021063995185948,11.859726519043418,11.972945213317871,713600,0.0,0.0
2004-04-22 00:00:00-04:00,11.972947260954808,12.454129763209421,11.941811763787749,12.445638656616211,1072800,0.0,0.0
2004-04-23 00:00:00-04:00,12.397526102853318,12.482440450731827,12.289967353010132,12.411678314208984,1216800,0.0,0.0
2004-04-26 00:00:00-04:00,12.434315704203277,12.465451199474495,12.360722519063327,12.3975191116333,595000,0.0,0.0
2004-04-27 00:00:00-04:00,12.247503777241423,12.298452573040416,12.001251984042218,12.250333786010742,1812200,0.0,0.0
2004-04-28 00:00:00-04:00,12.227693007323019,12.227693007323019,11.944644563078246,12.088998794555664,1167400,0.0,0.0
2004-04-29 00:00:00-04:00,12.088997097156984,12.142776985048576,11.879541882481869,11.961625099182129,1415400,0.0,0.0
2004-04-30 00:00:00-04:00,12.255994036018398,12.326756127542458,12.006911171525436,12.049368858337402,2122400,0.0,0.0
2004-05-03 00:00:00-04:00,12.100320389104445,12.199386907760887,11.9587961740272,12.171082496643066,1291200,0.0,0.0
2004-05-04 00:00:00-04:00,12.241846866877857,12.621131876578987,12.227694658703154,12.510743141174316,2750000,0.0,0.0
2004-05-05 00:00:00-04:00,12.56168803710212,12.771143244156482,12.459790442429648,12.516400337219238,2078600,0.0,0.0
2004-05-06 00:00:00-04:00,12.522065089402364,12.55886061397251,12.323930939682707,12.42299747467041,1057600,0.0,0.0
2004-05-07 00:00:00-04:00,12.422996464513739,12.468284173931938,12.233354518745077,12.244675636291504,1968800,0.0,0.0
2004-05-10 00:00:00-04:00,12.244676707169239,12.329592114530918,12.038051447393949,12.117305755615234,1483400,0.0,0.0
2004-05-11 00:00:00-04:00,12.156929155263445,12.46828196744609,12.156929155263445,12.445638656616211,1605400,0.0,0.0
2004-05-12 00:00:00-04:00,12.425823602589642,12.479602403003312,12.298451622932188,12.471111297607422,2466800,0.0,0.0
2004-05-13 00:00:00-04:00,12.47394305560215,12.740008166178706,12.47394305560215,12.708873748779297,1447600,0.0,0.0
2004-05-14 00:00:00-04:00,12.652257673903897,12.728680835098343,12.553190133210308,12.632444381713867,1146000,0.0,0.0
2004-05-17 00:00:00-04:00,12.623960754361038,12.623960754361038,12.355065583919925,12.417335510253906,1286400,0.0,0.0
2004-05-18 00:00:00-04:00,12.45412927449768,12.589992373377473,12.425824867135029,12.564517974853516,1057600,0.0,0.0
2004-05-19 00:00:00-04:00,12.63528042555113,12.986260917258198,12.63528042555113,12.725855827331543,2217000,0.0,0.0
2004-05-20 00:00:00-04:00,12.740002982141982,12.793782847958415,12.604139933318184,12.663580894470215,1810600,0.0,0.0
2004-05-21 00:00:00-04:00,12.734348865392107,12.907007494261443,12.706043375602357,12.810770988464355,1378000,0.0,0.0
2004-05-24 00:00:00-04:00,12.85039488479442,13.014562358188487,12.813598298790485,12.915495872497559,992000,0.0,0.0
2004-05-25 00:00:00-04:00,12.938143259820604,13.164581784085474,12.836245653965399,13.124955177307129,1378000,0.0,0.0
2004-05-26 00:00:00-04:00,13.122121896834232,13.141935195284004,13.09098640505779,13.116460800170898,1357600,0.0,0.0
2004-05-27 00:00:00-04:00,13.119290328782023,13.209865712594917,13.0570204272505,13.076833724975586,1739200,0.0,0.0
2004-05-28 00:00:00-04:00,13.099477510180899,13.133444090160898,12.957953332828922,13.116460800170898,1444400,0.0,0.0
2004-06-01 00:00:00-04:00,13.116465512422701,13.20421092261231,13.0145678953623,13.08533000946045,1462800,0.0,0.0
2004-06-02 00:00:00-04:00,13.161746836306952,13.167407932257396,13.074001468690524,13.099475860595703,1585000,0.0,0.0
2004-06-03 00:00:00-04:00,13.105140402445775,13.116462597323752,12.875871894758358,12.895685195922852,1151400,0.0,0.0
2004-06-04 00:00:00-04:00,12.983429981492671,13.090988677277535,12.884363472048701,12.935312271118164,985000,0.0,0.0
2004-06-07 00:00:00-04:00,13.006072824180187,13.12495262136467,12.963615136760676,13.096648216247559,964000,0.0,0.0
2004-06-08 00:00:00-04:00,13.025886893978104,13.19288548542951,12.955124797257064,13.187224388122559,1004800,0.0,0.0
2004-06-09 00:00:00-04:00,13.18722770694248,13.294786423355976,13.113635582919043,13.18439769744873,1502400,0.0,0.0
2004-06-10 00:00:00-04:00,13.241000811162138,13.24383189917832,13.006071253773706,13.110798835754395,1025000,0.0,0.0
2004-06-14 00:00:00-04:00,13.093659662768832,13.093659662768832,12.727883397022456,12.730740547180176,1849400,0.22,0.0
2004-06-15 00:00:00-04:00,12.773599718057481,12.802175567252956,12.607856740447165,12.699300765991211,2158600,0.0,0.0
2004-06-16 00:00:00-04:00,12.730735817546947,12.730735817546947,12.373532225078746,12.567851066589355,2281400,0.0,0.0
2004-06-17 00:00:00-04:00,12.587856302902953,12.587856302902953,12.444974844095658,12.482124328613281,1318600,0.0,0.0
2004-06-18 00:00:00-04:00,12.487835917039947,12.593567859149557,12.402107285867327,12.522127151489258,1480200,0.0,0.0
2004-06-21 00:00:00-04:00,12.530700627826423,12.530700627826423,12.35067081588487,12.416396141052246,1897000,0.0,0.0
2004-06-22 00:00:00-04:00,12.447833118223635,12.539277164905798,12.310667048200388,12.430686950683594,2146400,0.0,0.0
2004-06-23 00:00:00-04:00,12.453547437917628,12.707876239042331,12.402110029813876,12.67644214630127,1093000,0.0,0.0
2004-06-24 00:00:00-04:00,12.696447412266846,12.816467322882092,12.636437456959223,12.745026588439941,1015600,0.0,0.0
2004-06-25 00:00:00-04:00,12.807891767808034,12.96220397949219,12.79646099136502,12.962203979492188,1332400,0.0,0.0
2004-06-28 00:00:00-04:00,13.053652767824302,13.173672693916835,12.95935046295225,13.013646125793457,1953600,0.0,0.0
2004-06-29 00:00:00-04:00,12.996495202478437,13.245108594259612,12.982207276991948,13.20510196685791,846000,0.0,0.0
2004-06-30 00:00:00-04:00,13.173675466683203,13.29369650813674,13.147956749950264,13.210824966430664,1457600,0.0,0.0
2004-07-01 00:00:00-04:00,13.239397177316064,13.239397177316064,12.967922173598751,13.019359588623047,1364200,0.0,0.0
2004-07-02 00:00:00-04:00,12.987925682194387,12.999356461278389,12.836470584579095,12.842185974121094,1209600,0.0,0.0
2004-07-06 00:00:00-04:00,12.84504040476788,12.945056966845433,12.816463465532316,12.86218547821045,1507200,0.0,0.0
2004-07-07 00:00:00-04:00,12.859332142747098,12.922200337610015,12.77931886935727,12.842185974121094,1153800,0.0,0.0
2004-07-08 00:00:00-04:00,12.84218595096577,12.870762898624248,12.685016554190955,12.687874794006348,897600,0.0,0.0
2004-07-09 00:00:00-04:00,12.750741940066664,12.830756303671171,12.67930120583709,12.796463966369629,1342200,0.0,0.0
2004-07-12 00:00:00-04:00,12.80218017008539,12.916485788161708,12.736454821226213,12.876479148864746,1107800,0.0,0.0
2004-07-13 00:00:00-04:00,12.905052137365816,12.913624675279713,12.825038876572327,12.856472969055176,670400,0.0,0.0
2004-07-14 00:00:00-04:00,12.856476862062241,12.89934065471002,12.719309673311443,12.853618621826172,691800,0.0,0.0
2004-07-15 00:00:00-04:00,12.839326843563743,12.95934673513196,12.839326843563743,12.865045547485352,611400,0.0,0.0
2004-07-16 00:00:00-04:00,12.936484430124148,12.982206442802282,12.856471180462107,12.86218547821045,679200,0.0,0.0
2004-07-19 00:00:00-04:00,12.873617147326755,12.873617147326755,12.71930493504183,12.773600578308105,703600,0.0,0.0
2004-07-20 00:00:00-04:00,12.74502558181403,12.816466310613658,12.679300242130253,12.802178382873535,718200,0.0,0.0
2004-07-21 00:00:00-04:00,12.816462532604351,12.85361200585704,12.564992026228886,12.607855796813965,723400,0.0,0.0
2004-07-22 00:00:00-04:00,12.587856302902953,12.616433248723824,12.302093385288362,12.482124328613281,934600,0.0,0.0
2004-07-23 00:00:00-04:00,12.453550397023049,12.516417507344187,12.324956846208377,12.45640754699707,598400,0.0,0.0
2004-07-26 00:00:00-04:00,12.419256233925633,12.45354856917581,12.116348236575613,12.227795600891113,909400,0.0,0.0
2004-07-27 00:00:00-04:00,12.259229611787577,12.427829776922804,12.15349654731193,12.376392364501953,758000,0.0,0.0
2004-07-28 00:00:00-04:00,12.37638860139794,12.630717346538294,12.259225884307485,12.607855796813965,1088000,0.0,0.0
2004-07-29 00:00:00-04:00,12.607856683086782,12.79360297230862,12.59356875855405,12.762168884277344,671400,0.0,0.0
2004-07-30 00:00:00-04:00,12.90219699791995,12.945060784265413,12.679301166546995,12.767888069152832,1105200,0.0,0.0
2004-08-02 00:00:00-04:00,12.787886548583696,12.945055885909682,12.676439220117972,12.902192115783691,910200,0.0,0.0
2004-08-03 00:00:00-04:00,12.907911259328303,12.907911259328303,12.756457252508799,12.81932544708252,844800,0.0,0.0
2004-08-04 00:00:00-04:00,12.782176988001147,12.876479287443884,12.670729608731857,12.836471557617188,1028600,0.0,0.0
2004-08-05 00:00:00-04:00,12.867905819504836,12.867905819504836,12.4049701266712,12.45640754699707,1334800,0.0,0.0
2004-08-06 00:00:00-04:00,12.402113156574622,12.430689017126033,12.056339139346985,12.150641441345215,898000,0.0,0.0
2004-08-09 00:00:00-04:00,12.153495674421853,12.324954066876519,12.153495674421853,12.293519973754883,621400,0.0,0.0
2004-08-10 00:00:00-04:00,12.322092952020684,12.553561237275579,12.322092952020684,12.522127151489258,679800,0.0,0.0
2004-08-11 00:00:00-04:00,12.524986361836767,12.57070837468215,12.387819233201846,12.516412734985352,732400,0.0,0.0
2004-08-12 00:00:00-04:00,12.530704556148155,12.530704556148155,12.302094420832738,12.37353515625,531200,0.0,0.0
2004-08-13 00:00:00-04:00,12.39068142320488,12.43068806093917,12.184931754743824,12.264945030212402,427800,0.0,0.0
2004-08-16 00:00:00-04:00,12.287801731364205,12.66786681979098,12.287801731364205,12.607855796813965,580800,0.0,0.0
2004-08-17 00:00:00-04:00,12.63929082231139,12.765026084846989,12.630718285576782,12.67929744720459,622400,0.0,0.0
2004-08-18 00:00:00-04:00,12.616435039115817,12.856475967580122,12.562139379400602,12.836471557617188,622600,0.0,0.0
2004-08-19 00:00:00-04:00,12.779312111755544,12.802172567736022,12.642146105577126,12.73930549621582,470200,0.0,0.0
2004-08-20 00:00:00-04:00,12.739314064659993,12.87362192286455,12.719309653336678,12.859333992004395,545600,0.0,0.0
2004-08-23 00:00:00-04:00,12.85933297655339,12.945061645043912,12.816468097258547,12.93648910522461,890000,0.0,0.0
2004-08-24 00:00:00-04:00,12.967921259567365,13.199388520762867,12.959347630934902,13.173669815063477,1339800,0.0,0.0
2004-08-25 00:00:00-04:00,13.173667850989508,13.265111882042975,13.059363357222095,13.256539344787598,1018200,0.0,0.0
2004-08-26 00:00:00-04:00,13.259400296126666,13.416569688517368,13.227966199628714,13.382278442382812,910600,0.0,0.0
2004-08-27 00:00:00-04:00,13.259395702649561,13.316547396374968,13.16795168457049,13.225103378295898,811400,0.0,0.0
2004-08-30 00:00:00-04:00,13.225109062269224,13.3594179984652,13.190817813276327,13.196533203125,861800,0.0,0.0
2004-08-31 00:00:00-04:00,13.2594004471894,13.296548843383789,13.145094838639858,13.296548843383789,1334800,0.0,0.0
2004-09-01 00:00:00-04:00,13.327980031161092,13.36512950934599,13.250823925745763,13.287973403930664,1078800,0.0,0.0
2004-09-02 00:00:00-04:00,13.33084021177357,13.462290888988774,13.319409433729032,13.362273216247559,1478400,0.0,0.0
2004-09-03 00:00:00-04:00,13.365131430079591,13.402280913603327,13.307978630065918,13.307978630065918,807200,0.0,0.0
2004-09-07 00:00:00-04:00,13.416564949505046,13.485147417549394,13.373700089403323,13.436568260192871,799800,0.0,0.0
2004-09-08 00:00:00-04:00,13.44800393822679,13.44800393822679,13.262257596858555,13.296548843383789,984200,0.0,0.0
2004-09-09 00:00:00-04:00,13.259403249162933,13.385138573058525,13.259403249162933,13.367992401123047,667000,0.0,0.0
2004-09-10 00:00:00-04:00,13.259402275085451,13.367991419068264,13.147953800841158,13.25940227508545,1632000,0.0,0.0
2004-09-13 00:00:00-04:00,13.314211669474151,13.441150665283203,13.285361147334667,13.441150665283203,874000,0.22,0.0
2004-09-14 00:00:00-04:00,13.441152580221631,13.441152580221631,13.28824864297052,13.340178489685059,1073800,0.0,0.0
2004-09-15 00:00:00-04:00,13.366140365600588,13.429609307809248,13.29978472062254,13.366140365600586,714200,0.0,0.0
2004-09-16 00:00:00-04:00,13.366139654160477,13.573857882068188,13.345943741197695,13.524813652038574,1318000,0.0,0.0
2004-09-17 00:00:00-04:00,13.5305898716051,13.55655479939677,13.495969234192717,13.510395050048828,982600,0.0,0.0
2004-09-20 00:00:00-04:00,13.513282580384862,13.674842289565754,13.490202150272385,13.576752662658691,1099600,0.0,0.0
2004-09-21 00:00:00-04:00,13.562319199992592,13.585399617097192,13.415185392822778,13.539239883422852,1075400,0.0,0.0
2004-09-22 00:00:00-04:00,13.50173837690734,13.507508482730968,13.409418884799628,13.426729202270508,948800,0.0,0.0
2004-09-23 00:00:00-04:00,13.403650296860848,13.403650296860848,13.19016185988613,13.227665901184082,1480200,0.0,0.0
2004-09-24 00:00:00-04:00,13.256513989288555,13.400763323011967,13.247858280901298,13.380568504333496,816800,0.0,0.0
2004-09-27 00:00:00-04:00,13.380566039877845,13.472885508414464,13.256511547681475,13.412301063537598,732800,0.0,0.0
2004-09-28 00:00:00-04:00,13.412298592699033,13.54500766670565,13.412298592699033,13.516157150268555,1628600,0.0,0.0
2004-09-29 00:00:00-04:00,13.530586067017659,13.645984857671575,13.481540728075178,13.602710723876953,1233800,0.0,0.0
2004-09-30 00:00:00-04:00,13.591168244830657,13.718107223510742,13.55943322502695,13.718107223510742,1257200,0.0,0.0
2004-10-01 00:00:00-04:00,13.71811580949394,13.807550821231938,13.663301441320256,13.755620956420898,849800,0.0,0.0
2004-10-04 00:00:00-04:00,13.82774525884214,13.847940083420966,13.738310249610636,13.84505558013916,814000,0.0,0.0
2004-10-05 00:00:00-04:00,13.824852762250737,13.842163074917208,13.703683875189997,13.796003341674805,412600,0.0,0.0
2004-10-06 00:00:00-04:00,13.775812541515428,14.000841169079923,13.775812541515428,13.983531951904297,791000,0.0,0.0
2004-10-07 00:00:00-04:00,13.98352886395,13.98352886395,13.796004315366806,13.83350944519043,639000,0.0,0.0
2004-10-08 00:00:00-04:00,13.836397202701708,13.850821917401625,13.663298425232336,13.772928237915039,815400,0.0,0.0
2004-10-11 00:00:00-04:00,13.79023799410585,13.888327598646766,13.726769026839538,13.758502960205078,479200,0.0,0.0
2004-10-12 00:00:00-04:00,13.746966980468747,13.749851483964562,13.467122818348873,13.501742362976074,1160800,0.0,0.0
2004-10-13 00:00:00-04:00,13.602710629564552,13.602710629564552,13.063217407612377,13.149767875671387,2147400,0.0,0.0
2004-10-14 00:00:00-04:00,13.175736457904755,13.233436423955158,13.135346811830066,13.158427238464355,761200,0.0,0.0
2004-10-15 00:00:00-04:00,13.198811326621714,13.256511268375117,13.14111138486831,13.187271118164062,1035400,0.0,0.0
2004-10-18 00:00:00-04:00,13.158425529723708,13.294020267253654,13.077646248064253,13.21612548828125,865600,0.0,0.0
2004-10-19 00:00:00-04:00,13.25939884901135,13.360374045659631,13.008405309719238,13.060335159301758,879600,0.0,0.0
2004-10-20 00:00:00-04:00,12.988210689603163,13.26805476102835,12.982440583946083,13.210354804992676,815000,0.0,0.0
2004-10-21 00:00:00-04:00,13.210352318926669,13.270936766121888,13.054562797109032,13.204582214355469,939200,0.0,0.0
2004-10-22 00:00:00-04:00,13.213240243801188,13.314215449152176,13.080531105890385,13.08918571472168,1030800,0.0,0.0
2004-10-25 00:00:00-04:00,13.092069030389826,13.141113272577728,12.98243923536362,13.04879379272461,808600,0.0,0.0
2004-10-26 00:00:00-04:00,13.112265790433286,13.126690504947073,12.95359172971129,13.077646255493164,1131400,0.0,0.0
2004-10-27 00:00:00-04:00,13.097843730438756,13.190163242679446,12.942054140831818,13.112268447875977,1138200,0.0,0.0
2004-10-28 00:00:00-04:00,13.11514721115153,13.155536842512912,13.008403028191461,13.019943237304688,1420000,0.0,0.0
2004-10-29 00:00:00-04:00,13.265173238970853,13.830630560906474,13.23343819836117,13.695036888122559,2897200,0.0,0.0
2004-11-01 00:00:00-05:00,13.767150605254404,13.778689710384652,13.55943130542575,13.617131233215332,1077400,0.0,0.0
2004-11-02 00:00:00-05:00,13.68926275560592,13.81620178018502,13.542127810684443,13.553668022155762,953200,0.0,0.0
2004-11-03 00:00:00-05:00,13.689264651960409,14.003728304637672,13.689264651960409,13.82197380065918,1744200,0.0,0.0
2004-11-04 00:00:00-05:00,13.824854717981479,14.113353366692628,13.804659900614498,14.110468864440918,1569600,0.0,0.0
2004-11-05 00:00:00-05:00,14.136438905462342,14.254723350241733,14.081624538552274,14.243183135986328,1025200,0.0,0.0
2004-11-08 00:00:00-05:00,14.243184664709233,14.393204164524898,14.208565118762701,14.323965072631836,998400,0.0,0.0
2004-11-09 00:00:00-05:00,14.321068621313778,14.497052922427805,14.283563499633406,14.439352989196777,925400,0.0,0.0
2004-11-10 00:00:00-05:00,14.396081729185056,14.543215542692687,14.352806495517271,14.43070125579834,787200,0.0,0.0
2004-11-11 00:00:00-05:00,14.430705794358193,14.684584970617195,14.381660440740598,14.649964332580566,1003200,0.0,0.0
2004-11-12 00:00:00-05:00,14.424934771219068,14.736513890534287,14.424934771219068,14.724973678588867,1259000,0.0,0.0
2004-11-15 00:00:00-05:00,14.713432893105903,14.756708135946742,14.53167841392358,14.580723762512207,738800,0.0,0.0
2004-11-16 00:00:00-05:00,14.632654187772804,14.667273723082578,14.436474986792115,14.456669807434082,1369600,0.0,0.0
2004-11-17 00:00:00-05:00,14.528791441796642,14.831714788587917,14.528791441796642,14.722084999084473,1365200,0.0,0.0
2004-11-18 00:00:00-05:00,14.771129652198326,15.050972566903509,14.75670494121928,15.001928329467773,1186600,0.0,0.0
2004-11-19 00:00:00-05:00,14.872104855206553,14.900955379883147,14.713430821357731,14.82883071899414,935200,0.0,0.0
2004-11-22 00:00:00-05:00,14.742282505224907,15.100021362304688,14.727857790943055,15.100021362304688,1121800,0.0,0.0
2004-11-23 00:00:00-05:00,15.13175658156526,15.38852024078369,15.097137046752762,15.388520240783691,2025600,0.0,0.0
2004-11-24 00:00:00-05:00,15.434680938720701,15.544310756341856,15.34813154608726,15.434680938720703,1432000,0.0,0.0
2004-11-26 00:00:00-05:00,15.368323354585584,15.596237554246033,15.368323354585584,15.544307708740234,583200,0.0,0.0
2004-11-29 00:00:00-05:00,15.501033810307286,15.573158479683666,15.304854621560724,15.529884338378906,1025800,0.0,0.0
2004-11-30 00:00:00-05:00,15.550080288953406,15.76933881557213,15.518345256033614,15.688559532165527,1628200,0.0,0.0
2004-12-01 00:00:00-05:00,15.737596514728573,15.795296447887152,15.596232834051474,15.674127578735352,1123200,0.0,0.0
2004-12-02 00:00:00-05:00,15.651055363570364,15.752029474088971,15.550081253051758,15.550081253051758,1243400,0.0,0.0
2004-12-03 00:00:00-05:00,15.434682066311753,15.63663139756682,15.414487243239778,15.584701538085938,1141000,0.0,0.0
2004-12-06 00:00:00-05:00,15.477948428156253,15.66547183479094,15.420248495139932,15.64527702331543,1007600,0.0,0.0
2004-12-07 00:00:00-05:00,15.62220710260775,15.665481252985693,15.244273359642436,15.310627937316895,1414600,0.0,0.0
2004-12-08 00:00:00-05:00,15.307738675804842,15.443332292149252,15.154833643833905,15.402942657470703,1092200,0.0,0.0
2004-12-09 00:00:00-05:00,15.405834350029359,15.52123319465053,15.255814861539939,15.480843544006348,1353200,0.0,0.0
2004-12-10 00:00:00-05:00,15.463528646694765,15.688558363114407,15.405829791723944,15.63951301574707,1382000,0.0,0.0
2004-12-13 00:00:00-05:00,15.677323171937799,15.75876345443348,15.622059172066615,15.691865921020508,1975800,0.22,0.0
2004-12-14 00:00:00-05:00,15.691864215116844,16.19505082355217,15.688954999892191,16.171781539916992,2918400,0.0,0.0
2004-12-15 00:00:00-05:00,16.20086810584379,16.541173056643242,16.17178150136915,16.52081298828125,2006400,0.0,0.0
2004-12-16 00:00:00-05:00,16.462640715969005,16.66333440134439,16.36084037522823,16.660425186157227,2696400,0.0,0.0
2004-12-17 00:00:00-05:00,16.49172687780159,16.587709895134108,16.17759821844324,16.366657257080078,2510600,0.0,0.0
2004-12-20 00:00:00-05:00,16.366656923126783,16.404468951990708,16.270672798212306,16.395742416381836,988800,0.0,0.0
2004-12-21 00:00:00-05:00,16.389923502374597,16.5731651987797,16.36083801194727,16.56443977355957,917200,0.0,0.0
2004-12-22 00:00:00-05:00,16.578987682418695,16.69242268377189,16.459735359260115,16.680788040161133,1194400,0.0,0.0
2004-12-23 00:00:00-05:00,16.651699794208167,16.738957387815567,16.60225423132882,16.712779998779297,749400,0.0,0.0
2004-12-27 00:00:00-05:00,16.709877159362694,16.788409351221482,16.584807495610647,16.616802215576172,695000,0.0,0.0
2004-12-28 00:00:00-05:00,16.689516904900312,16.890209542238317,16.686607688821606,16.86112403869629,779600,0.0,0.0
2004-12-29 00:00:00-05:00,16.826220775572548,16.85239817362307,16.727328506219568,16.817495346069336,526400,0.0,0.0
2004-12-30 00:00:00-05:00,16.782593029421932,16.869850655733057,16.64007138913239,16.747690200805664,730000,0.0,0.0
2004-12-31 00:00:00-05:00,16.768039282033595,16.91928514338104,16.686597922607827,16.79130744934082,587000,0.0,0.0
2005-01-03 00:00:00-05:00,16.704058453698774,16.797133389779315,16.54408597665665,16.66624641418457,1915200,0.0,0.0
2005-01-04 00:00:00-05:00,15.633695677200148,16.07580218112354,15.162503671647112,15.179954528808594,9916200,0.0,0.0
2005-01-05 00:00:00-05:00,15.197408982773032,15.270123858288693,14.734942330111794,15.011259078979492,4925200,0.0,0.0
2005-01-06 00:00:00-05:00,15.011255574411056,15.462087475447523,15.011255574411056,15.325383186340332,3350200,0.0,0.0
2005-01-07 00:00:00-05:00,15.339927073156858,15.380647216485377,15.168319962314749,15.200313568115234,1722200,0.0,0.0
2005-01-10 00:00:00-05:00,15.214858484243912,15.299206882908331,15.1712291221955,15.232309341430664,1461000,0.0,0.0
2005-01-11 00:00:00-05:00,15.232308680359173,15.261395290309364,14.98216938249112,15.09851360321045,1081800,0.0,0.0
2005-01-12 00:00:00-05:00,15.09851360321045,15.142142963365377,14.900729093712023,15.09851360321045,1398400,0.0,0.0
2005-01-13 00:00:00-05:00,15.10142541210018,15.191592260742388,14.96181297873034,14.987990379333496,1157200,0.0,0.0
2005-01-14 00:00:00-05:00,14.99089542839287,15.037432893245557,14.883276639419229,14.950175285339355,1844800,0.0,0.0
2005-01-18 00:00:00-05:00,14.82801310942158,15.031614925480286,14.682583399314023,14.909453392028809,2761200,0.0,0.0
2005-01-19 00:00:00-05:00,14.947262168717717,15.188675967445825,14.886181970078217,15.06942367553711,1494000,0.0,0.0
2005-01-20 00:00:00-05:00,15.069424887326992,15.35737505237717,15.051972925080731,15.351557731628418,2247800,0.0,0.0
2005-01-21 00:00:00-05:00,15.438817472616051,15.540617818720944,15.412640082254715,15.48244571685791,2279400,0.0,0.0
2005-01-24 00:00:00-05:00,15.491175023231039,15.59006728830148,15.363197254715518,15.409734725952148,1912800,0.0,0.0
2005-01-25 00:00:00-05:00,15.459174456407876,15.627872297646396,15.383550406217237,15.418453216552734,2178000,0.0,0.0
2005-01-26 00:00:00-05:00,15.462086691733306,15.549344295649757,15.40391458594213,15.488264083862305,847600,0.0,0.0
2005-01-27 00:00:00-05:00,15.793669023755918,15.814029097924447,15.514444198409667,15.581341743469238,2266400,0.0,0.0
2005-01-28 00:00:00-05:00,15.581340986954016,15.581340986954016,15.334110892887933,15.41555118560791,1755200,0.0,0.0
2005-01-31 00:00:00-05:00,15.619154968145228,15.822756834790205,15.59297756944029,15.750041961669922,2221000,0.0,0.0
2005-02-01 00:00:00-05:00,15.779123532076943,15.805300924253718,15.526076147395196,15.540618896484375,2540000,0.0,0.0
2005-02-02 00:00:00-05:00,15.65404894209068,15.715129134672795,15.64823162238663,15.68022632598877,2111600,0.0,0.0
2005-02-03 00:00:00-05:00,15.668596804193186,15.74712898153731,15.604608485629585,15.677323341369629,1931400,0.0,0.0
2005-02-04 00:00:00-05:00,15.697686639791208,15.767492294311523,15.648239950760184,15.767492294311523,2022000,0.0,0.0
2005-02-07 00:00:00-05:00,15.805305127172852,15.85184260235777,15.738407575940842,15.808213233947754,1429800,0.0,0.0
2005-02-08 00:00:00-05:00,15.846021008864268,15.848930224396081,15.69186587189699,15.764580726623535,1057600,0.0,0.0
2005-02-09 00:00:00-05:00,15.76458338637271,15.76458338637271,15.639513726378452,15.700593948364258,822400,0.0,0.0
2005-02-10 00:00:00-05:00,15.720957085576378,15.863478740854312,15.63951677372672,15.816941261291504,1307800,0.0,0.0
2005-02-11 00:00:00-05:00,15.851840821589043,16.209597829922213,15.787851384320398,16.148517608642578,1236400,0.0,0.0
2005-02-14 00:00:00-05:00,16.14270487176584,16.17469959948871,16.075807309045796,16.11071014404297,950600,0.0,0.0
2005-02-15 00:00:00-05:00,16.128158474122458,16.378297805786133,16.10779839917689,16.378297805786133,1061600,0.0,0.0
2005-02-16 00:00:00-05:00,16.28521864031221,16.46264194606897,16.23868117970476,16.401561737060547,714600,0.0,0.0
2005-02-17 00:00:00-05:00,16.357932892548433,16.49463605395782,16.34338903513973,16.398653030395508,802600,0.0,0.0
2005-02-18 00:00:00-05:00,16.410287469985647,16.573169139917187,16.40156204269059,16.47136878967285,961800,0.0,0.0
2005-02-22 00:00:00-05:00,16.459733778846175,16.56153412681405,16.325938718791086,16.44809913635254,1324000,0.0,0.0
2005-02-23 00:00:00-05:00,16.404475417452133,16.578990664844667,16.392840771748393,16.561538696289062,1648000,0.0,0.0
2005-02-24 00:00:00-05:00,16.57898263484951,16.820396423339844,16.41028368247694,16.820396423339844,1307200,0.0,0.0
2005-02-25 00:00:00-05:00,16.715692369317157,16.96001434326172,16.57898807748487,16.96001434326172,1240000,0.0,0.0
2005-02-28 00:00:00-05:00,16.869841000330666,16.98618517518354,16.692416632973156,16.794218063354492,1099400,0.0,0.0
2005-03-01 00:00:00-05:00,16.83494408523565,17.12289429901414,16.83494408523565,16.971647262573242,1253400,0.0,0.0
2005-03-02 00:00:00-05:00,16.788409170300383,16.945472442784506,16.709876979287902,16.86112403869629,922000,0.0,0.0
2005-03-03 00:00:00-05:00,16.91928622000917,17.00072758461731,16.840755179502434,16.922195434570312,1117200,0.0,0.0
2005-03-04 00:00:00-05:00,17.015273818379125,17.236326460129487,17.015273818379125,17.20142364501953,1335400,0.0,0.0
2005-03-07 00:00:00-05:00,17.131623206317474,17.227606254341396,17.06181644540304,17.20433807373047,1073200,0.0,0.0
2005-03-08 00:00:00-05:00,17.102533215894923,17.242145600609668,17.099625109970713,17.195608139038086,1104800,0.0,0.0
2005-03-09 00:00:00-05:00,17.451564659988378,17.97511137787991,17.451564659988378,17.84713363647461,2878200,0.0,0.0
2005-03-10 00:00:00-05:00,17.82677810732905,17.911127624294362,17.439934459582478,17.70461654663086,1998600,0.0,0.0
2005-03-11 00:00:00-05:00,17.754419709260404,18.026888622850926,17.751490428709936,17.874540328979492,997000,0.22,0.0
2005-03-14 00:00:00-05:00,17.90091265465975,18.03861234384965,17.728056002262527,17.854036331176758,1246600,0.0,0.0
2005-03-15 00:00:00-05:00,17.86867713632995,17.94485070471181,17.78664277312739,17.810081481933594,913600,0.0,0.0
2005-03-16 00:00:00-05:00,17.75149728468571,17.783724971285015,17.291522944869847,17.35011863708496,1710000,0.0,0.0
2005-03-17 00:00:00-05:00,17.350104844103527,17.593275264693876,17.31494678615248,17.57862663269043,1460000,0.0,0.0
2005-03-18 00:00:00-05:00,17.56397975006331,17.859886169433594,17.549331116600857,17.859886169433594,1557400,0.0,0.0
2005-03-21 00:00:00-05:00,17.88333144436632,17.88333144436632,17.5932834777714,17.684106826782227,1037600,0.0,0.0
2005-03-22 00:00:00-05:00,17.68410542320839,17.918486978934197,17.61086111719286,17.663597106933594,972200,0.0,0.0
2005-03-23 00:00:00-05:00,17.549336194819325,17.59621250603514,17.426285179365674,17.455583572387695,1476600,0.0,0.0
2005-03-24 00:00:00-05:00,17.528825669735276,17.631367238342712,17.44972169497271,17.493667602539062,635000,0.0,0.0
2005-03-28 00:00:00-05:00,17.52589749155977,17.60793075683482,17.36768952199839,17.396987915039062,908200,0.0,0.0
2005-03-29 00:00:00-05:00,17.399918569635716,17.522969594885264,17.03369700985177,17.08350372314453,1323600,0.0,0.0
2005-03-30 00:00:00-05:00,17.1479592041196,17.335464477539062,17.068855207342093,17.335464477539062,1678200,0.0,0.0
2005-03-31 00:00:00-05:00,17.320807195115037,17.470226153679675,17.247562914380733,17.2856502532959,1538000,0.0,0.0
2005-04-01 00:00:00-05:00,17.358904597087527,17.49953356350653,17.22706459181356,17.323747634887695,1648000,0.0,0.0
2005-04-04 00:00:00-04:00,17.197764742151527,17.294446653172468,17.10987179096353,17.209484100341797,1539600,0.0,0.0
2005-04-05 00:00:00-04:00,17.212414883270846,17.320816161942638,17.168467845031675,17.23878288269043,792600,0.0,0.0
2005-04-06 00:00:00-04:00,17.288585055951764,17.35304040122757,17.218271149850327,17.300304412841797,1057600,0.0,0.0
2005-04-07 00:00:00-04:00,17.27100876884916,17.320814363905043,17.15381742412316,17.188974380493164,1412000,0.0,0.0
2005-04-08 00:00:00-04:00,17.12451796602586,17.14502628109835,16.84618939596004,16.92822265625,1220200,0.0,0.0
2005-04-11 00:00:00-04:00,16.978028147687724,17.036623808395923,16.828609157000855,16.95166015625,1608200,0.0,0.0
2005-04-12 00:00:00-04:00,16.875485976891955,16.878416374707367,16.447739540624895,16.7553653717041,1964800,0.0,0.0
2005-04-13 00:00:00-04:00,16.77294245922183,16.816889480398466,16.271951782380228,16.339336395263672,1819600,0.0,0.0
2005-04-14 00:00:00-04:00,16.377426607548966,16.377426607548966,15.70943780381211,15.847137451171875,1995200,0.0,0.0
2005-04-15 00:00:00-04:00,15.29341325813627,15.53658380376966,14.96820831938573,15.135205268859863,4060800,0.0,0.0
2005-04-18 00:00:00-04:00,15.173288343458935,15.2963382219775,15.029729034234702,15.231884002685547,2071600,0.0,0.0
2005-04-19 00:00:00-04:00,15.337355999160112,15.513142990032085,15.313918404282111,15.425250053405762,1479800,0.0,0.0
2005-04-20 00:00:00-04:00,15.413532332885595,15.413532332885595,14.862734824558785,14.938909530639648,1659400,0.0,0.0
2005-04-21 00:00:00-04:00,15.085401229329781,15.205521874125997,15.018015468787322,15.12348747253418,2358200,0.0,0.0
2005-04-22 00:00:00-04:00,15.126422661328233,15.161579634503621,14.877391214150844,15.015090942382812,1253400,0.0,0.0
2005-04-25 00:00:00-04:00,15.029734828674677,15.284624759316467,15.015086187625318,15.12348747253418,1298800,0.0,0.0
2005-04-26 00:00:00-04:00,15.088334357014464,15.091263638923238,14.449643609385614,14.487730979919434,3548800,0.0,0.0
2005-04-27 00:00:00-04:00,14.487729484131885,14.487729484131885,14.042403799438654,14.089280128479004,2896400,0.0,0.0
2005-04-28 00:00:00-04:00,14.16544765028176,14.267990344308709,13.88712019499849,13.928136825561523,2583000,0.0,0.0
2005-04-29 00:00:00-04:00,15.820772171020506,16.09910079384941,15.428182594664474,15.820772171020508,9988200,0.0,0.0
2005-05-02 00:00:00-04:00,16.17234204997053,16.893065710963967,16.17234204997053,16.778804779052734,5212800,0.0,0.0
2005-05-03 00:00:00-04:00,16.781738794628723,17.057138162194608,16.714354152119107,17.00440216064453,3453800,0.0,0.0
2005-05-04 00:00:00-04:00,17.010254143151766,17.353036880493164,16.934079456440905,17.353036880493164,2749000,0.0,0.0
2005-05-05 00:00:00-04:00,17.3588952535923,17.499524144317242,17.13916240228101,17.34131622314453,3401200,0.0,0.0
2005-05-06 00:00:00-04:00,17.34425053708214,17.48780873982416,17.238778565815732,17.259286880493164,1854000,0.0,0.0
2005-05-09 00:00:00-04:00,17.300300902806924,17.461438115684143,17.17725103328514,17.353036880493164,2767400,0.0,0.0
2005-05-10 00:00:00-04:00,17.139164771372116,17.338389340175382,17.124516136117013,17.22998809814453,2451400,0.0,0.0
2005-05-11 00:00:00-04:00,17.259284279632997,17.382335266773943,17.08349843242497,17.353036880493164,1786000,0.0,0.0
2005-05-12 00:00:00-04:00,17.285652513411296,17.358896803722363,16.491684674667955,16.664541244506836,3464600,0.0,0.0
2005-05-13 00:00:00-04:00,16.729000730280436,16.9545933496232,16.450673233509825,16.56786346435547,3516000,0.0,0.0
2005-05-16 00:00:00-04:00,16.518057704100347,16.87841958827503,16.336411004016572,16.82568359375,2326800,0.0,0.0
2005-05-17 00:00:00-04:00,16.828609356348675,17.086429595947266,16.825680076207238,17.086429595947266,1975800,0.0,0.0
2005-05-18 00:00:00-04:00,17.19776606103264,17.681177888448776,17.19776606103264,17.49660301208496,2063800,0.0,0.0
2005-05-19 00:00:00-04:00,17.540539437093262,17.593275406826894,17.297369014538383,17.35596466064453,1408800,0.0,0.0
2005-05-20 00:00:00-04:00,17.417492300316447,17.490736589958132,17.109866507345206,17.2124080657959,1547800,0.0,0.0
2005-05-23 00:00:00-04:00,17.30909944435513,17.813019641069467,17.30909944435513,17.695829391479492,1661600,0.0,0.0
2005-05-24 00:00:00-04:00,17.520039719278,17.593284033420147,17.370621810180612,17.487812042236328,1284200,0.0,0.0
2005-05-25 00:00:00-04:00,17.473160206393104,17.473160206393104,17.080570709706702,17.17725372314453,2078800,0.0,0.0
2005-05-26 00:00:00-04:00,17.2505025690517,17.344255209294946,17.130381928888816,17.174327850341797,1178800,0.0,0.0
2005-05-27 00:00:00-04:00,17.21241470003769,17.268079979277736,17.12452174211461,17.162609100341797,908400,0.0,0.0
2005-05-31 00:00:00-04:00,17.15382011506907,17.227064437607897,17.02198011097525,17.22120475769043,1696600,0.0,0.0
2005-06-01 00:00:00-04:00,17.29444441437287,17.558124351422478,17.20362219420418,17.423355102539062,1314000,0.0,0.0
2005-06-02 00:00:00-04:00,17.329604951137803,17.329604951137803,17.13038032981309,17.168466567993164,1530200,0.0,0.0
2005-06-03 00:00:00-04:00,17.183108707315483,17.385262519799312,17.153810324450344,17.2856502532959,954600,0.0,0.0
2005-06-06 00:00:00-04:00,17.285664104128678,17.464380471143095,17.171403113446,17.449731826782227,1608800,0.0,0.0
2005-06-07 00:00:00-04:00,17.46437124794215,17.569843219830936,17.174323325247993,17.17725372314453,2133800,0.0,0.0
2005-06-08 00:00:00-04:00,17.203619806370824,17.30030169145682,17.054200823575357,17.060060501098633,1704200,0.0,0.0
2005-06-09 00:00:00-04:00,17.060065170739286,17.060065170739286,16.644038011285744,16.82568359375,3075200,0.0,0.0
2005-06-10 00:00:00-04:00,16.857915667403745,16.969246247001227,16.576657701652522,16.68798828125,1935600,0.0,0.0
2005-06-13 00:00:00-04:00,16.658453998453677,16.88580276876088,16.534446192642342,16.788368225097656,1567600,0.22,0.0
2005-06-14 00:00:00-04:00,16.903520762814654,17.077723030575935,16.873995412883552,16.965524673461914,1595200,0.0,0.0
2005-06-15 00:00:00-04:00,17.003907907324425,17.083627700805664,16.918282818809033,17.083627700805664,1272200,0.0,0.0
2005-06-16 00:00:00-04:00,17.065913666655995,17.358219607790435,17.036388314602814,17.293262481689453,1291200,0.0,0.0
2005-06-17 00:00:00-04:00,17.361165751715596,17.36411896170236,17.139722308131674,17.231252670288086,1490200,0.0,0.0
2005-06-20 00:00:00-04:00,17.124964462608187,17.130869757926096,16.83265853913118,16.865137100219727,1520600,0.0,0.0
2005-06-21 00:00:00-04:00,16.865137547669864,16.865137547669864,16.552164771756544,16.56987953186035,2579800,0.0,0.0
2005-06-22 00:00:00-04:00,16.599405812885617,16.770654874343126,16.599405812885617,16.67026710510254,1222600,0.0,0.0
2005-06-23 00:00:00-04:00,16.785425976076755,16.80018978516007,16.30415598535001,16.369112014770508,1361600,0.0,0.0
2005-06-24 00:00:00-04:00,16.327770603385435,16.33072381474471,15.96460332228275,16.106327056884766,1392000,0.0,0.0
2005-06-27 00:00:00-04:00,16.10632333980127,16.327766835196304,16.10632333980127,16.194900512695312,2280000,0.0,0.0
2005-06-28 00:00:00-04:00,16.268716072509925,16.5935005627364,16.253953397117797,16.460634231567383,1882800,0.0,0.0
2005-06-29 00:00:00-04:00,16.46063449300269,16.646647359593654,16.454729197488064,16.496065139770508,1574800,0.0,0.0
2005-06-30 00:00:00-04:00,16.525587297059307,16.525587297059307,16.21261347452446,16.283475875854492,1976600,0.0,0.0
2005-07-01 00:00:00-04:00,16.26872164812553,16.321868198807522,16.126997888413666,16.236244201660156,1122600,0.0,0.0
2005-07-05 00:00:00-04:00,16.236242822971935,16.236242822971935,16.056135208323376,16.191953659057617,1588400,0.0,0.0
2005-07-06 00:00:00-04:00,16.165377873177526,16.327769571753656,16.076800685437824,16.262813568115234,1140000,0.0,0.0
2005-07-07 00:00:00-04:00,16.25985882337006,16.25985882337006,15.946884921466985,16.224428176879883,1802600,0.0,0.0
2005-07-08 00:00:00-04:00,16.227383372889555,16.56988269148521,16.197858016206546,16.504926681518555,1590600,0.0,0.0
2005-07-11 00:00:00-04:00,16.608270263985236,16.84447654914228,16.596459668147283,16.782472610473633,833200,0.0,0.0
2005-07-12 00:00:00-04:00,16.741130396881985,16.885806199724673,16.48130301712043,16.87399673461914,1716800,0.0,0.0
2005-07-13 00:00:00-04:00,16.874000814691957,16.90943147121554,16.64074664607782,16.72637176513672,911400,0.0,0.0
2005-07-14 00:00:00-04:00,16.71160311234041,16.992098450408726,16.67322038153859,16.80608558654785,1443400,0.0,0.0
2005-07-15 00:00:00-04:00,16.76179671131744,16.79722735577065,16.563973266620593,16.67912483215332,894800,0.0,0.0
2005-07-18 00:00:00-04:00,16.593497888291143,16.8001786894291,16.593497888291143,16.747032165527344,939200,0.0,0.0
2005-07-19 00:00:00-04:00,16.85038163931674,16.862192235009086,16.56102880277668,16.63189125061035,1364000,0.0,0.0
2005-07-20 00:00:00-04:00,16.6053117529205,17.175158702599894,16.522638740364755,17.136775970458984,1211400,0.0,0.0
2005-07-21 00:00:00-04:00,17.13677713831265,17.13677713831265,16.835613798375544,16.859233856201172,1031800,0.0,0.0
2005-07-22 00:00:00-04:00,16.8297095889909,17.213544845581055,16.82675750394211,17.213544845581055,884800,0.0,0.0
2005-07-25 00:00:00-04:00,17.213548993659007,17.237170185022023,17.068873138681923,17.08658790588379,945200,0.0,0.0
2005-07-26 00:00:00-04:00,17.071813559638404,17.074766769701114,16.578733353210733,16.65254783630371,1547600,0.0,0.0
2005-07-27 00:00:00-04:00,16.729316381747985,16.776557611462017,16.617118038807252,16.6732177734375,1243200,0.0,0.0
2005-07-28 00:00:00-04:00,16.73226789764693,17.068862915039062,16.73226789764693,17.068862915039062,1876000,0.0,0.0
2005-07-29 00:00:00-04:00,16.534445222213865,16.873992315697922,16.253949944073085,16.354337692260742,2717600,0.0,0.0
2005-08-01 00:00:00-04:00,16.26871831750508,16.283482121254465,16.03546531095397,16.239192962646484,2568200,0.0,0.0
2005-08-02 00:00:00-04:00,16.239189204667156,16.558068369683227,16.203758561771977,16.42224884033203,1581800,0.0,0.0
2005-08-03 00:00:00-04:00,16.363194528661246,16.372053032777288,16.19785080275727,16.283475875854492,1316800,0.0,0.0
2005-08-04 00:00:00-04:00,16.135848243723835,16.24509337544456,15.958692788866703,15.988219261169434,1288800,0.0,0.0
2005-08-05 00:00:00-04:00,15.943925520908698,15.991166736658613,15.781533912163328,15.793344497680664,1134400,0.0,0.0
2005-08-08 00:00:00-04:00,15.784492980911915,15.811066246926377,15.613243920400883,15.734299659729004,1436600,0.0,0.0
2005-08-09 00:00:00-04:00,15.752022008974466,15.825836547210185,15.690018067173373,15.781548500061035,1283600,0.0,0.0
2005-08-10 00:00:00-04:00,15.82582472569544,15.899639208793497,15.583713311239386,15.616191864013672,1276800,0.0,0.0
2005-08-11 00:00:00-04:00,15.625053167239356,15.88783373919855,15.625053167239356,15.881928443908691,1022000,0.0,0.0
2005-08-12 00:00:00-04:00,15.881920981439471,15.899635732665477,15.427223594648956,15.450844764709473,1367400,0.0,0.0
2005-08-15 00:00:00-04:00,15.46856244554101,15.51875687826629,15.39770117457774,15.471515655517578,1400400,0.0,0.0
2005-08-16 00:00:00-04:00,15.471524741198682,15.471524741198682,15.146740158541306,15.161502838134766,1393000,0.0,0.0
2005-08-17 00:00:00-04:00,15.161497336036245,15.196929105786683,14.984342992563434,15.075873374938965,1419800,0.0,0.0
2005-08-18 00:00:00-04:00,15.081780634865313,15.161499311390534,14.987297029540617,15.034538269042969,1024800,0.0,0.0
2005-08-19 00:00:00-04:00,15.087678604811403,15.087678604811403,14.836709834262145,14.842615127563477,1403200,0.0,0.0
2005-08-22 00:00:00-04:00,15.081783531364009,15.081783531364009,14.69204182271864,14.73633098602295,1559600,0.0,0.0
2005-08-23 00:00:00-04:00,14.712710979445552,14.712710979445552,14.408594384690167,14.444025039672852,1756600,0.0,0.0
2005-08-24 00:00:00-04:00,14.373157973909821,14.55621759872021,14.337727333115499,14.423351287841797,1896600,0.0,0.0
2005-08-25 00:00:00-04:00,14.426304355138647,14.526692108326422,14.299343340038822,14.429256439208984,1356800,0.0,0.0
2005-08-26 00:00:00-04:00,14.479449211923255,14.479449211923255,14.263911057371724,14.30229377746582,1234400,0.0,0.0
2005-08-29 00:00:00-04:00,14.157613827129573,14.337721291952507,14.148755325923677,14.272764205932617,1715600,0.0,0.0
2005-08-30 00:00:00-04:00,14.27572635904507,14.27572635904507,14.009994788123246,14.113334655761719,1317000,0.0,0.0
2005-08-31 00:00:00-04:00,14.163527488708496,14.29344061119758,13.924368088571821,14.163527488708496,2436800,0.0,0.0
2005-09-01 00:00:00-04:00,14.163528933165114,14.320015338295196,14.1399077486745,14.166481018066406,1434400,0.0,0.0
2005-09-02 00:00:00-04:00,14.240302744056766,14.287544010649688,13.977523128238593,14.252113342285156,1486800,0.0,0.0
2005-09-06 00:00:00-04:00,14.293434896077816,14.361344077929598,14.11628060657921,14.231431007385254,1636800,0.0,0.0
2005-09-07 00:00:00-04:00,14.296392771817361,14.70384915433239,14.275724800546014,14.644797325134277,2713200,0.0,0.0
2005-09-08 00:00:00-04:00,14.647745284734452,14.748133020485438,14.541452255548753,14.594598770141602,1523400,0.0,0.0
2005-09-09 00:00:00-04:00,14.68909241135344,14.697949795098557,14.379071590749762,14.591656684875488,1565600,0.0,0.0
2005-09-12 00:00:00-04:00,14.609371563530482,14.632992753636659,14.470599887457533,14.50307846069336,1067800,0.0,0.0
2005-09-13 00:00:00-04:00,14.470299568988386,14.470299568988386,14.13960075378418,14.13960075378418,1685800,0.22,0.0
2005-09-14 00:00:00-04:00,14.121737040519154,14.291555300948724,14.020441838113703,14.03831672668457,1485600,0.0,0.0
2005-09-15 00:00:00-04:00,14.115764684133007,14.115764684133007,13.931049346923828,13.931049346923828,1026000,0.0,0.0
2005-09-16 00:00:00-04:00,14.005535281839515,14.124706430180538,13.901261379416345,14.047245979309082,1104600,0.0,0.0
2005-09-19 00:00:00-04:00,13.889340380019732,13.963822043995707,13.814858716043759,13.850610733032227,1875200,0.0,0.0
2005-09-20 00:00:00-04:00,13.942970379478945,14.032348168889017,13.659939765930176,13.659939765930176,1900400,0.0,0.0
2005-09-21 00:00:00-04:00,13.659943598000947,13.701654305493799,13.138571687596322,13.317328453063965,2208200,0.0,0.0
2005-09-22 00:00:00-04:00,13.317327340044827,13.609295449089599,13.14155049376782,13.600358009338379,1955200,0.0,0.0
2005-09-23 00:00:00-04:00,13.5973772809157,14.226002932659679,13.496082136039886,14.056184768676758,3189400,0.0,0.0
2005-09-26 00:00:00-04:00,14.121732554080184,14.136628668657133,13.689738412344479,13.77017879486084,2126400,0.0,0.0
2005-09-27 00:00:00-04:00,13.823801726341776,13.963826526748221,13.665899775202066,13.788049697875977,1981400,0.0,0.0
2005-09-28 00:00:00-04:00,13.892325482336059,13.910200361020113,13.683776517852161,13.740382194519043,1096800,0.0,0.0
2005-09-29 00:00:00-04:00,13.710592039245107,13.817845873519609,13.555669960459781,13.761239051818848,1164800,0.0,0.0
2005-09-30 00:00:00-04:00,13.722500073313395,14.02042668347782,13.71058273614686,13.993613243103027,1620000,0.0,0.0
2005-10-03 00:00:00-04:00,13.993625386947063,14.10683677877594,13.942977228286093,13.957873344421387,1446000,0.0,0.0
2005-10-04 00:00:00-04:00,13.957871764062094,14.062146838204379,13.799970905204617,13.81486701965332,1649200,0.0,0.0
2005-10-05 00:00:00-04:00,13.808907568213348,13.811887472835531,13.591421127319336,13.591421127319336,1659400,0.0,0.0
2005-10-06 00:00:00-04:00,13.665898425117092,13.794007006545833,13.507997626077124,13.561624526977539,1364200,0.0,0.0
2005-10-07 00:00:00-04:00,13.636108138183744,14.106831834790373,13.630149466517786,14.023412704467773,1997600,0.0,0.0
2005-10-10 00:00:00-04:00,14.106831790291338,14.160458698615393,13.901262732716065,13.937013626098633,1526200,0.0,0.0
2005-10-11 00:00:00-04:00,13.937011490644174,14.011493170070876,13.791028035407972,13.829757690429688,1094200,0.0,0.0
2005-10-12 00:00:00-04:00,13.838699431270575,13.898285015746003,13.591419653472716,13.686756134033203,1044600,0.0,0.0
2005-10-13 00:00:00-04:00,13.689730264773502,13.782086802084152,13.555663040370929,13.719522476196289,1491200,0.0,0.0
2005-10-14 00:00:00-04:00,13.808905362047575,13.919139085444604,13.686755431567452,13.88040828704834,1360600,0.0,0.0
2005-10-17 00:00:00-04:00,13.883389619937766,14.121731989645374,13.874452178848957,14.109814643859863,1175000,0.0,0.0
2005-10-18 00:00:00-04:00,14.091940949530258,14.237925618230095,13.913185279265935,13.934040069580078,1320000,0.0,0.0
2005-10-19 00:00:00-04:00,13.93701322241069,13.990640129181433,13.582480793426669,13.987661361694336,1904000,0.0,0.0
2005-10-20 00:00:00-04:00,13.999584508559899,14.437536246752183,13.981708486725191,14.080023765563965,2291600,0.0,0.0
2005-10-21 00:00:00-04:00,14.255792432202608,14.315378000722301,14.127683857660331,14.196208000183105,1530800,0.0,0.0
2005-10-24 00:00:00-04:00,14.598411081037213,15.206181937579263,14.479239923734715,15.095948219299316,3030000,0.0,0.0
2005-10-25 00:00:00-04:00,14.95592264558287,15.110844687490937,14.580534314978618,14.681829452514648,2118400,0.0,0.0
2005-10-26 00:00:00-04:00,14.747369413375853,15.110840295930975,14.747369413375853,14.896332740783691,1763200,0.0,0.0
2005-10-27 00:00:00-04:00,14.98571513922669,15.08403151120717,14.699705735011312,14.717581748962402,1844200,0.0,0.0
2005-10-28 00:00:00-04:00,15.179367238365703,15.530920873408544,15.143616348708889,15.417708396911621,2452800,0.0,0.0
2005-10-31 00:00:00-05:00,15.507089684415964,15.834809845718553,15.498152244112442,15.71861743927002,1910400,0.0,0.0
2005-11-01 00:00:00-05:00,15.819915275947046,15.956962490649037,15.727558679833516,15.942065238952637,2437400,0.0,0.0
2005-11-02 00:00:00-05:00,15.945037195354114,16.162523550996724,15.873534286957831,16.117834091186523,1802600,0.0,0.0
2005-11-03 00:00:00-05:00,16.159548043056056,16.26084318742128,15.873537488289273,16.088045120239258,2283400,0.0,0.0
2005-11-04 00:00:00-05:00,16.102936500839245,16.177418169332025,15.915242378017416,15.995682716369629,1799200,0.0,0.0
2005-11-07 00:00:00-05:00,16.043363693048057,16.33533306577236,16.04038492400029,16.296602249145508,1462200,0.0,0.0
2005-11-08 00:00:00-05:00,16.222107474746586,16.427676468742252,16.180397922617036,16.40384292602539,1315800,0.0,0.0
2005-11-09 00:00:00-05:00,16.40384517226025,16.454492167781382,16.269777924556937,16.326383590698242,1117200,0.0,0.0
2005-11-10 00:00:00-05:00,16.505142446609337,16.53493466708502,16.23402914887931,16.433639526367188,1315000,0.0,0.0
2005-11-11 00:00:00-05:00,16.48727021973937,16.561751924538243,16.38597505575287,16.552814483642578,905200,0.0,0.0
2005-11-14 00:00:00-05:00,16.490254297178733,16.558778487776735,16.22212075547316,16.284685134887695,1407600,0.0,0.0
2005-11-15 00:00:00-05:00,16.3204246981344,16.50216017182742,16.19529602631309,16.45747184753418,2144200,0.0,0.0
2005-11-16 00:00:00-05:00,16.520041058925344,16.525999731223035,15.956959596549527,16.061233520507812,1693000,0.0,0.0
2005-11-17 00:00:00-05:00,16.192312448484863,16.332338333129883,16.0582463695268,16.332338333129883,1457600,0.0,0.0
2005-11-18 00:00:00-05:00,16.460447423656497,16.463426190098527,16.314462864997562,16.45448875427246,1005200,0.0,0.0
2005-11-21 00:00:00-05:00,16.472376656578707,16.594526625901917,16.329371897602808,16.490251541137695,1112200,0.0,0.0
2005-11-22 00:00:00-05:00,16.502165707342414,16.889470330302945,16.388953202122984,16.838823318481445,1776800,0.0,0.0
2005-11-23 00:00:00-05:00,16.907348054774058,16.91032682309345,16.54387694877094,16.645172119140625,895000,0.0,0.0
2005-11-25 00:00:00-05:00,16.70475361179516,16.70475361179516,16.540894118451522,16.57068634033203,369200,0.0,0.0
2005-11-28 00:00:00-05:00,16.594521027036773,16.612395905564913,16.49620464913034,16.57068634033203,1268000,0.0,0.0
2005-11-29 00:00:00-05:00,16.645170438750892,16.877554121727673,16.642191670732217,16.838823318481445,1238000,0.0,0.0
2005-11-30 00:00:00-05:00,16.80902437638651,16.913299406437417,16.4276785525437,16.484285354614258,1467000,0.0,0.0
2005-12-01 00:00:00-05:00,16.57069551948639,16.75838980350595,16.496213787026363,16.674970626831055,1754400,0.0,0.0
2005-12-02 00:00:00-05:00,16.609420476530058,16.71071564238507,16.53791753854391,16.654109954833984,1388400,0.0,0.0
2005-12-05 00:00:00-05:00,16.654100228920502,16.657078995367545,16.45151001552219,16.573659896850586,1553800,0.0,0.0
2005-12-06 00:00:00-05:00,16.64814358230524,16.809023129492246,16.469386888263955,16.50811767578125,1249000,0.0,0.0
2005-12-07 00:00:00-05:00,16.520036002058273,16.520036002058273,16.16550249612354,16.25786018371582,2073800,0.0,0.0
2005-12-08 00:00:00-05:00,16.207220264916323,16.231053820715847,15.93908565904244,15.98377513885498,2372400,0.0,0.0
2005-12-09 00:00:00-05:00,15.194265858132262,15.724575165579077,15.194265858132262,15.620301246643066,2818200,0.0,0.0
2005-12-12 00:00:00-05:00,15.62029506032238,15.62029506032238,15.212135849492585,15.334285736083984,2492400,0.0,0.0
2005-12-13 00:00:00-05:00,15.508580893571981,15.77001179170977,15.343308513054986,15.640798568725586,2212200,0.22,0.0
2005-12-14 00:00:00-05:00,15.601730122430517,15.604735720188971,15.418428779653542,15.571681022644043,2635200,0.0,0.0
2005-12-15 00:00:00-05:00,15.571681505127975,15.586706055486744,15.439463857151216,15.487543106079102,1509000,0.0,0.0
2005-12-16 00:00:00-05:00,15.53562330433924,15.56266795515752,15.274192443962386,15.289216995239258,1551000,0.0,0.0
2005-12-19 00:00:00-05:00,15.35232007674341,15.439464074872737,15.256161577531646,15.33128547668457,1459000,0.0,0.0
2005-12-20 00:00:00-05:00,15.066843029238873,15.40339764242275,15.060832982144609,15.32827377319336,1294200,0.0,0.0
2005-12-21 00:00:00-05:00,15.325278752908929,15.583705205483625,15.325278752908929,15.433457374572754,1458000,0.0,0.0
2005-12-22 00:00:00-05:00,15.466509218050653,15.661830674302319,15.41241991723025,15.625771522521973,979600,0.0,0.0
2005-12-23 00:00:00-05:00,15.688873811540635,15.854146149751665,15.61675551493566,15.815082550048828,1275400,0.0,0.0
2005-12-27 00:00:00-05:00,15.800057836529811,15.938285525505016,15.658824549885782,15.667839050292969,968800,0.0,0.0
2005-12-28 00:00:00-05:00,15.685873157179978,15.71592226365602,15.571684489231139,15.610749244689941,850600,0.0,0.0
2005-12-29 00:00:00-05:00,15.655818952216956,15.806066739268173,15.637789951402583,15.667839050292969,832200,0.0,0.0
2005-12-30 00:00:00-05:00,15.610748766361665,15.634787821545931,15.475525498762979,15.502570152282715,637200,0.0,0.0
2006-01-03 00:00:00-05:00,15.610744019867699,15.718922601054622,15.382366760406516,15.706902503967285,1727200,0.0,0.0
2006-01-04 00:00:00-05:00,15.691877955757892,15.706902503967287,15.511579938346502,15.706902503967285,1478600,0.0,0.0
2006-01-05 00:00:00-05:00,15.706903499460493,15.944295273633136,15.631779607352666,15.911240577697754,1627200,0.0,0.0
2006-01-06 00:00:00-05:00,16.03143574383777,16.106559624823515,15.851138887991768,16.007396697998047,1094400,0.0,0.0
2006-01-09 00:00:00-05:00,16.05247619879352,16.175680509033555,15.902228381973812,15.932278633117676,1181600,0.0,0.0
2006-01-10 00:00:00-05:00,15.887207413752916,15.950312382241766,15.72193500722527,15.890213012695312,777400,0.0,0.0
2006-01-11 00:00:00-05:00,15.776018489231326,15.833112238714936,15.628775145626628,15.742963790893555,955400,0.0,0.0
2006-01-12 00:00:00-05:00,15.610745769406202,15.700894215065302,15.547641972074802,15.571681022644043,1284200,0.0,0.0
2006-01-13 00:00:00-05:00,15.598722922939984,15.700891449034485,15.472515350511207,15.5145845413208,612600,0.0,0.0
2006-01-17 00:00:00-05:00,15.340291995291068,15.448470537187438,15.328271902569442,15.352312088012695,1166600,0.0,0.0
2006-01-18 00:00:00-05:00,15.355322348977255,15.400397140591496,15.220100266733667,15.26517391204834,783400,0.0,0.0
2006-01-19 00:00:00-05:00,15.289219270920386,15.409416845325604,15.226114312085194,15.274194717407227,1781400,0.0,0.0
2006-01-20 00:00:00-05:00,15.280201067603366,15.280201067603366,15.012760162353517,15.012760162353516,1104000,0.0,0.0
2006-01-23 00:00:00-05:00,15.12995141365744,15.499561971612192,15.054827521541366,15.409412384033203,1249000,0.0,0.0
2006-01-24 00:00:00-05:00,15.418431476076648,15.673852307829495,15.355326521409577,15.628777503967285,1349400,0.0,0.0
2006-01-25 00:00:00-05:00,15.694885151046082,15.800059299500079,15.490548050032329,15.595722198486328,1229200,0.0,0.0
2006-01-26 00:00:00-05:00,15.670842046580015,15.800055213698466,15.508574188389478,15.721925735473633,1363000,0.0,0.0
2006-01-27 00:00:00-05:00,14.724284767894373,15.135963429216464,14.48689296285107,14.559012413024902,6062600,0.0,0.0
2006-01-30 00:00:00-05:00,14.574029685673684,14.754326501615946,14.426786407158117,14.543980598449707,5190400,0.0,0.0
2006-01-31 00:00:00-05:00,14.543983768487005,14.649156742993847,14.453834194567483,14.486888885498047,2554600,0.0,0.0
2006-02-01 00:00:00-05:00,14.486901872461452,14.559021366989597,14.396753364026628,14.531976699829102,2130000,0.0,0.0
2006-02-02 00:00:00-05:00,14.534974960195088,14.562019615832167,14.378717077214182,14.423791885375977,2138600,0.0,0.0
2006-02-03 00:00:00-05:00,14.303591754667403,14.375711211374746,14.21344329350813,14.33364200592041,2686800,0.0,0.0
2006-02-06 00:00:00-05:00,14.273541711363906,14.357680116741273,14.231472508675223,14.345661163330078,1606800,0.0,0.0
2006-02-07 00:00:00-05:00,14.369700297623986,14.553002807202805,14.369700297623986,14.426794052124023,2013000,0.0,0.0
2006-02-08 00:00:00-05:00,14.453837431802274,14.51694237693948,14.309599686045251,14.489897727966309,1302800,0.0,0.0
2006-02-09 00:00:00-05:00,14.51393783404139,14.784384343430274,14.483888731353641,14.589061737060547,1626600,0.0,0.0
2006-02-10 00:00:00-05:00,14.589065637172412,14.751333586185023,14.483892603349478,14.706258773803711,1298000,0.0,0.0
2006-02-13 00:00:00-05:00,14.6641914085788,14.700250575248763,14.447835262258783,14.619117736816406,1516600,0.0,0.0
2006-02-14 00:00:00-05:00,14.619109448286443,14.898570410709484,14.613099399532231,14.871525764465332,1421400,0.0,0.0
2006-02-15 00:00:00-05:00,14.847486643639616,15.006748935099992,14.739308050836467,14.982709884643555,1728800,0.0,0.0
2006-02-16 00:00:00-05:00,15.042812801628578,15.129955669809348,14.880544873898957,15.126951217651367,1950200,0.0,0.0
2006-02-17 00:00:00-05:00,15.114928990788165,15.334290649069867,15.027784988562619,15.289216995239258,1252000,0.0,0.0
2006-02-21 00:00:00-05:00,15.400399910860873,15.40941441228545,15.193058353997202,15.340300559997559,2070200,0.0,0.0
2006-02-22 00:00:00-05:00,15.352317777663428,15.439461762742544,15.08187132269361,15.166010856628418,1775400,0.0,0.0
2006-02-23 00:00:00-05:00,15.166014299185667,15.271187307603116,15.048821190863418,15.175028800964355,1147000,0.0,0.0
2006-02-24 00:00:00-05:00,15.172015740775102,15.19906037706629,14.991717783400787,15.156990051269531,897200,0.0,0.0
2006-02-27 00:00:00-05:00,15.27419423079182,15.277198682878751,15.069857099882906,15.153995513916016,1316800,0.0,0.0
2006-02-28 00:00:00-05:00,15.078864126634294,15.129947810885259,14.823443412780762,14.823443412780762,2193400,0.0,0.0
2006-03-01 00:00:00-05:00,14.934629488850515,15.220100498726348,14.865515647941558,15.13896656036377,2745400,0.0,0.0
2006-03-02 00:00:00-05:00,15.054824441146389,15.229112385418127,15.006745205881666,15.193053245544434,1448000,0.0,0.0
2006-03-03 00:00:00-05:00,15.160002012150716,15.268180602730924,15.084878118281088,15.220101356506348,1653600,0.0,0.0
2006-03-06 00:00:00-05:00,15.250147203700315,15.26817734705228,15.147978683971331,15.217092514038086,2129800,0.0,0.0
2006-03-07 00:00:00-05:00,15.217098004331335,15.343306760732094,15.144979697502176,15.175028800964355,1991000,0.0,0.0
2006-03-08 00:00:00-05:00,15.175020882964356,15.175020882964356,14.934624741801002,15.108911514282227,2324200,0.0,0.0
2006-03-09 00:00:00-05:00,15.060833844365334,15.232116184310183,14.973691022257832,15.135957717895508,1113600,0.0,0.0
2006-03-10 00:00:00-05:00,15.132956559514362,15.355322631611983,15.084877315847342,15.343303680419922,1120000,0.0,0.0
2006-03-13 00:00:00-05:00,15.3827050021519,15.488792160351073,15.309958696341534,15.437264442443848,2050000,0.22,0.0
2006-03-14 00:00:00-05:00,15.397860488263692,15.482731372976785,15.325115337096276,15.467575073242188,1717000,0.0,0.0
2006-03-15 00:00:00-05:00,15.61004336466156,15.713100007882698,15.47061412861646,15.704007148742676,1598800,0.0,0.0
2006-03-16 00:00:00-05:00,15.703999785204546,15.891926108985048,15.703999785204546,15.758559226989746,1920600,0.0,0.0
2006-03-17 00:00:00-05:00,15.700973176913587,15.731284630147039,15.631258568872216,15.670662879943848,1775000,0.0,0.0
2006-03-20 00:00:00-05:00,15.731283523826418,15.813121551142103,15.588822594307203,15.76159381866455,1300800,0.0,0.0
2006-03-21 00:00:00-05:00,15.800997873535904,15.822215310835022,15.658536946301593,15.70703411102295,1414200,0.0,0.0
2006-03-22 00:00:00-05:00,15.746445688466363,15.897999542722507,15.697948501354961,15.88890552520752,1309400,0.0,0.0
2006-03-23 00:00:00-05:00,15.831309848561252,15.83434157207647,15.631258878315027,15.655508041381836,1612400,0.0,0.0
2006-03-24 00:00:00-05:00,15.658537200401806,15.658537200401806,15.452423957925424,15.473641395568848,1464800,0.0,0.0
2006-03-27 00:00:00-05:00,15.473638886592754,15.473638886592754,15.322085124419928,15.388769149780273,2087800,0.0,0.0
2006-03-28 00:00:00-05:00,15.38876818801561,15.497887074962502,15.331178178244029,15.385736465454102,1328000,0.0,0.0
2006-03-29 00:00:00-05:00,15.44332399855234,15.528193710095625,15.382702280480096,15.461509704589844,716200,0.0,0.0
2006-03-30 00:00:00-05:00,15.461516549532837,15.54032516479492,15.403926527813322,15.540325164794922,1432800,0.0,0.0
2006-03-31 00:00:00-05:00,15.540325038148122,15.5433556050503,15.406958125443891,15.513045310974121,1689600,0.0,0.0
2006-04-03 00:00:00-04:00,15.655504606684218,15.713094621937476,15.519105985017573,15.613068580627441,2456000,0.0,0.0
2006-04-04 00:00:00-04:00,15.640353490037512,15.661570931968146,15.534266280384335,15.576701164245605,1532600,0.0,0.0
2006-04-05 00:00:00-04:00,15.594884711119876,15.610039858370424,15.431206345781268,15.519107818603516,1367000,0.0,0.0
2006-04-06 00:00:00-04:00,15.5221279986816,15.5221279986816,15.1978032082395,15.21599006652832,2264800,0.0,0.0
2006-04-07 00:00:00-04:00,15.291781278036453,15.397868493754354,15.161444895146497,15.212972640991211,1602200,0.0,0.0
2006-04-10 00:00:00-04:00,15.279647666730629,15.3342071043683,15.155373649058875,15.325114250183105,1345600,0.0,0.0
2006-04-11 00:00:00-04:00,15.434238757398978,15.50395452435832,15.255406379699707,15.255406379699707,1697800,0.0,0.0
2006-04-12 00:00:00-04:00,15.282678541996534,15.443326292186766,15.155373955774397,15.425139427185059,1446600,0.0,0.0
2006-04-13 00:00:00-04:00,15.428179971986443,15.516080312435077,15.306936448502633,15.479707717895508,704600,0.0,0.0
2006-04-17 00:00:00-04:00,15.479699915931343,15.525166503388022,15.373612753550226,15.522134780883789,1157200,0.0,0.0
2006-04-18 00:00:00-04:00,15.56457078491581,16.00407692286296,15.49788791636613,15.958611488342285,1805000,0.0,0.0
2006-04-19 00:00:00-04:00,15.940425761907825,16.2101912906713,15.910115470057542,16.19806671142578,1355200,0.0,0.0
2006-04-20 00:00:00-04:00,16.213222617316454,16.41024182205461,16.170786590994393,16.355682373046875,1395400,0.0,0.0
2006-04-21 00:00:00-04:00,16.39811469063159,16.628477029754276,16.337494117848756,16.458736419677734,1849200,0.0,0.0
2006-04-24 00:00:00-04:00,16.45873664690536,16.489048089978564,16.310214622768303,16.467830657958984,1332400,0.0,0.0
2006-04-25 00:00:00-04:00,16.446628678114532,16.604244872472112,16.382976317777192,16.57393455505371,1157600,0.0,0.0
2006-04-26 00:00:00-04:00,16.64969920001768,16.71032094631689,16.40115108082819,16.482990264892578,1427400,0.0,0.0
2006-04-27 00:00:00-04:00,16.3981162928713,16.595136642456055,16.14653765370383,16.595136642456055,2254400,0.0,0.0
2006-04-28 00:00:00-04:00,16.367812629364565,16.5678636263618,16.252631401922557,16.473899841308594,2143800,0.0,0.0
2006-05-01 00:00:00-04:00,16.53754526884665,16.99826879791972,16.519358402973896,16.822465896606445,3472400,0.0,0.0
2006-05-02 00:00:00-04:00,16.861871018321242,16.910368173421254,16.707285541508888,16.79518699645996,1548600,0.0,0.0
2006-05-03 00:00:00-04:00,16.795189193979994,17.07404873948919,16.70122543781407,17.019489288330078,1835000,0.0,0.0
2006-05-04 00:00:00-04:00,16.964936193052335,17.183172923187236,16.958873901067484,17.080116271972656,1485000,0.0,0.0
2006-05-05 00:00:00-04:00,17.077083451585178,17.21651268005371,17.06799059293926,17.21651268005371,1062600,0.0,0.0
2006-05-08 00:00:00-04:00,17.216508836037058,17.625704727697325,17.0892042183629,17.577207565307617,2023000,0.0,0.0
2006-05-09 00:00:00-04:00,17.51961678000255,17.58023852340494,17.40443558316437,17.537803649902344,1296600,0.0,0.0
2006-05-10 00:00:00-04:00,17.489304240856324,17.492334807318713,17.183164996300277,17.268035888671875,1354600,0.0,0.0
2006-05-11 00:00:00-04:00,17.24681701803599,17.277127305188884,17.080106969905078,17.207412719726562,1287800,0.0,0.0
2006-05-12 00:00:00-04:00,17.155885608161096,17.207414489135644,17.04979843595388,17.17710304260254,1525200,0.0,0.0
2006-05-15 00:00:00-04:00,17.180132109486017,17.1831626755391,16.883086916962995,17.064950942993164,1295400,0.0,0.0
2006-05-16 00:00:00-04:00,17.077079698041274,17.13770144030496,16.82246930554465,16.980085372924805,914200,0.0,0.0
2006-05-17 00:00:00-04:00,16.97402091460032,16.977051481007738,16.519359640102095,16.68910026550293,1644200,0.0,0.0
2006-05-18 00:00:00-04:00,16.716386504622875,16.813380855158528,16.558770395936467,16.56483268737793,703800,0.0,0.0
2006-05-19 00:00:00-04:00,16.670907373193852,16.82852336347379,16.522384235113314,16.701217651367188,1603000,0.0,0.0
2006-05-22 00:00:00-04:00,16.637581040085347,16.637581040085347,16.16776434842168,16.498151779174805,1834800,0.0,0.0
2006-05-23 00:00:00-04:00,16.586045449896822,16.6800080500703,16.41327423948236,16.422367095947266,1598200,0.0,0.0
2006-05-24 00:00:00-04:00,16.38600045920195,16.570895159900964,16.261726365282172,16.476932525634766,1914600,0.0,0.0
2006-05-25 00:00:00-04:00,16.57998217565297,17.064953762709564,16.564827030356852,17.016456604003906,3392200,0.0,0.0
2006-05-26 00:00:00-04:00,17.064956131341432,17.26197651632799,17.043738693729175,17.19832420349121,1642600,0.0,0.0
2006-05-30 00:00:00-04:00,17.040703662026147,17.089200814756822,16.743658457017847,16.822465896606445,1979600,0.0,0.0
2006-05-31 00:00:00-04:00,16.867942053117947,17.234702050989988,16.8467246090271,17.089210510253906,1927400,0.0,0.0
2006-06-01 00:00:00-04:00,17.05889695571868,17.131643295288086,16.864908258552045,17.131643295288086,2293200,0.0,0.0
2006-06-02 00:00:00-04:00,17.27713109838691,17.51658635076255,17.225603367661403,17.44384002685547,2651200,0.0,0.0
2006-06-05 00:00:00-04:00,17.446872488437368,17.446872488437368,16.94371395859648,16.986148834228516,1828400,0.0,0.0
2006-06-06 00:00:00-04:00,16.825503886447667,16.895219658254508,16.019237643899046,16.43449592590332,4670600,0.0,0.0
2006-06-07 00:00:00-04:00,16.376897679721118,16.38902225709456,16.170784489425987,16.234437942504883,2079600,0.0,0.0
2006-06-08 00:00:00-04:00,16.234437619712438,16.234437619712438,15.770682372637658,16.12834930419922,2633400,0.0,0.0
2006-06-09 00:00:00-04:00,16.167755819866613,16.26171957113873,15.904052590507414,15.991952896118164,1505200,0.0,0.0
2006-06-12 00:00:00-04:00,15.94952261999356,15.985896366856403,15.688849882128888,15.700974464416504,1588800,0.0,0.0
2006-06-13 00:00:00-04:00,15.59091912565917,15.942479533195693,15.474751166430764,15.630661010742188,1930600,0.22,0.0
2006-06-14 00:00:00-04:00,15.609262670077758,15.762114826856616,15.557292330364856,15.694859504699707,1188200,0.0,0.0
2006-06-15 00:00:00-04:00,15.74377177856002,16.263469332639566,15.74377177856002,16.217613220214844,1928400,0.0,0.0
2006-06-16 00:00:00-04:00,16.11673113898833,16.26041136761556,15.957764762359401,16.01584815979004,1705000,0.0,0.0
2006-06-19 00:00:00-04:00,16.018904847715433,16.018904847715433,15.612317592781283,15.716257095336914,1251000,0.0,0.0
2006-06-20 00:00:00-04:00,15.76517222921311,15.835484085281626,15.624548517076079,15.756001472473145,1194400,0.0,0.0
2006-06-21 00:00:00-04:00,15.755998961074852,16.110615881253562,15.734599754646167,15.988333702087402,1153000,0.0,0.0
2006-06-22 00:00:00-04:00,15.963877965955746,16.06475977252393,15.893566121094455,15.988333702087402,916800,0.0,0.0
2006-06-23 00:00:00-04:00,15.942474462415909,16.211493318199647,15.899674894925385,16.06169891357422,844000,0.0,0.0
2006-06-26 00:00:00-04:00,16.101446275615988,16.26347036123985,16.083104762421577,16.2420711517334,566600,0.0,0.0
2006-06-27 00:00:00-04:00,16.242073238365474,16.242073238365474,15.872170070440513,15.911911964416504,1028200,0.0,0.0
2006-06-28 00:00:00-04:00,15.988335700363429,16.083104459370183,15.807970104943756,15.92108154296875,1058000,0.0,0.0
2006-06-29 00:00:00-04:00,15.997508402609236,16.34906768798828,15.966937269422262,16.34906768798828,1585000,0.0,0.0
2006-06-30 00:00:00-04:00,16.385749661253982,16.523316826530287,16.27875362502204,16.508031845092773,923200,0.0,0.0
2006-07-03 00:00:00-04:00,16.529430454208686,16.66088338891939,16.495802796561396,16.64865493774414,436000,0.0,0.0
2006-07-05 00:00:00-04:00,16.599742161628583,16.67311170190268,16.456061943102785,16.501916885375977,1086600,0.0,0.0
2006-07-06 00:00:00-04:00,16.538603157793673,16.56917428933315,16.31849684155657,16.373523712158203,1251200,0.0,0.0
2006-07-07 00:00:00-04:00,16.355178765718836,16.394920648125545,16.187041647155578,16.23595428466797,689200,0.0,0.0
2006-07-10 00:00:00-04:00,16.312380343229023,16.504974363509874,16.26346770574793,16.419376373291016,851600,0.0,0.0
2006-07-11 00:00:00-04:00,16.41937807149766,16.41937807149766,16.177871388757413,16.336837768554688,838400,0.0,0.0
2006-07-12 00:00:00-04:00,16.294035591255994,16.294035591255994,15.896620316575433,16.003616333007812,1319400,0.0,0.0
2006-07-13 00:00:00-04:00,16.006674832353298,16.006674832353298,15.652057946435344,15.76211166381836,1685400,0.0,0.0
2006-07-14 00:00:00-04:00,15.76516885094492,15.84159491718614,15.49309224171326,15.743769645690918,1067400,0.0,0.0
2006-07-17 00:00:00-04:00,15.704029232056435,15.859939074811042,15.639831610295987,15.670401573181152,1098000,0.0,0.0
2006-07-18 00:00:00-04:00,15.704032451642007,15.749888571540348,15.514496077323368,15.719317436218262,961600,0.0,0.0
2006-07-19 00:00:00-04:00,15.801853681127321,16.141185615674406,15.795739455638179,16.086158752441406,1385600,0.0,0.0
2006-07-20 00:00:00-04:00,16.06475970667603,16.162584983140263,15.86910915374756,15.869109153747559,825600,0.0,0.0
2006-07-21 00:00:00-04:00,15.976103997781918,15.976103997781918,15.532833756955322,15.69791316986084,1293800,0.0,0.0
2006-07-24 00:00:00-04:00,15.746827466612363,16.11061631810293,15.630660676040796,16.064760208129883,1138200,0.0,0.0
2006-07-25 00:00:00-04:00,16.0189069656624,16.06476191433629,15.713202643158684,15.979165077209473,1553400,0.0,0.0
2006-07-26 00:00:00-04:00,15.979160232139286,16.09532816599465,15.835478870954205,15.95164680480957,1292400,0.0,0.0
2006-07-27 00:00:00-04:00,15.927190755179438,15.930248450695132,15.254642346701639,15.37998104095459,2944000,0.0,0.0
2006-07-28 00:00:00-04:00,15.129309525909122,15.416671208978078,14.903087782859803,15.285218238830566,3282000,0.0,0.0
2006-07-31 00:00:00-04:00,15.208787113264224,15.245471298366827,15.123190292635076,15.172102928161621,1429400,0.0,0.0
2006-08-01 00:00:00-04:00,15.09567457448173,15.172100628794986,14.893909837741495,15.037590026855469,1693000,0.0,0.0
2006-08-02 00:00:00-04:00,15.040652256013578,15.214903619081499,14.961168482513134,15.135419845581055,1820400,0.0,0.0
2006-08-03 00:00:00-04:00,15.138479186435038,15.35552898981387,15.114022279264146,15.31884479522705,1533200,0.0,0.0
2006-08-04 00:00:00-04:00,15.483911694733132,15.664277143643973,15.456398281639325,15.54199504852295,2140600,0.0,0.0
2006-08-07 00:00:00-04:00,15.54199799327019,15.6795650848041,15.358575982004115,15.5725679397583,1559800,0.0,0.0
2006-08-08 00:00:00-04:00,15.713200717889256,15.792683318887013,15.56340510510168,15.593975067138672,1652600,0.0,0.0
2006-08-09 00:00:00-04:00,15.685686408574862,15.73459904480084,15.346354484558105,15.346354484558105,1735800,0.0,0.0
2006-08-10 00:00:00-04:00,15.343298973132134,15.54200724205894,15.337184746962297,15.45641040802002,1170000,0.0,0.0
2006-08-11 00:00:00-04:00,15.462523754476777,15.50226447306564,15.337183874380209,15.398324966430664,684200,0.0,0.0
2006-08-14 00:00:00-04:00,15.474750302121093,15.612317461133136,15.367754270761326,15.392210006713867,884200,0.0,0.0
2006-08-15 00:00:00-04:00,15.52977875814853,15.64900325279448,15.447238454277626,15.639832496643066,720800,0.0,0.0
2006-08-16 00:00:00-04:00,15.649004168835948,15.869111658709397,15.633719185632396,15.820199012756348,778800,0.0,0.0
2006-08-17 00:00:00-04:00,15.774338570625439,15.820194673828833,15.624544143676758,15.624544143676758,1383000,0.0,0.0
2006-08-18 00:00:00-04:00,15.62454980034343,15.62454980034343,15.404442291150687,15.597036361694336,1115200,0.0,0.0
2006-08-21 00:00:00-04:00,15.593966747774632,15.615367109186616,15.453343131556137,15.520598411560059,869600,0.0,0.0
2006-08-22 00:00:00-04:00,15.520598797494772,15.627594776371865,15.438058542574426,15.5725679397583,601800,0.0,0.0
2006-08-23 00:00:00-04:00,15.64900230509677,15.707086866989863,15.459465970372982,15.551177024841309,644800,0.0,0.0
2006-08-24 00:00:00-04:00,15.526718647368321,15.529775176657427,15.349409628202869,15.450292587280273,1595800,0.0,0.0
2006-08-25 00:00:00-04:00,15.438069956851752,15.600092892135539,15.425841502747808,15.597036361694336,1145600,0.0,0.0
2006-08-28 00:00:00-04:00,15.56340130348221,15.630656602938528,15.511432147479796,15.587858200073242,1102600,0.0,0.0
2006-08-29 00:00:00-04:00,15.648996461070546,15.780449350980257,15.551171217347349,15.765164375305176,966000,0.0,0.0
2006-08-30 00:00:00-04:00,15.78962946330947,15.911910498336459,15.71320337910404,15.89968204498291,908400,0.0,0.0
2006-08-31 00:00:00-04:00,15.899680490195204,16.043361887625426,15.869110525970187,16.034191131591797,1104200,0.0,0.0
2006-09-01 00:00:00-04:00,16.119794005883133,16.193163580158437,15.99751293698405,16.17787742614746,711200,0.0,0.0
2006-09-05 00:00:00-04:00,16.19926928612671,16.20232581561898,15.963876865468924,16.02501678466797,1447800,0.0,0.0
2006-09-06 00:00:00-04:00,15.948596161687632,16.00973726791925,15.862999312665131,15.911911964416504,1165000,0.0,0.0
2006-09-07 00:00:00-04:00,15.866054475564411,15.869111005611542,15.725429603838572,15.75294303894043,1152200,0.0,0.0
2006-09-08 00:00:00-04:00,15.804910728059403,15.963877085742634,15.737655416609396,15.927191734313965,842400,0.0,0.0
2006-09-11 00:00:00-04:00,15.899674457871669,15.954701305535064,15.581742985578533,15.74070930480957,1096200,0.0,0.0
2006-09-12 00:00:00-04:00,15.817136601266661,16.19926687011456,15.73459632325523,16.18703842163086,1279800,0.0,0.0
2006-09-13 00:00:00-04:00,16.18703885000334,16.492222551072686,16.177791251042134,16.393577575683594,1283800,0.22,0.0
2006-09-14 00:00:00-04:00,16.34425635709574,16.538464181947084,16.276437490271885,16.504554748535156,1539200,0.0,0.0
2006-09-15 00:00:00-04:00,16.569293259437618,16.64635973971407,16.45523519789199,16.501474380493164,954000,0.0,0.0
2006-09-18 00:00:00-04:00,16.415157544136513,16.49838946998026,16.328843477013056,16.430570602416992,1174400,0.0,0.0
2006-09-19 00:00:00-04:00,16.405907946598827,16.461395890404525,16.26410477023936,16.418237686157227,828000,0.0,0.0
2006-09-20 00:00:00-04:00,16.49222751915784,16.754253093478255,16.49222751915784,16.65869140625,1383600,0.0,0.0
2006-09-21 00:00:00-04:00,16.661776906139377,16.708017276075612,16.36584183118356,16.449073791503906,1303200,0.0,0.0
2006-09-22 00:00:00-04:00,16.42132460410558,16.49222561986309,16.27952257259056,16.335010528564453,869400,0.0,0.0
2006-09-25 00:00:00-04:00,16.393578172623453,16.56928961492976,16.31959385041721,16.526132583618164,901200,0.0,0.0
2006-09-26 00:00:00-04:00,16.560047701088976,16.723428283129852,16.53230371772908,16.692602157592773,1278600,0.0,0.0
2006-09-27 00:00:00-04:00,16.695684299769958,16.772750789553967,16.590873826626055,16.692602157592773,1188600,0.0,0.0
2006-09-28 00:00:00-04:00,16.68951497506027,16.818987259407912,16.63094487972505,16.769664764404297,899000,0.0,0.0
2006-09-29 00:00:00-04:00,16.84673280475155,16.859062547694556,16.618615509159262,16.652524948120117,903400,0.0,0.0
2006-10-02 00:00:00-04:00,16.61553209453303,16.714177086167023,16.52921684489749,16.708011627197266,1016800,0.0,0.0
2006-10-03 00:00:00-04:00,16.652525662625436,16.79741102587795,16.634029283505583,16.72034454345703,660400,0.0,0.0
2006-10-04 00:00:00-04:00,16.65251706364466,16.859054565429688,16.65251706364466,16.859054565429688,820400,0.0,0.0
2006-10-05 00:00:00-04:00,16.754250115626085,16.945375807994903,16.70492762184017,16.896053314208984,1225000,0.0,0.0
2006-10-06 00:00:00-04:00,16.84672629881397,17.154992096223623,16.809733556447508,17.139577865600586,897000,0.0,0.0
2006-10-09 00:00:00-04:00,17.04709993851767,17.16115796484685,17.04709993851767,17.111835479736328,632600,0.0,0.0
2006-10-10 00:00:00-04:00,17.213570532203832,17.608150568170046,17.19199200998326,17.463266372680664,1587200,0.0,0.0
2006-10-11 00:00:00-04:00,17.386194859516593,17.413938833770942,17.17965612319178,17.343036651611328,912200,0.0,0.0
2006-10-12 00:00:00-04:00,17.370776900229433,17.444761207686728,17.324537737016716,17.355363845825195,1130000,0.0,0.0
2006-10-13 00:00:00-04:00,17.33071403281636,17.558830202923485,17.33071403281636,17.478681564331055,805400,0.0,0.0
2006-10-16 00:00:00-04:00,17.454009142367013,17.660547838384474,17.454009142367013,17.626638412475586,699000,0.0,0.0
2006-10-17 00:00:00-04:00,17.506419960363733,17.586568573365522,17.318377581622144,17.4139404296875,783600,0.0,0.0
2006-10-18 00:00:00-04:00,17.534158286096737,17.706786374138648,17.438595468830215,17.494083404541016,947000,0.0,0.0
2006-10-19 00:00:00-04:00,17.494090160962706,17.645140972277616,17.43860220382181,17.58965301513672,630800,0.0,0.0
2006-10-20 00:00:00-04:00,17.58965523362859,17.617399215698242,17.40161281914997,17.617399215698242,698600,0.0,0.0
2006-10-23 00:00:00-04:00,17.50025562019404,17.69446347018718,17.50025562019404,17.58965301513672,672400,0.0,0.0
2006-10-24 00:00:00-04:00,17.58348280855897,17.805433401257236,17.57423403423848,17.740697860717773,854800,0.0,0.0
2006-10-25 00:00:00-04:00,17.72528367002524,17.80235012076448,17.598894737850515,17.731449127197266,712600,0.0,0.0
2006-10-26 00:00:00-04:00,17.805439041503202,17.83934848089134,17.64205848002345,17.82701873779297,917200,0.0,0.0
2006-10-27 00:00:00-04:00,17.873251921042378,18.511362067889184,17.60197767293287,18.443544387817383,3506600,0.0,0.0
2006-10-30 00:00:00-05:00,18.357238942593995,18.89362226721797,18.357238942593995,18.875125885009766,2378400,0.0,0.0
2006-10-31 00:00:00-05:00,18.727161150989126,18.82580618561037,18.687086238192506,18.779565811157227,1895400,0.0,0.0
2006-11-01 00:00:00-05:00,18.75797527693284,18.773389509178763,18.44662730618275,18.50211524963379,2490600,0.0,0.0
2006-11-02 00:00:00-05:00,18.4466315037383,18.650086950708385,18.378812629434577,18.61001205444336,1860200,0.0,0.0
2006-11-03 00:00:00-05:00,18.505201218714355,18.554523714658597,18.28016725747244,18.335655212402344,1268800,0.0,0.0
2006-11-06 00:00:00-05:00,18.400389669861756,18.539109548908897,18.38497661128785,18.48362159729004,838200,0.0,0.0
2006-11-07 00:00:00-05:00,18.48362218880827,18.650086048992062,18.44663061185888,18.4497127532959,934200,0.0,0.0
2006-11-08 00:00:00-05:00,18.418882150424874,18.64391605064772,18.40038577848327,18.47128677368164,996200,0.0,0.0
2006-11-09 00:00:00-05:00,18.48978951541333,18.569939312164728,18.434301556413484,18.45896339416504,871200,0.0,0.0
2006-11-10 00:00:00-05:00,18.48978427643941,18.495949734130352,18.295576474967614,18.412717819213867,676800,0.0,0.0
2006-11-13 00:00:00-05:00,18.428133195951844,18.619258880615234,18.421967737484547,18.619258880615234,1210200,0.0,0.0
2006-11-14 00:00:00-05:00,18.57918238965643,18.57918238965643,18.29249506327412,18.48053741455078,991000,0.0,0.0
2006-11-15 00:00:00-05:00,18.37264394454042,18.683993107414057,18.335652372297325,18.653165817260742,1434400,0.0,0.0
2006-11-16 00:00:00-05:00,18.730235379535102,18.74873175668918,18.616177326937656,18.683996200561523,1354800,0.0,0.0
2006-11-17 00:00:00-05:00,18.61309565092422,18.643921771010945,18.421969943374982,18.548358917236328,1969400,0.0,0.0
2006-11-20 00:00:00-05:00,18.495948791503906,18.588428300273275,18.468204821279024,18.495948791503906,581800,0.0,0.0
2006-11-21 00:00:00-05:00,18.492873115794374,18.526781379309377,18.323325918513536,18.397310256958008,824800,0.0,0.0
2006-11-22 00:00:00-05:00,18.49595264992064,18.650085588669977,18.458961073884275,18.585350036621094,764800,0.0,0.0
2006-11-24 00:00:00-05:00,18.554518840914177,18.687073234435005,18.452791734224213,18.573015213012695,226400,0.0,0.0
2006-11-27 00:00:00-05:00,18.495956362608766,18.49903850458839,18.147615521849424,18.15994644165039,1128400,0.0,0.0
2006-11-28 00:00:00-05:00,18.119865696740856,18.341817477815496,18.048964694662203,18.156858444213867,1544600,0.0,0.0
2006-11-29 00:00:00-05:00,18.1815295254205,18.38190290666939,18.135290328476433,18.218521118164062,1073400,0.0,0.0
2006-11-30 00:00:00-05:00,18.187692963258453,18.347991415234038,18.175362041735394,18.304834365844727,1359800,0.0,0.0
2006-12-01 00:00:00-05:00,18.261674003837914,18.261674003837914,17.796191796281477,17.84551429748535,2157200,0.0,0.0
2006-12-04 00:00:00-05:00,17.845511026452655,18.224677905446182,17.845511026452655,18.221595764160156,1836200,0.0,0.0
2006-12-05 00:00:00-05:00,18.16919031012193,18.4620431275427,18.163024851488327,18.40655517578125,1317600,0.0,0.0
2006-12-06 00:00:00-05:00,18.35106586707045,18.474372678742775,18.35106586707045,18.381893157958984,966000,0.0,0.0
2006-12-07 00:00:00-05:00,18.437380556467733,18.495950643500105,18.286329775465166,18.338735580444336,576400,0.0,0.0
2006-12-08 00:00:00-05:00,18.27708272081978,18.434297788558133,18.267833945582765,18.381893157958984,611400,0.0,0.0
2006-12-11 00:00:00-05:00,18.369561869341375,18.421966498878533,18.246255060167883,18.264751434326172,705800,0.0,0.0
2006-12-12 00:00:00-05:00,18.18768963315056,18.196937234628948,17.965737790139748,18.011978149414062,1015200,0.0,0.0
2006-12-13 00:00:00-05:00,18.064379737943042,18.218512674874095,18.036635762257813,18.070545196533203,1438400,0.0,0.0
2006-12-14 00:00:00-05:00,18.123354263999435,18.256934103628264,18.067437066711186,18.15752601623535,1530400,0.225,0.0
2006-12-15 00:00:00-05:00,18.179268435188607,18.328380541456955,18.176161266390988,18.235185623168945,772400,0.0,0.0
2006-12-18 00:00:00-05:00,18.297321958322993,18.297321958322993,18.104717721050235,18.148208618164062,501800,0.0,0.0
2006-12-19 00:00:00-05:00,18.148204201017027,18.359446665616147,18.061222427960136,18.297317504882812,1078600,0.0,0.0
2006-12-20 00:00:00-05:00,18.328385104164237,18.461964954811183,18.281787040901172,18.39362144470215,1267000,0.0,0.0
2006-12-21 00:00:00-05:00,18.22897335677765,18.48060071492156,18.22897335677765,18.309741973876953,1775800,0.0,0.0
2006-12-22 00:00:00-05:00,18.32527841500034,18.41226019903966,18.294212645673493,18.328384399414062,822000,0.0,0.0
2006-12-26 00:00:00-05:00,18.28799822953853,18.542731595246906,18.28799822953853,18.381193161010742,636200,0.0,0.0
2006-12-27 00:00:00-05:00,18.45264850019981,18.58312120025351,18.424689895182855,18.564481735229492,620800,0.0,0.0
2006-12-28 00:00:00-05:00,18.44953850010184,18.61107695041632,18.399834452700308,18.477497100830078,645600,0.0,0.0
2006-12-29 00:00:00-05:00,18.47439239006184,18.623504542547167,18.406048875783465,18.4246883392334,916800,0.0,0.0
2007-01-03 00:00:00-05:00,18.480606035849174,18.68874138390213,18.44954026260674,18.654569625854492,1623000,0.0,0.0
2007-01-04 00:00:00-05:00,18.62350611528648,18.642144395272357,18.471286780185682,18.564481735229492,1335400,0.0,0.0
2007-01-05 00:00:00-05:00,18.548947653943724,18.548947653943724,18.44022041436953,18.496137619018555,1475600,0.0,0.0
2007-01-08 00:00:00-05:00,18.496139003835864,18.561375352464665,18.347026841953692,18.533416748046875,1449000,0.0,0.0
2007-01-09 00:00:00-05:00,18.57690873550327,18.586229060880665,18.45886115604117,18.536523818969727,1101800,0.0,0.0
2007-01-10 00:00:00-05:00,18.496138781424776,18.62039832231334,18.41226296917999,18.60486602783203,2180000,0.0,0.0
2007-01-11 00:00:00-05:00,18.604865185095516,18.955900712655257,18.56448027324293,18.918622970581055,2011800,0.0,0.0
2007-01-12 00:00:00-05:00,18.878235458579304,19.15471427887243,18.87202230491635,19.120542526245117,2060200,0.0,0.0
2007-01-16 00:00:00-05:00,19.08016483336621,19.26966194409466,18.974544736279103,19.182680130004883,1160000,0.0,0.0
2007-01-17 00:00:00-05:00,19.13608210775997,19.3628581552154,19.12054981020451,19.288301467895508,1379800,0.0,0.0
2007-01-18 00:00:00-05:00,19.26033500324237,19.400127994305734,19.20752497608391,19.26654815673828,1814200,0.0,0.0
2007-01-19 00:00:00-05:00,19.247907844964217,19.477789773994413,19.23858870765144,19.459150314331055,1337600,0.0,0.0
2007-01-22 00:00:00-05:00,19.28207888525582,19.487108193853004,19.28207888525582,19.39391326904297,1947400,0.0,0.0
2007-01-23 00:00:00-05:00,19.337998143364228,19.61758413270513,19.337998143364228,19.511962890625,1601400,0.0,0.0
2007-01-24 00:00:00-05:00,19.539927154282466,19.639335271525283,19.421879570667286,19.499542236328125,1613200,0.0,0.0
2007-01-25 00:00:00-05:00,19.465370807941923,19.561672941628093,19.0925897693637,19.238595962524414,2751000,0.0,0.0
2007-01-26 00:00:00-05:00,18.01773084165678,18.483706639285835,17.940068208718603,18.406044006347656,3992800,0.0,0.0
2007-01-29 00:00:00-05:00,18.374981101022524,18.37808708520638,17.968028440742295,18.101608276367188,2643600,0.0,0.0
2007-01-30 00:00:00-05:00,18.107826326712033,18.15442321229825,17.874838343666447,18.011524200439453,1721200,0.0,0.0
2007-01-31 00:00:00-05:00,18.048796017036736,18.263145649451026,17.992878824671074,18.191696166992188,1135000,0.0,0.0
2007-02-01 00:00:00-05:00,18.2165465584143,18.49302533548184,18.123351638116144,18.455747604370117,1358200,0.0,0.0
2007-02-02 00:00:00-05:00,18.3936222812014,18.3936222812014,18.19791325068727,18.281787872314453,1026400,0.0,0.0
2007-02-05 00:00:00-05:00,18.235193580041066,18.28179046699864,17.893477150494522,18.16063690185547,1207200,0.0,0.0
2007-02-06 00:00:00-05:00,18.194807418253454,18.356345889069765,18.185488278507282,18.241405487060547,1443400,0.0,0.0
2007-02-07 00:00:00-05:00,18.22587782453055,18.353245761916494,18.19481322543644,18.238304138183594,1615200,0.0,0.0
2007-02-08 00:00:00-05:00,18.166841872248916,18.2165459069663,18.076752938999395,18.104711532592773,1314800,0.0,0.0
2007-02-09 00:00:00-05:00,18.101619853266694,18.275584704768093,18.101619853266694,18.204133987426758,995400,0.0,0.0
2007-02-12 00:00:00-05:00,18.20723128636084,18.309745364936003,18.14199494680956,18.18548583984375,941200,0.0,0.0
2007-02-13 00:00:00-05:00,18.260037442217595,18.499238488173408,18.253824289526023,18.455747604370117,988400,0.0,0.0
2007-02-14 00:00:00-05:00,18.465074442326657,18.645252390417966,18.465074442326657,18.561376571655273,902400,0.0,0.0
2007-02-15 00:00:00-05:00,18.48371276045612,18.65146438756521,18.446435016111256,18.54584312438965,748400,0.0,0.0
2007-02-16 00:00:00-05:00,18.421581049559787,18.611078112434107,18.39051646238349,18.493030548095703,835800,0.0,0.0
2007-02-20 00:00:00-05:00,18.387408813254588,18.580013040847867,18.260042113091554,18.55826759338379,1665000,0.0,0.0
2007-02-21 00:00:00-05:00,18.489926004719965,18.868920160011953,18.45575424513946,18.837854385375977,1557000,0.0,0.0
2007-02-22 00:00:00-05:00,18.974534905148452,19.0490903685856,18.794357029272852,18.85338020324707,1144000,0.0,0.0
2007-02-23 00:00:00-05:00,18.887557449906417,18.887557449906417,18.76329791298904,18.831640243530273,738800,0.0,0.0
2007-02-26 00:00:00-05:00,19.126762342805435,19.207532183522517,18.78815305296451,18.83475112915039,1883600,0.0,0.0
2007-02-27 00:00:00-05:00,18.670101202663766,18.73844471613333,17.986670808120255,18.294214248657227,1975600,0.0,0.0
2007-02-28 00:00:00-05:00,18.319067400608454,18.4930309890042,18.135783487807174,18.35013198852539,1300400,0.0,0.0
2007-03-01 00:00:00-05:00,18.086074936929485,18.38119200383969,17.887258779628294,18.365659713745117,2380400,0.0,0.0
2007-03-02 00:00:00-05:00,18.32838482696692,18.424686936569735,18.14199494680956,18.18548583984375,1453400,0.0,0.0
2007-03-05 00:00:00-05:00,18.061228848501198,18.29732400935275,17.98667335510254,17.98667335510254,1335800,0.0,0.0
2007-03-06 00:00:00-05:00,18.06743995971769,18.365664269648896,17.98667132016726,18.25693702697754,1425800,0.0,0.0
2007-03-07 00:00:00-05:00,18.260043078887026,18.44332699223408,18.21965935148237,18.269363403320312,1023400,0.0,0.0
2007-03-08 00:00:00-05:00,18.337707950565182,18.7322344281724,18.30353618860136,18.67631721496582,1511000,0.0,0.0
2007-03-09 00:00:00-05:00,18.75086733123028,18.97142893665807,18.738441024858567,18.788145065307617,1700200,0.0,0.0
2007-03-12 00:00:00-04:00,18.719805298066596,19.098799422711387,18.719805298066596,18.977645874023438,1493600,0.0,0.0
2007-03-13 00:00:00-04:00,18.911929202078873,19.112188890442614,18.652219339738128,18.664735794067383,2608400,0.22,0.0
2007-03-14 00:00:00-04:00,18.702290803906717,18.793033340531323,18.392515010946408,18.71167755126953,2377000,0.0,0.0
2007-03-15 00:00:00-04:00,18.74609716349725,19.171647216059423,18.714807209952767,18.9932918548584,1305000,0.0,0.0
2007-03-16 00:00:00-04:00,19.040224278742837,19.040224278742837,18.852482194919652,18.88690185546875,1645400,0.0,0.0
2007-03-19 00:00:00-04:00,18.911936531440475,19.237357308309942,18.911936531440475,19.2154541015625,1498400,0.0,0.0
2007-03-20 00:00:00-04:00,19.231099009554253,19.421970833639964,19.05900187417107,19.418842315673828,1125600,0.0,0.0
2007-03-21 00:00:00-04:00,19.396935479305103,19.706710026300442,19.296805018597347,19.68480682373047,1232600,0.0,0.0
2007-03-22 00:00:00-04:00,19.65352404659244,19.897589074932696,19.50958712822481,19.853782653808594,1996800,0.0,0.0
2007-03-23 00:00:00-04:00,19.885062100239114,20.08844911844576,19.834997474904497,20.05402946472168,1801200,0.0,0.0
2007-03-26 00:00:00-04:00,20.00709870616161,20.266808631026148,19.844388341613975,20.232391357421875,1791800,0.0,0.0
2007-03-27 00:00:00-04:00,20.122874221583736,20.213616752587313,19.91635863058306,20.03839111328125,1144200,0.0,0.0
2007-03-28 00:00:00-04:00,19.869418057750018,19.969547313101433,19.76303057473478,19.844385147094727,1273000,0.0,0.0
2007-03-29 00:00:00-04:00,20.000843150879515,20.02900578048206,19.515841703562632,19.659778594970703,2465800,0.0,0.0
2007-03-30 00:00:00-04:00,19.700449629740422,19.860031452198648,19.49393288992704,19.816225051879883,1682200,0.0,0.0
2007-04-02 00:00:00-04:00,19.888194166389106,20.01648485860656,19.763031991410386,19.982065200805664,1107400,0.0,0.0
2007-04-03 00:00:00-04:00,20.044645961962825,20.288710900733207,19.89445325530568,20.2386474609375,1013200,0.0,0.0
2007-04-04 00:00:00-04:00,20.19171272899841,20.338778121997624,20.172939236196875,20.2981014251709,1106200,0.0,0.0
2007-04-05 00:00:00-04:00,20.18545534340118,20.307487819033064,20.157292717417587,20.263681411743164,948600,0.0,0.0
2007-04-09 00:00:00-04:00,20.338777542114258,20.504616423186736,20.310617303714835,20.338777542114258,946200,0.0,0.0
2007-04-10 00:00:00-04:00,20.160423364290004,20.260552640924224,20.107230208293444,20.113487243652344,824600,0.0,0.0
2007-04-11 00:00:00-04:00,20.176068680298727,20.316874648986428,19.988325399323326,20.216745376586914,1384600,0.0,0.0
2007-04-12 00:00:00-04:00,20.21674630090194,20.442037770918777,20.1885836735147,20.4263916015625,850800,0.0,0.0
2007-04-13 00:00:00-04:00,20.451425876664207,20.467072047060203,20.28558697445655,20.32939338684082,849400,0.0,0.0
2007-04-16 00:00:00-04:00,20.335648488827275,20.611005783081055,20.335648488827275,20.611005783081055,1000400,0.0,0.0
2007-04-17 00:00:00-04:00,20.617261638546818,20.654811009415603,20.554681741035573,20.614131927490234,930200,0.0,0.0
2007-04-18 00:00:00-04:00,20.56093755921813,20.582840760777984,20.420131604514765,20.46706771850586,625000,0.0,0.0
2007-04-19 00:00:00-04:00,20.651681311435045,20.651681311435045,20.207357831921712,20.476455688476562,798000,0.0,0.0
2007-04-20 00:00:00-04:00,20.632910908770793,20.689233779907227,20.551555119958074,20.689233779907227,1097800,0.0,0.0
2007-04-23 00:00:00-04:00,20.682975755236836,20.783105045441342,20.463943678936545,20.52652359008789,944800,0.0,0.0
2007-04-24 00:00:00-04:00,20.6110052871889,20.72990805131124,20.413874067678254,20.604745864868164,947400,0.0,0.0
2007-04-25 00:00:00-04:00,20.548420794885562,21.246198298006433,20.52338788282968,21.21177864074707,2214200,0.0,0.0
2007-04-26 00:00:00-04:00,21.09600560290434,21.196134875201604,20.839424193438216,20.858200073242188,2485800,0.0,0.0
2007-04-27 00:00:00-04:00,20.873841109104593,21.831327298715426,20.873841109104593,21.721811294555664,3407800,0.0,0.0
2007-04-30 00:00:00-04:00,21.7249420377116,21.7249420377116,21.183616638183594,21.183616638183594,2777800,0.0,0.0
2007-05-01 00:00:00-04:00,20.651691408085643,20.970852861265804,20.329400242316794,20.808143615722656,2539200,0.0,0.0
2007-05-02 00:00:00-04:00,20.79249449692968,21.10539886791295,20.573462392149754,21.017786026000977,1850600,0.0,0.0
2007-05-03 00:00:00-04:00,21.020905698115183,21.092874719466597,20.836290966030113,20.87384033203125,1386200,0.0,0.0
2007-05-04 00:00:00-04:00,20.87384696813284,20.876976679778686,20.6516851866879,20.711137771606445,1542800,0.0,0.0
2007-05-07 00:00:00-04:00,20.720519258337237,21.03968053433385,20.720519258337237,20.77684211730957,1125000,0.0,0.0
2007-05-08 00:00:00-04:00,20.758066860310574,20.79248651889365,20.529648094008323,20.748680114746094,1474000,0.0,0.0
2007-05-09 00:00:00-04:00,20.75181482116006,20.776847740204694,20.510879540349496,20.74555778503418,1189400,0.0,0.0
2007-05-10 00:00:00-04:00,20.748682943904985,20.748682943904985,20.207359852868827,20.226133346557617,1556200,0.0,0.0
2007-05-11 00:00:00-04:00,20.28871357322638,20.73303949151768,20.24490716240856,20.620393753051758,1317000,0.0,0.0
2007-05-14 00:00:00-04:00,20.620389770504733,20.74242223239552,20.38258188108709,20.432647705078125,1162000,0.0,0.0
2007-05-15 00:00:00-04:00,20.495228435425247,20.96458481180903,20.46393848778699,20.748680114746094,1715000,0.0,0.0
2007-05-16 00:00:00-04:00,20.742422289904923,20.836292129243542,20.445161830491234,20.726776123046875,1044400,0.0,0.0
2007-05-17 00:00:00-04:00,20.667322455350035,20.776838443076375,20.58909640879272,20.682966232299805,833200,0.0,0.0
2007-05-18 00:00:00-04:00,20.717395154291328,20.86759028128857,20.651685532252085,20.74555778503418,825400,0.0,0.0
2007-05-21 00:00:00-04:00,20.695488783647722,20.91765053485275,20.64855266443084,20.795618057250977,765200,0.0,0.0
2007-05-22 00:00:00-04:00,20.695480281900505,20.848802646904986,20.695480281900505,20.742416381835938,765000,0.0,0.0
2007-05-23 00:00:00-04:00,20.792488077260554,20.95519963680645,20.714262008666992,20.714262008666992,849800,0.0,0.0
2007-05-24 00:00:00-04:00,20.72990424470581,20.830033498019638,20.332516942036158,20.341903686523438,1009600,0.0,0.0
2007-05-25 00:00:00-04:00,20.42639218521213,20.67984390258789,20.388845197316662,20.67984390258789,840400,0.0,0.0
2007-05-29 00:00:00-04:00,20.798756865227833,20.96459582335967,20.692368122653622,20.808143615722656,1158000,0.0,0.0
2007-05-30 00:00:00-04:00,20.661067280375928,20.970841819962686,20.542164524592625,20.952068328857422,1533600,0.0,0.0
2007-05-31 00:00:00-04:00,21.04280852919212,21.092874349649176,20.67358145876532,20.701744079589844,2041200,0.0,0.0
2007-06-01 00:00:00-04:00,20.867590323638957,20.973976648888723,20.701751412355172,20.758071899414062,1583400,0.0,0.0
2007-06-04 00:00:00-04:00,20.742424446835955,20.808134057386866,20.670455413982975,20.729907989501953,736800,0.0,0.0
2007-06-05 00:00:00-04:00,20.729907507363542,20.729907507363542,20.551552172224955,20.58597183227539,1072200,0.0,0.0
2007-06-06 00:00:00-04:00,20.570323995209826,20.576583416858465,20.269936212362172,20.307485580444336,1202200,0.0,0.0
2007-06-07 00:00:00-04:00,20.182328471035504,20.285587468715953,19.809972763061523,19.809972763061523,1471200,0.0,0.0
2007-06-08 00:00:00-04:00,19.809959868770576,19.99457334360562,19.71921738932203,19.991443634033203,1367000,0.0,0.0
2007-06-11 00:00:00-04:00,19.9945864686465,20.054036665933648,19.778681724533353,19.91948890686035,1033800,0.0,0.0
2007-06-12 00:00:00-04:00,19.86942032212306,20.126001717406133,19.853775347998,19.878807067871094,2185800,0.0,0.0
2007-06-13 00:00:00-04:00,20.04265453992046,20.319929823320862,19.891413148440307,20.313629150390625,1095200,0.22,0.0
2007-06-14 00:00:00-04:00,20.313627782949144,20.54049045587764,20.282119612580033,20.36404037475586,1478600,0.0,0.0
2007-06-15 00:00:00-04:00,20.408158738848254,20.55940136986867,20.341990839001845,20.370349884033203,1947200,0.0,0.0
2007-06-18 00:00:00-04:00,20.452269088068654,20.61926457472667,20.389250335797968,20.581453323364258,1795000,0.0,0.0
2007-06-19 00:00:00-04:00,20.531037494339706,20.669673919677734,20.43966212086736,20.669673919677734,1385400,0.0,0.0
2007-06-20 00:00:00-04:00,20.672824867877264,20.950100114560502,20.55939353879795,20.568845748901367,1986000,0.0,0.0
2007-06-21 00:00:00-04:00,20.575156283316105,20.84928009136044,20.38610239703998,20.817771911621094,1576200,0.0,0.0
2007-06-22 00:00:00-04:00,20.710640084402367,20.89338845726331,20.461721420288086,20.461721420288086,2239000,0.0,0.0
2007-06-25 00:00:00-04:00,20.46171382223626,20.65706587308536,20.297867530129384,20.395545959472656,1667200,0.0,0.0
2007-06-26 00:00:00-04:00,20.83667025714359,21.05092918232406,20.364040487238377,20.37349510192871,2456800,0.0,0.0
2007-06-27 00:00:00-04:00,20.326229645422348,20.338833393184114,20.058405414302797,20.272663116455078,1330800,0.0,0.0
2007-06-28 00:00:00-04:00,20.228551878926385,20.56254519600456,20.19389217240017,20.357738494873047,1356400,0.0,0.0
2007-06-29 00:00:00-04:00,20.414453577969102,20.69488035629385,20.156082757358014,20.269514083862305,1602200,0.0,0.0
2007-07-02 00:00:00-04:00,20.45226824685626,21.107646416078147,20.436512958456714,21.06983757019043,1911600,0.0,0.0
2007-07-03 00:00:00-04:00,21.072993021139553,21.274648272716373,21.022580410205457,21.054088592529297,959000,0.0,0.0
2007-07-05 00:00:00-04:00,21.142310899960847,21.441644619685565,21.107651180793564,21.353418350219727,1476200,0.0,0.0
2007-07-06 00:00:00-04:00,21.337649683360493,21.432174153437472,21.069826745598316,21.40696907043457,1176800,0.0,0.0
2007-07-09 00:00:00-04:00,21.520418137654644,21.52671881263137,21.243140360273703,21.457399368286133,1057800,0.0,0.0
2007-07-10 00:00:00-04:00,21.284099124259,21.312455762156066,20.871334075927734,20.871334075927734,1499600,0.0,0.0
2007-07-11 00:00:00-04:00,20.87133026530435,21.145456401192515,20.86187805439775,21.000516891479492,1016000,0.0,0.0
2007-07-12 00:00:00-04:00,21.120240462854436,21.400667159311045,21.00050849935199,21.375459671020508,1099000,0.0,0.0
2007-07-13 00:00:00-04:00,21.375469873574357,21.485752086503762,21.25258631440343,21.46054458618164,979600,0.0,0.0
2007-07-16 00:00:00-04:00,21.438486134474942,21.703157645359184,21.315602589575935,21.35971450805664,1073200,0.0,0.0
2007-07-17 00:00:00-04:00,21.57397254805795,22.194693323541724,21.56136879987482,21.747268676757812,2774800,0.0,0.0
2007-07-18 00:00:00-04:00,21.6842563007243,21.734671302665884,21.463696677028896,21.677955627441406,1657800,0.0,0.0
2007-07-19 00:00:00-04:00,21.756726293861156,22.207300136943054,21.753574755400585,22.1442813873291,2342800,0.0,0.0
2007-07-20 00:00:00-04:00,22.12223024502811,22.144286211217768,21.633847449708526,21.756731033325195,2580600,0.0,0.0
2007-07-23 00:00:00-04:00,22.522392335644618,22.824875198080797,22.308133340928983,22.443620681762695,2752000,0.0,0.0
2007-07-24 00:00:00-04:00,22.437317207965574,22.437317207965574,21.983591720344805,22.056062698364258,2511600,0.0,0.0
2007-07-25 00:00:00-04:00,22.273475200256645,22.32073627280087,21.618094416547006,21.926877975463867,2429600,0.0,0.0
2007-07-26 00:00:00-04:00,21.536167345149238,21.630694281081183,21.05093372161028,21.195873260498047,3006600,0.0,0.0
2007-07-27 00:00:00-04:00,21.079289182927507,21.41958320976825,20.206498155044468,20.81461524963379,4539600,0.0,0.0
2007-07-30 00:00:00-04:00,20.842979565893778,21.614940792663162,20.67283250938166,21.5078125,2919400,0.0,0.0
2007-07-31 00:00:00-04:00,22.402648585912406,22.402648585912406,21.68425178527832,21.68425178527832,2954200,0.0,0.0
2007-08-01 00:00:00-04:00,21.646447743517,21.70001429072705,21.16121651099227,21.476303100585938,3037600,0.0,0.0
2007-08-02 00:00:00-04:00,21.551921210201,21.7882361304797,21.419585431785656,21.504657745361328,3346400,0.0,0.0
2007-08-03 00:00:00-04:00,21.583429926822454,22.011947851989735,21.50465828475376,21.56767463684082,3551000,0.0,0.0
2007-08-06 00:00:00-04:00,21.677962341719805,21.920578002929688,21.35342107502037,21.920578002929688,2109400,0.0,0.0
2007-08-07 00:00:00-04:00,21.73467134030145,21.857554902847333,21.06353544832974,21.44478988647461,2440600,0.0,0.0
2007-08-08 00:00:00-04:00,21.58657618830505,21.64644098697661,20.411302518236077,20.69803237915039,3092200,0.0,0.0
2007-08-09 00:00:00-04:00,20.291569935989983,20.956402605795514,20.20964677751448,20.597204208374023,4118800,0.0,0.0
2007-08-10 00:00:00-04:00,20.417608906235884,21.520411804481846,20.285270731467516,21.331357955932617,2923200,0.0,0.0
2007-08-13 00:00:00-04:00,21.347112753740408,21.75672621095193,21.03202621862985,21.072986602783203,1742000,0.0,0.0
2007-08-14 00:00:00-04:00,20.991060376444924,21.173808692312576,20.505826950073242,20.505826950073242,1536200,0.0,0.0
2007-08-15 00:00:00-04:00,20.389251365461316,20.795713323435187,19.9733371951494,20.004846572875977,1489800,0.0,0.0
2007-08-16 00:00:00-04:00,19.7874290199613,20.278964319643624,19.393570953473382,20.206493377685547,4807000,0.0,0.0
2007-08-17 00:00:00-04:00,20.77995589530006,21.019422333541097,19.935525092438787,20.20965003967285,3061200,0.0,0.0
2007-08-20 00:00:00-04:00,20.21279205770498,20.79570138857064,20.06785140726537,20.720081329345703,1657000,0.0,0.0
2007-08-21 00:00:00-04:00,20.69803654602794,21.243134939425246,20.679129718081928,21.076139450073242,1823600,0.0,0.0
2007-08-22 00:00:00-04:00,21.23998117440469,21.614932458066693,21.183265510769893,21.551916122436523,1201800,0.0,0.0
2007-08-23 00:00:00-04:00,21.577128064840615,21.791387015624135,21.32190632392873,21.44478988647461,1199600,0.0,0.0
2007-08-24 00:00:00-04:00,21.425877867433055,21.469989776611328,21.195863709073123,21.469989776611328,1075800,0.0,0.0
2007-08-27 00:00:00-04:00,21.331353102853146,21.403824048831815,20.969005584716797,20.969005584716797,1324000,0.0,0.0
2007-08-28 00:00:00-04:00,20.81147210303745,20.86818779049576,20.49638548469575,20.524742126464844,1310200,0.0,0.0
2007-08-29 00:00:00-04:00,20.55939221127701,20.984758465898942,20.52788404499372,20.969005584716797,1391400,0.0,0.0
2007-08-30 00:00:00-04:00,20.716945429297795,20.962712610219654,20.65707820176857,20.90284538269043,1086800,0.0,0.0
2007-08-31 00:00:00-04:00,21.028874154095522,21.20217270563866,20.950102522288535,21.03517723083496,924800,0.0,0.0
2007-09-04 00:00:00-04:00,21.041485472034815,21.29040420654842,20.839830214389412,21.12656021118164,1116600,0.0,0.0
2007-09-05 00:00:00-04:00,20.909141551088002,21.057232599347167,20.764202041109918,20.92174530029297,897400,0.0,0.0
2007-09-06 00:00:00-04:00,20.86187814856787,20.969008815138082,20.594055088021396,20.738994598388672,868400,0.0,0.0
2007-09-07 00:00:00-04:00,20.445957869276334,20.54363389150169,20.086759538085243,20.15292739868164,1272600,0.0,0.0
2007-09-10 00:00:00-04:00,20.282121000006665,20.373496383071263,20.055258311559307,20.20965003967285,1256600,0.0,0.0
2007-09-11 00:00:00-04:00,20.253760557592017,20.62241119879694,20.253760557592017,20.58460235595703,1384800,0.0,0.0
2007-09-12 00:00:00-04:00,20.49007487037812,20.578298706439977,20.219100285948564,20.263212203979492,1254400,0.0,0.0
2007-09-13 00:00:00-04:00,20.317150369322775,20.42184582103793,20.17121235502903,20.263216018676758,602600,0.22,0.0
2007-09-14 00:00:00-04:00,20.126795052366823,20.43136286478062,20.04748075741075,20.383773803710938,804000,0.0,0.0
2007-09-17 00:00:00-04:00,20.35205071153471,20.666134674878347,20.326669553562578,20.377431869506836,671600,0.0,0.0
2007-09-18 00:00:00-04:00,20.51701734064679,21.094425201416016,20.431358983378274,21.094425201416016,1187400,0.0,0.0
2007-09-19 00:00:00-04:00,21.31650832526803,21.6559733732511,21.170570329175113,21.303817749023438,1149600,0.0,0.0
2007-09-20 00:00:00-04:00,21.367271625580745,21.379962203854078,21.097603493593287,21.18326187133789,776200,0.0,0.0
2007-09-21 00:00:00-04:00,21.059521762798656,21.5131994336893,21.059521762798656,21.449748992919922,1239200,0.0,0.0
2007-09-24 00:00:00-04:00,21.43072427300257,21.614731604670567,21.015115705842792,21.08173942565918,920400,0.0,0.0
2007-09-25 00:00:00-04:00,20.996079411874252,21.04049522162218,20.80255234633824,21.008769989013672,596400,0.0,0.0
2007-09-26 00:00:00-04:00,21.176917895065365,21.820949617556042,21.15470998809949,21.335546493530273,1339400,0.0,0.0
2007-09-27 00:00:00-04:00,21.478312282019477,21.73211901978579,21.424379136900278,21.608388900756836,926800,0.0,0.0
2007-09-28 00:00:00-04:00,21.459275050503916,21.567143748287364,21.037322428271274,21.17057228088379,1079000,0.0,0.0
2007-10-01 00:00:00-04:00,21.081739173147405,21.687701564021697,21.081739173147405,21.643285751342773,1123000,0.0,0.0
2007-10-02 00:00:00-04:00,21.67500705016003,21.747977255156588,21.373613744499053,21.424373626708984,1100600,0.0,0.0
2007-10-03 00:00:00-04:00,21.34506463643206,21.57031696438751,21.132502887295562,21.440242767333984,1095800,0.0,0.0
2007-10-04 00:00:00-04:00,21.487829728642755,21.709908785026826,21.230849768563843,21.624250411987305,809200,0.0,0.0
2007-10-05 00:00:00-04:00,21.779702860907246,21.881225047563355,21.624247542070044,21.74480438232422,815600,0.0,0.0
2007-10-08 00:00:00-04:00,21.751153404738837,21.811433048809274,21.465623853938748,21.573490142822266,588800,0.0,0.0
2007-10-09 00:00:00-04:00,21.655980635376743,21.77971076965332,21.58935690311095,21.77971076965332,690000,0.0,0.0
2007-10-10 00:00:00-04:00,21.671837760096466,21.7448079784231,21.249887539185913,21.332372665405273,729800,0.0,0.0
2007-10-11 00:00:00-04:00,21.53859069917825,21.627422326189055,21.157883034709005,21.275266647338867,1066200,0.0,0.0
2007-10-12 00:00:00-04:00,21.32919726726161,21.652798465024517,21.278434966172668,21.5798282623291,960600,0.0,0.0
2007-10-15 00:00:00-04:00,21.573488498352894,21.79556755882032,21.20229817422296,21.364097595214844,934600,0.0,0.0
2007-10-16 00:00:00-04:00,21.291123244132827,21.332365793957713,20.720059520898715,20.885034561157227,1082000,0.0,0.0
2007-10-17 00:00:00-04:00,21.176915701195266,21.224504759900707,20.6502676470205,20.77400016784668,1053400,0.0,0.0
2007-10-18 00:00:00-04:00,20.69151331781563,21.145191174381395,20.567783213341347,20.900901794433594,1170200,0.0,0.0
2007-10-19 00:00:00-04:00,20.812062708648313,21.072213401738445,20.583637237548825,20.583637237548828,1221000,0.0,0.0
2007-10-22 00:00:00-04:00,20.41868110571127,20.53289393341357,20.098250537964194,20.431371688842773,988600,0.0,0.0
2007-10-23 00:00:00-04:00,20.5138506267797,20.659788640588648,20.025273063972133,20.288597106933594,1151600,0.0,0.0
2007-10-24 00:00:00-04:00,20.212458490063764,20.437710840230324,20.009414049900087,20.358396530151367,1584400,0.0,0.0
2007-10-25 00:00:00-04:00,20.28859749901579,20.53288568002045,20.15217681078929,20.320323944091797,911800,0.0,0.0
2007-10-26 00:00:00-04:00,20.84379110732157,21.154704139364632,20.754959504017744,21.075389862060547,2035800,0.0,0.0
2007-10-29 00:00:00-04:00,21.25305750851007,21.31968122490588,21.024631954878625,21.186433792114258,1215600,0.0,0.0
2007-10-30 00:00:00-04:00,21.18327025551242,21.27210433858559,20.945327264792137,20.986572265625,1397000,0.0,0.0
2007-10-31 00:00:00-04:00,21.01511252236773,21.218156900710998,20.83744929643735,21.12615203857422,1403400,0.0,0.0
2007-11-01 00:00:00-04:00,20.951662499529192,21.07856584376493,20.650266754409323,20.694684982299805,1373200,0.0,0.0
2007-11-02 00:00:00-04:00,20.732751291981472,21.043664319357553,20.643919690011057,20.93262481689453,1862400,0.0,0.0
2007-11-05 00:00:00-05:00,20.84063422371053,20.89774063839929,20.567792733584366,20.80890655517578,1401000,0.0,0.0
2007-11-06 00:00:00-05:00,21.027801912687636,21.28160858154297,20.84379219879151,21.28160858154297,1801800,0.0,0.0
2007-11-07 00:00:00-05:00,21.02781136540983,21.088091020968694,20.6693115234375,20.6693115234375,1742200,0.0,0.0
2007-11-08 00:00:00-05:00,20.710545361214535,20.9389708854232,20.456741105800344,20.840621948242188,2334800,0.0,0.0
2007-11-09 00:00:00-05:00,20.748620361005955,20.853315812859744,20.459915161132812,20.459915161132812,2016600,0.0,0.0
2007-11-12 00:00:00-05:00,20.38377123864492,20.647095245677995,19.69532382597473,19.698495864868164,2354200,0.0,0.0
2007-11-13 00:00:00-05:00,19.86029897290481,20.396464381361533,19.82540169972582,20.383773803710938,1763000,0.0,0.0
2007-11-14 00:00:00-05:00,20.437707913225935,20.5677845249571,20.17438507080078,20.17438507080078,1189800,0.0,0.0
2007-11-15 00:00:00-05:00,20.215632383649993,20.237840294359735,19.606497833530334,19.812715530395508,1392200,0.0,0.0
2007-11-16 00:00:00-05:00,19.82223043619191,19.860300962717904,19.352689908237274,19.47959327697754,2058400,0.0,0.0
2007-11-19 00:00:00-05:00,19.35585928605657,19.46055473240575,19.057637983840213,19.086191177368164,2053600,0.0,0.0
2007-11-20 00:00:00-05:00,19.079845535933536,19.558904528460996,19.048120303818088,19.406620025634766,2489400,0.0,0.0
2007-11-21 00:00:00-05:00,19.000533138020735,19.222613415670057,18.848249830265807,18.987842559814453,2668400,0.0,0.0
2007-11-23 00:00:00-05:00,19.076669043491034,19.260677525237075,19.057633182521545,19.16550064086914,784200,0.0,0.0
2007-11-26 00:00:00-05:00,19.12743491200443,19.25433705281377,18.72451816419867,18.73403549194336,2312200,0.0,0.0
2007-11-27 00:00:00-05:00,18.794318126531515,18.91170295832241,18.657897425974433,18.873632431030273,3344000,0.0,0.0
2007-11-28 00:00:00-05:00,18.883152384092103,20.180734634399414,18.883152384092103,20.180734634399414,3163800,0.0,0.0
2007-11-29 00:00:00-05:00,20.00307130738303,20.34888179177806,19.872995870697224,20.13949203491211,1463000,0.0,0.0
2007-11-30 00:00:00-05:00,20.298119004622993,20.59316955846851,19.98086175001449,20.3710880279541,3998000,0.0,0.0
2007-12-03 00:00:00-05:00,20.596334684286028,20.596334684286028,20.06017050817038,20.17121124267578,1708800,0.0,0.0
2007-12-04 00:00:00-05:00,20.01893316197633,20.177561796255826,19.907893602076857,19.926929473876953,1293400,0.0,0.0
2007-12-05 00:00:00-05:00,20.145822749307843,20.90089365972041,20.145822749307843,20.405973434448242,4273000,0.0,0.0
2007-12-06 00:00:00-05:00,20.317151009143085,20.761311565165435,20.317151009143085,20.748620986938477,3684800,0.0,0.0
2007-12-07 00:00:00-05:00,20.634411731581235,20.88821607807661,20.507508348093186,20.713726043701172,3263800,0.0,0.0
2007-12-10 00:00:00-05:00,20.72959218971983,21.13885442421647,20.570963529239645,20.986572265625,4493600,0.0,0.0
2007-12-11 00:00:00-05:00,20.91359258465546,21.11346615582451,20.53288493939661,20.542402267456055,4011800,0.0,0.0
2007-12-12 00:00:00-05:00,21.00559716496738,21.195950984953136,20.12044936052946,20.39963722229004,4147200,0.0,0.0
2007-12-13 00:00:00-05:00,20.399637435702623,20.600885719955407,20.211165949877874,20.476303100585938,1511000,0.22,0.0
2007-12-14 00:00:00-05:00,20.300614506831632,20.36450338862942,19.933255569007716,20.041866302490234,1217000,0.0,0.0
2007-12-17 00:00:00-05:00,19.936442584195994,20.096164124277227,19.668110348116382,19.700054168701172,1829200,0.0,0.0
2007-12-18 00:00:00-05:00,19.80227714860747,19.87894280572567,19.498805977616193,19.75436019897461,1485600,0.0,0.0
2007-12-19 00:00:00-05:00,19.894914642572854,19.894914642572854,19.63297141432593,19.700054168701172,1683600,0.0,0.0
2007-12-20 00:00:00-05:00,19.843804790117918,19.869360822725742,19.434918017022383,19.75755500793457,1129000,0.0,0.0
2007-12-21 00:00:00-05:00,19.94922403838118,20.284639086649374,19.78630735701338,20.153667449951172,2849000,0.0,0.0
2007-12-24 00:00:00-05:00,20.255889010737718,20.255889010737718,20.03547368770016,20.118528366088867,440200,0.0,0.0
2007-12-26 00:00:00-05:00,19.882140779256712,20.070612273106203,19.792695874979426,20.006723403930664,1960400,0.0,0.0
2007-12-27 00:00:00-05:00,19.952417351615747,20.025889124344616,19.648946138289496,19.71603012084961,1360400,0.0,0.0
2007-12-28 00:00:00-05:00,19.98435845424002,19.98435845424002,19.588248520058986,19.60102653503418,1026000,0.0,0.0
2007-12-31 00:00:00-05:00,19.59464082371679,19.674501602877914,19.44769728251923,19.514780044555664,1388000,0.0,0.0
2008-01-02 00:00:00-05:00,19.450897722823214,19.588258406689125,19.252843265059493,19.361454010009766,2382200,0.0,0.0
2008-01-03 00:00:00-05:00,19.562693175509125,19.565887069876585,18.939778976099387,19.064361572265625,2213800,0.0,0.0
2008-01-04 00:00:00-05:00,18.936581633437807,19.03241551327716,18.58519480262151,18.79922103881836,2004000,0.0,0.0
2008-01-07 00:00:00-05:00,19.035613349657712,19.035613349657712,18.447838028659444,18.792837142944336,2254000,0.0,0.0
2008-01-08 00:00:00-05:00,18.71298055447,19.022839585352642,18.51812003547165,18.53409194946289,2380400,0.0,0.0
2008-01-09 00:00:00-05:00,18.620338783857903,18.895060047669123,18.3743674480869,18.866310119628906,2795000,0.0,0.0
2008-01-10 00:00:00-05:00,19.402970544153245,20.252688971228732,19.163388267136714,20.12810516357422,4518000,0.0,0.0
2008-01-11 00:00:00-05:00,19.96518697357607,20.233519135244066,19.7479656418173,19.850187301635742,2794200,0.0,0.0
2008-01-14 00:00:00-05:00,19.856577990028317,20.600879589802833,19.856577990028317,20.55935287475586,1710000,0.0,0.0
2008-01-15 00:00:00-05:00,20.345329548166955,20.610466673794637,19.93324889659725,19.984359741210938,2556800,0.0,0.0
2008-01-16 00:00:00-05:00,19.834226845661235,20.108948171981105,19.543533604257906,19.613811492919922,2114800,0.0,0.0
2008-01-17 00:00:00-05:00,19.60741200838669,19.779910305145595,18.914220053158804,18.946165084838867,2992400,0.0,0.0
2008-01-18 00:00:00-05:00,19.109088512993765,19.339087963446286,18.728951615565954,19.118671417236328,4393000,0.0,0.0
2008-01-22 00:00:00-05:00,18.2082584169733,18.827977650722257,18.2082584169733,18.62034034729004,4519400,0.0,0.0
2008-01-23 00:00:00-05:00,18.070898260894094,19.40936457351583,17.987843580997048,19.31353187561035,3809800,0.0,0.0
2008-01-24 00:00:00-05:00,19.246452554998037,19.77672821150461,19.08673095703125,19.08673095703125,2509000,0.0,0.0
2008-01-25 00:00:00-05:00,19.923667239445773,21.38671610906148,19.923667239445773,20.543386459350586,5054800,0.0,0.0
2008-01-28 00:00:00-05:00,20.84366489306491,20.971442636545902,20.514638848682843,20.70949935913086,5269200,0.0,0.0
2008-01-29 00:00:00-05:00,20.904360014159646,20.92352582280914,20.473109822283934,20.744638442993164,3229600,0.0,0.0
2008-01-30 00:00:00-05:00,20.652000222872466,21.121582045317304,20.52741758881459,20.575334548950195,2750600,0.0,0.0
2008-01-31 00:00:00-05:00,20.316581211236397,21.533661111772755,20.284637387820936,21.105606079101562,2881800,0.0,0.0
2008-02-01 00:00:00-05:00,21.137546765930026,21.46338005302705,20.984215461425542,21.36115837097168,3216400,0.0,0.0
2008-02-04 00:00:00-05:00,21.274920334853842,21.5783928899594,21.04811591584407,21.29728126525879,2780000,0.0,0.0
2008-02-05 00:00:00-05:00,21.019350057333927,21.361153964684203,20.782960486152138,21.067264556884766,3167800,0.0,0.0
2008-02-06 00:00:00-05:00,21.143944565913845,21.278110114703882,20.639223763713602,20.699918746948242,2253200,0.0,0.0
2008-02-07 00:00:00-05:00,20.46672233261625,20.929913920944152,20.46672233261625,20.741443634033203,1926000,0.0,0.0
2008-02-08 00:00:00-05:00,20.671164842110972,21.124773506012307,20.536999311180892,21.035329818725586,2376200,0.0,0.0
2008-02-11 00:00:00-05:00,21.14393562975629,21.35796188196522,20.92990694039037,21.31324005126953,2352800,0.0,0.0
2008-02-12 00:00:00-05:00,21.35797216231402,21.613527692574728,21.048111873949313,21.226999282836914,2467000,0.0,0.0
2008-02-13 00:00:00-05:00,21.402687237714566,21.540047865233955,21.051300322735806,21.316438674926758,2474600,0.0,0.0
2008-02-14 00:00:00-05:00,21.306858458895256,21.48574829131867,20.993805517180732,21.060888290405273,1866800,0.0,0.0
2008-02-15 00:00:00-05:00,20.923525209617186,21.182273367433442,20.70949889544429,21.035329818725586,2237400,0.0,0.0
2008-02-19 00:00:00-05:00,21.405883893206138,21.46018863802771,21.137550408348407,21.25255012512207,1657800,0.0,0.0
2008-02-20 00:00:00-05:00,21.054495436070876,21.36754830250095,20.904356792368592,21.316438674926758,1177000,0.0,0.0
2008-02-21 00:00:00-05:00,21.348384771329382,21.396301727831116,20.81810801045012,21.044912338256836,1849000,0.0,0.0
2008-02-22 00:00:00-05:00,21.179073099433076,21.179073099433076,20.725462160966295,21.15032196044922,1750200,0.0,0.0
2008-02-25 00:00:00-05:00,21.278095394242442,21.514482498168945,20.885179487858196,21.514482498168945,1608000,0.0,0.0
2008-02-26 00:00:00-05:00,21.351567473696644,21.603927718704647,21.233375131649957,21.396291732788086,1312000,0.0,0.0
2008-02-27 00:00:00-05:00,21.31643872073628,21.648657393575952,21.274909558763277,21.552825927734375,1760000,0.0,0.0
2008-02-28 00:00:00-05:00,21.22698628371938,21.56559751952763,21.115181721632226,21.492124557495117,2786400,0.0,0.0
2008-02-29 00:00:00-05:00,21.217411077680463,21.41227157247518,20.93949712787893,21.022550582885742,2380200,0.0,0.0
2008-03-03 00:00:00-05:00,21.00658121840768,21.191856384277344,20.843664537321015,21.191856384277344,1480200,0.0,0.0
2008-03-04 00:00:00-05:00,20.99380401264449,21.23019125904124,20.505056387636454,20.741443634033203,2452800,0.0,0.0
2008-03-05 00:00:00-05:00,20.80214010265948,21.134361291836708,20.715889081972232,21.060888290405273,2216600,0.0,0.0
2008-03-06 00:00:00-05:00,21.000184929027455,21.04810187282811,20.751019745852457,20.763797760009766,1960800,0.0,0.0
2008-03-07 00:00:00-05:00,20.559360980667687,20.7350556850543,20.188806981688558,20.22075080871582,2964200,0.0,0.0
2008-03-10 00:00:00-04:00,20.077002409603367,20.313390887604776,19.840615150180923,19.86297607421875,4188800,0.0,0.0
2008-03-11 00:00:00-04:00,20.48908379714877,20.81172206658201,20.06102992007005,20.693527221679688,3768400,0.0,0.0
2008-03-12 00:00:00-04:00,20.866014557026034,21.19504042388057,20.658376140546476,20.85962677001953,2050600,0.0,0.0
2008-03-13 00:00:00-04:00,20.718125342054623,21.377427133192942,20.538024442645053,21.316320419311523,2683400,0.22,0.0
2008-03-14 00:00:00-04:00,21.39350270364792,21.39993627969384,20.489779110732112,21.08154296875,3317400,0.0,0.0
2008-03-17 00:00:00-04:00,20.544460702913522,21.123358839618827,20.335413574203965,20.467273712158203,3029600,0.0,0.0
2008-03-18 00:00:00-04:00,20.792095645821245,20.968979747238684,20.036311095105475,20.492998123168945,3244000,0.0,0.0
2008-03-19 00:00:00-04:00,20.68274378135174,20.840334489660094,19.695402145385742,19.695402145385742,2375800,0.0,0.0
2008-03-20 00:00:00-04:00,19.798327675804796,20.02023830937679,19.50244560419638,19.772598266601562,2423400,0.0,0.0
2008-03-24 00:00:00-04:00,19.811184829815893,20.640939609075524,19.811184829815893,20.383651733398438,2075600,0.0,0.0
2008-03-25 00:00:00-04:00,20.454404198948097,20.702045378220163,20.271086519216457,20.47048568725586,1466400,0.0,0.0
2008-03-26 00:00:00-04:00,20.3579257283402,20.595917819819626,20.213200890740925,20.287172317504883,1209800,0.0,0.0
2008-03-27 00:00:00-04:00,20.380433066791984,20.415810376471065,20.007365374727115,20.04595947265625,1452200,0.0,0.0
2008-03-28 00:00:00-04:00,20.222847896118306,20.255008422480323,19.852995708727907,19.962343215942383,1482400,0.0,0.0
2008-03-31 00:00:00-04:00,19.779021019195472,20.280733213541758,19.779021019195472,20.084550857543945,1952800,0.0,0.0
2008-04-01 00:00:00-04:00,20.238927653004296,20.682748794555664,19.991287680306293,20.682748794555664,2163600,0.0,0.0
2008-04-02 00:00:00-04:00,20.711699076923928,20.87250419017071,20.4833548837108,20.702051162719727,1267800,0.0,0.0
2008-04-03 00:00:00-04:00,20.615206277313852,21.084756714249426,20.525155844708436,20.97541046142578,1715200,0.0,0.0
2008-04-04 00:00:00-04:00,21.136217003207022,21.416016230946735,20.885361507844344,21.332399368286133,1233400,0.0,0.0
2008-04-07 00:00:00-04:00,21.56074283383081,22.51270849876427,21.56074283383081,21.99169921875,3402000,0.0,0.0
2008-04-08 00:00:00-04:00,21.9788318622288,22.827884737499126,21.824460396681623,22.763561248779297,3136200,0.0,0.0
2008-04-09 00:00:00-04:00,22.782864575745908,22.866483911790045,22.335826610022707,22.42266273498535,2055200,0.0,0.0
2008-04-10 00:00:00-04:00,22.377643925392988,22.6928206264877,22.294024565357127,22.506288528442383,2148000,0.0,0.0
2008-04-11 00:00:00-04:00,22.322957552278265,22.335819796646742,22.03350798018225,22.136423110961914,1641200,0.0,0.0
2008-04-14 00:00:00-04:00,22.11070106256825,22.27472295021135,21.985273281926784,22.11713218688965,1390200,0.0,0.0
2008-04-15 00:00:00-04:00,22.168589823664053,22.432310073331934,21.962759504591123,22.20075035095215,1544800,0.0,0.0
2008-04-16 00:00:00-04:00,22.39692322031209,22.998334884643555,22.39692322031209,22.998334884643555,1723200,0.0,0.0
2008-04-17 00:00:00-04:00,22.934015620268944,23.059443363927794,22.62527021636328,22.88899040222168,1551000,0.0,0.0
2008-04-18 00:00:00-04:00,23.1301974820067,23.252410888671875,22.843964693275588,23.252410888671875,1523400,0.0,0.0
2008-04-21 00:00:00-04:00,23.236332938380492,23.284574950790006,22.9951253300236,23.233116149902344,924600,0.0,0.0
2008-04-22 00:00:00-04:00,23.17845483477723,23.197750668105257,22.499856887566494,22.731416702270508,1537600,0.0,0.0
2008-04-23 00:00:00-04:00,22.686384085448175,22.792516041658,22.165374671619958,22.287588119506836,1539800,0.0,0.0
2008-04-24 00:00:00-04:00,22.133213164345797,22.66708725719652,22.01743329972012,22.416229248046875,1639000,0.0,0.0
2008-04-25 00:00:00-04:00,23.075533288952197,24.654640647194455,23.017643351194632,24.14006233215332,5756800,0.0,0.0
2008-04-28 00:00:00-04:00,24.226894438462953,24.551718940066166,23.792721204298303,24.046791076660156,3111400,0.0,0.0
2008-04-29 00:00:00-04:00,23.966397728754583,24.233334858313647,23.734840381079078,23.7927303314209,2199200,0.0,0.0
2008-04-30 00:00:00-04:00,23.969611512306212,23.969611512306212,23.51292554671808,23.63835334777832,1902600,0.0,0.0
2008-05-01 00:00:00-04:00,23.625478182359046,23.78628323597191,23.110902501535964,23.57723617553711,1679200,0.0,0.0
2008-05-02 00:00:00-04:00,23.927794731830694,23.927794731830694,23.54829467125714,23.770206451416016,1250800,0.0,0.0
2008-05-05 00:00:00-04:00,23.766996838186195,23.89242463344034,23.545084991032844,23.773427963256836,1648800,0.0,0.0
2008-05-06 00:00:00-04:00,23.58366483526691,23.799142973301773,23.438938844972093,23.718740463256836,1520400,0.0,0.0
2008-05-07 00:00:00-04:00,23.795935894617127,23.795935894617127,23.377844144015793,23.464677810668945,1538200,0.0,0.0
2008-05-08 00:00:00-04:00,23.709099870107107,23.709099870107107,23.342464507471686,23.574024200439453,1173400,0.0,0.0
2008-05-09 00:00:00-04:00,23.332822527202683,23.345684776801086,23.014426641588823,23.197744369506836,1191000,0.0,0.0
2008-05-12 00:00:00-04:00,23.13663676889413,23.403571349272273,23.101259453357706,23.368196487426758,1757000,0.0,0.0
2008-05-13 00:00:00-04:00,23.48396562909747,23.644770659970664,23.291000082787647,23.631908416748047,1237200,0.0,0.0
2008-05-14 00:00:00-04:00,23.68015353517885,24.68679483567705,23.631913977517794,24.381263732910156,2566200,0.0,0.0
2008-05-15 00:00:00-04:00,24.452027446552574,24.57102412496877,24.27192648781804,24.548511505126953,1201000,0.0,0.0
2008-05-16 00:00:00-04:00,24.419850874398197,24.82186343162608,24.326583666678538,24.792917251586914,1771000,0.0,0.0
2008-05-19 00:00:00-04:00,24.722165891538875,25.06628855335986,24.59995249988002,24.744678497314453,1213400,0.0,0.0
2008-05-20 00:00:00-04:00,24.680361674776098,24.953729805454934,24.34588683177599,24.931217193603516,1270800,0.0,0.0
2008-05-21 00:00:00-04:00,24.87654360726517,25.082373898658634,24.130408187541203,24.265483856201172,1212200,0.0,0.0
2008-05-22 00:00:00-04:00,24.268707093877783,24.644990465293166,24.172225499348624,24.29121971130371,1037600,0.0,0.0
2008-05-23 00:00:00-04:00,24.024272657634874,24.262265890060828,23.725175176831666,24.053218841552734,1090400,0.0,0.0
2008-05-27 00:00:00-04:00,23.9438769808673,24.095034158445117,23.66086090507096,23.85382652282715,1123800,0.0,0.0
2008-05-28 00:00:00-04:00,24.123978281394773,24.88940956277188,23.812016040163666,24.882978439331055,1676800,0.0,0.0
2008-05-29 00:00:00-04:00,24.950505521548603,24.950505521548603,24.365175393124304,24.728593826293945,1137600,0.0,0.0
2008-05-30 00:00:00-04:00,24.661068140674665,25.178860715014647,24.39413110844903,24.6385555267334,1705400,0.0,0.0
2008-06-02 00:00:00-04:00,24.593527317692654,24.69644246233348,24.220458384813043,24.352319717407227,1099600,0.0,0.0
2008-06-03 00:00:00-04:00,24.866896041041457,24.866896041041457,23.83452778133538,24.162569046020508,1450800,0.0,0.0
2008-06-04 00:00:00-04:00,24.072515811022335,24.702871320874085,24.05643677802496,24.455232620239258,1340400,0.0,0.0
2008-06-05 00:00:00-04:00,24.28156280479559,24.767194747924805,24.140053574129773,24.767194747924805,1702400,0.0,0.0
2008-06-06 00:00:00-04:00,24.355535522846377,24.809004517162943,24.101463233023274,24.117542266845703,1681200,0.0,0.0
2008-06-09 00:00:00-04:00,24.075741994619747,24.27192443105636,23.89564105114666,24.10790252685547,1309800,0.0,0.0
2008-06-10 00:00:00-04:00,23.95031947714131,24.033938842327082,23.516146062090193,23.927806854248047,1330400,0.0,0.0
2008-06-11 00:00:00-04:00,23.92458095173921,24.024279321765672,23.63834808953535,23.702669143676758,1767600,0.0,0.0
2008-06-12 00:00:00-04:00,23.838561461029244,24.05856999796342,23.702674488683243,23.896799087524414,934000,0.22,0.0
2008-06-13 00:00:00-04:00,24.217089834899173,24.52445585586373,23.955021911821046,24.469451904296875,1159400,0.0,0.0
2008-06-16 00:00:00-04:00,24.49858316332007,24.49858316332007,24.162099427078275,24.310928344726562,1366800,0.0,0.0
2008-06-17 00:00:00-04:00,24.323863458165185,24.527693826733337,24.18150432990527,24.38210105895996,1050400,0.0,0.0
2008-06-18 00:00:00-04:00,24.320631042203292,24.372398903402615,23.832084811378955,23.951793670654297,1726000,0.0,0.0
2008-06-19 00:00:00-04:00,23.96150320647213,24.129746312773804,23.731788841092577,23.832088470458984,1436200,0.0,0.0
2008-06-20 00:00:00-04:00,23.722078878041348,23.81914238168392,23.042641757825653,23.324121475219727,2947800,0.0,0.0
2008-06-23 00:00:00-04:00,23.350009407594168,23.495604688013604,23.14617897712039,23.43089485168457,1172400,0.0,0.0
2008-06-24 00:00:00-04:00,23.382363706756504,23.440601326770995,22.877639312249553,22.974702835083008,1714600,0.0,0.0
2008-06-25 00:00:00-04:00,23.00704675769909,23.421179671667794,22.948809162395563,23.184995651245117,1271200,0.0,0.0
2008-06-26 00:00:00-04:00,22.964995388854362,23.087940369973026,22.40203094482422,22.40203094482422,1239200,0.0,0.0
2008-06-27 00:00:00-04:00,22.42144165991691,22.554092478437763,22.16260730258872,22.23055076599121,1822600,0.0,0.0
2008-06-30 00:00:00-04:00,22.24995940357824,22.56056157681335,22.16907398664613,22.27907943725586,1346800,0.0,0.0
2008-07-01 00:00:00-04:00,22.06553609638745,22.233779110429964,21.73552475103715,22.162599563598633,1649400,0.0,0.0
2008-07-02 00:00:00-04:00,22.130250148337293,22.23701948909362,21.38933944702148,21.389339447021484,2671600,0.0,0.0
2008-07-03 00:00:00-04:00,21.373165664321107,21.6514117466065,20.894325291384025,21.31492805480957,2253400,0.0,0.0
2008-07-07 00:00:00-04:00,21.408748836608023,21.787291947252946,21.292273653574707,21.486400604248047,2298600,0.0,0.0
2008-07-08 00:00:00-04:00,21.3861083029611,21.764651542491237,20.994623097751195,21.70965003967285,2289600,0.0,0.0
2008-07-09 00:00:00-04:00,21.512287896631676,21.907009183099166,21.41522686338013,21.554349899291992,2227200,0.0,0.0
2008-07-10 00:00:00-04:00,22.123787683769482,22.324384491018535,21.479940184536197,21.729068756103516,2208800,0.0,0.0
2008-07-11 00:00:00-04:00,21.541406104899885,21.800237973347663,21.201686346304907,21.59964370727539,1276800,0.0,0.0
2008-07-14 00:00:00-04:00,21.852008499605862,21.94259978805916,21.486407237368628,21.648178100585938,1732400,0.0,0.0
2008-07-15 00:00:00-04:00,21.492879997072087,21.923191145941935,21.185516301266667,21.583471298217773,1629600,0.0,0.0
2008-07-16 00:00:00-04:00,21.622300154130212,21.90054631334423,21.1952250557784,21.881132125854492,1361600,0.0,0.0
2008-07-17 00:00:00-04:00,21.913482610166096,22.301731701473216,21.790535172124407,22.259672164916992,2814600,0.0,0.0
2008-07-18 00:00:00-04:00,21.98142964386916,22.469975961530377,21.98142964386916,22.15937614440918,1450800,0.0,0.0
2008-07-21 00:00:00-04:00,22.308192295988896,22.34701817655867,21.958769244566962,22.162599563598633,1169800,0.0,0.0
2008-07-22 00:00:00-04:00,22.049368195049496,22.11731165844623,21.301985160830682,21.861713409423828,2117800,0.0,0.0
2008-07-23 00:00:00-04:00,21.932894145988037,21.949069751411677,21.489641087798244,21.78406524658203,1408600,0.0,0.0
2008-07-24 00:00:00-04:00,21.70965027702933,21.994368588242196,21.40552271972593,21.476699829101562,2297600,0.0,0.0
2008-07-25 00:00:00-04:00,21.014032820336357,21.033447001229714,19.266908348214525,19.45779800415039,5438400,0.0,0.0
2008-07-28 00:00:00-04:00,19.464272372456783,19.972232840579142,19.325149315917397,19.580747604370117,4910400,0.0,0.0
2008-07-29 00:00:00-04:00,19.60986656912227,20.059589424883335,19.024255530304643,19.27985382080078,4744200,0.0,0.0
2008-07-30 00:00:00-04:00,18.38687563168167,19.467503738251754,18.373933667309732,19.393089294433594,5447400,0.0,0.0
2008-07-31 00:00:00-04:00,19.21837268930067,19.55162016239085,19.202194620957265,19.399555206298828,3929600,0.0,0.0
2008-08-01 00:00:00-04:00,19.315438483818372,19.551623761391006,19.15043153636301,19.26690673828125,3065600,0.0,0.0
2008-08-04 00:00:00-04:00,19.153669892615678,19.31867562522625,18.506586458636864,18.726594924926758,2469000,0.0,0.0
2008-08-05 00:00:00-04:00,18.8074791780053,19.218377280991035,18.752476447765694,19.150432586669922,3162400,0.0,0.0
2008-08-06 00:00:00-04:00,19.12778916165834,19.270148330837802,19.001608068404845,19.11161231994629,2724800,0.0,0.0
2008-08-07 00:00:00-04:00,19.043664884412422,19.522506457962724,18.804243480530445,19.02425193786621,2877600,0.0,0.0
2008-08-08 00:00:00-04:00,19.024257733782935,19.626045683705545,18.826897036849818,19.49986457824707,1910800,0.0,0.0
2008-08-11 00:00:00-04:00,19.43514628018322,19.65515469484614,19.25396251686863,19.415733337402344,2656800,0.0,0.0
2008-08-12 00:00:00-04:00,19.38661957878734,19.49015406631316,19.066313962044863,19.383384704589844,2924600,0.0,0.0
2008-08-13 00:00:00-04:00,19.29279656858052,19.87517152216371,19.29279656858052,19.78781509399414,1930600,0.0,0.0
2008-08-14 00:00:00-04:00,19.710161730646835,19.826636951697942,19.431916877730455,19.622806549072266,1478400,0.0,0.0
2008-08-15 00:00:00-04:00,19.626035825207527,19.816925442099965,19.567798231293672,19.690744400024414,1164200,0.0,0.0
2008-08-18 00:00:00-04:00,19.813700103233145,19.933410222010934,19.600162567531193,19.645458221435547,1595200,0.0,0.0
2008-08-19 00:00:00-04:00,19.35426787101237,19.648690821517974,19.35426787101237,19.428682327270508,1501600,0.0,0.0
2008-08-20 00:00:00-04:00,19.473970455290235,19.59044564070022,19.260433026776386,19.496618270874023,1130200,0.0,0.0
2008-08-21 00:00:00-04:00,19.376911056868472,19.73927739362068,19.31867345561374,19.65192222595215,801600,0.0,0.0
2008-08-22 00:00:00-04:00,19.75222316891989,19.85252155359536,19.448094374730438,19.658395767211914,1161200,0.0,0.0
2008-08-25 00:00:00-04:00,19.541924581911264,19.60016220276561,19.237794509846566,19.402801513671875,1659600,0.0,0.0
2008-08-26 00:00:00-04:00,19.38014952476499,19.693984153949536,19.302498968898618,19.57427406311035,1461800,0.0,0.0
2008-08-27 00:00:00-04:00,19.60662291387098,19.791041550155473,19.503089687683662,19.71662712097168,1295000,0.0,0.0
2008-08-28 00:00:00-04:00,19.891347721763797,19.891347721763797,19.577511812277724,19.778108596801758,1366800,0.0,0.0
2008-08-29 00:00:00-04:00,19.72633767686018,19.839576777215555,19.486916277834155,19.516035079956055,1827800,0.0,0.0
2008-09-02 00:00:00-04:00,19.778105509392383,19.878402651783883,19.367207380621895,19.461034774780273,2399200,0.0,0.0
2008-09-03 00:00:00-04:00,19.37044159541225,19.661629624539383,19.363970613185685,19.45779800415039,2363400,0.0,0.0
2008-09-04 00:00:00-04:00,19.35103894260419,19.412511451215916,18.610127792671367,18.623069763183594,2077800,0.0,0.0
2008-09-05 00:00:00-04:00,18.597175202436436,18.81394876498014,18.477465129093112,18.720121383666992,2319800,0.0,0.0
2008-09-08 00:00:00-04:00,18.79131167719984,19.17956091885277,18.19922948551492,18.623069763183594,2664000,0.0,0.0
2008-09-09 00:00:00-04:00,18.597184847176813,18.771897737289617,18.37394142150879,18.37394142150879,2798000,0.0,0.0
2008-09-10 00:00:00-04:00,18.480702749310222,18.694240235701955,18.257459406241406,18.49364471435547,1772600,0.0,0.0
2008-09-11 00:00:00-04:00,18.441473740058097,19.002281488036754,18.278447986059735,18.95011329650879,1974200,0.22,0.0
2008-09-12 00:00:00-04:00,18.839260224188934,19.32181642178202,18.839260224188934,19.26312828063965,1561200,0.0,0.0
2008-09-15 00:00:00-04:00,18.59797588349656,19.30550696634215,18.333873748779297,18.333873748779297,1644200,0.0,0.0
2008-09-16 00:00:00-04:00,17.955661677489996,18.708841328174632,17.83176172009081,18.65993309020996,2025000,0.0,0.0
2008-09-17 00:00:00-04:00,18.27193261533945,18.800135877950723,18.001309180652147,18.584941864013672,2719400,0.0,0.0
2008-09-18 00:00:00-04:00,18.7838316211731,19.967399198429874,18.209980146956696,19.60222053527832,3651600,0.0,0.0
2008-09-19 00:00:00-04:00,20.071739710276443,21.274869832341626,19.947839736938477,19.947839736938477,21600,0.0,0.0
2008-09-22 00:00:00-04:00,19.752210169634598,20.11412646763222,19.364207898017213,19.4163761138916,1389000,0.0,0.0
2008-09-23 00:00:00-04:00,19.39354817986633,19.62830571972396,18.79687442444563,18.80991554260254,1832800,0.0,0.0
2008-09-24 00:00:00-04:00,19.038153825199405,19.038153825199405,18.61102700054037,18.85882568359375,1367000,0.0,0.0
2008-09-25 00:00:00-04:00,18.989249830168667,19.119669752047415,18.744711077384046,18.98598861694336,1590600,0.0,0.0
2008-09-26 00:00:00-04:00,18.672974120623547,18.97946215780985,18.558855321443787,18.904470443725586,1161400,0.0,0.0
2008-09-29 00:00:00-04:00,18.415396040387776,18.71210297598636,17.251391812748075,17.368770599365234,2563600,0.0,0.0
2008-09-30 00:00:00-04:00,17.73394312087098,18.011087677070105,17.456799808459774,17.9523983001709,2164600,0.0,0.0
2008-10-01 00:00:00-04:00,17.75677085754998,18.00457078430651,17.54483805164813,17.82198143005371,1871200,0.0,0.0
2008-10-02 00:00:00-04:00,17.82198068790374,17.831761838046113,16.537337811365216,16.569942474365234,2838600,0.0,0.0
2008-10-03 00:00:00-04:00,16.814485151061078,17.023158028656844,16.42648409701823,16.534080505371094,2806200,0.0,0.0
2008-10-06 00:00:00-04:00,16.247148154496454,16.247148154496454,15.239648888357065,15.943920135498047,2988600,0.0,0.0
2008-10-07 00:00:00-04:00,16.077604492439203,16.23410910776472,14.998373272258611,15.089667320251465,3181800,0.0,0.0
2008-10-08 00:00:00-04:00,14.770136748398354,15.57222335966854,13.938705444335936,13.938705444335938,4970800,0.0,0.0
2008-10-09 00:00:00-04:00,14.786443107851165,15.252697107148599,13.775683403015137,13.775683403015137,6463600,0.0,0.0
2008-10-10 00:00:00-04:00,13.32899119889479,14.056086196335745,12.491038595703882,13.475714683532715,4049000,0.0,0.0
2008-10-13 00:00:00-04:00,13.713727921759569,14.704923636512811,13.655038546333587,14.603848457336426,3305200,0.0,0.0
2008-10-14 00:00:00-04:00,15.18096185444827,15.45810519704649,14.652757404822308,15.223347663879395,3709200,0.0,0.0
2008-10-15 00:00:00-04:00,15.10922947166914,15.10922947166914,13.439845818198703,13.456148147583008,2732000,0.0,0.0
2008-10-16 00:00:00-04:00,13.534401906052715,14.062606414550045,12.725794055205336,14.052824020385742,3558200,0.0,0.0
2008-10-17 00:00:00-04:00,13.41702217728059,14.150638186502269,13.276819907126296,13.485492706298828,2753000,0.0,0.0
2008-10-20 00:00:00-04:00,13.58004174916924,14.688615798950195,13.508310040824396,14.688615798950195,1945200,0.0,0.0
2008-10-21 00:00:00-04:00,14.134331538638767,14.522333606243603,13.78871775661624,13.863709449768066,2021800,0.0,0.0
2008-10-22 00:00:00-04:00,13.505055587695708,13.622434353251698,12.034563537351149,12.464951515197754,3450000,0.0,0.0
2008-10-23 00:00:00-04:00,12.588849476419776,12.800782219665814,11.32376922149341,12.008478164672852,4258800,0.0,0.0
2008-10-24 00:00:00-04:00,11.225956339209038,12.334532242329868,9.94783408198801,11.897623062133789,3505000,0.0,0.0
2008-10-27 00:00:00-04:00,11.555265625431227,12.008478291029647,10.939028440736994,11.141180038452148,2326800,0.0,0.0
2008-10-28 00:00:00-04:00,11.297686470528793,11.940007164921452,10.994458435819332,11.933485984802246,2624400,0.0,0.0
2008-10-29 00:00:00-04:00,12.008477490107138,13.090968383953436,11.822626988530478,12.641016960144043,2913600,0.0,0.0
2008-10-30 00:00:00-04:00,13.042069288185484,13.231179889882727,12.451915205131177,13.07141399383545,2720000,0.0,0.0
2008-10-31 00:00:00-04:00,13.09097209875122,13.345291946043227,12.74209698995234,13.16922378540039,2528600,0.0,0.0
2008-11-03 00:00:00-05:00,13.355074377635972,13.355074377635972,13.038805144411477,13.16596508026123,2006400,0.0,0.0
2008-11-04 00:00:00-05:00,13.439849317720688,14.02022085267982,13.439849317720688,13.876758575439453,1857200,0.0,0.0
2008-11-05 00:00:00-05:00,13.661559871589086,13.90283731198468,13.208347191247277,13.237691879272461,1872000,0.0,0.0
2008-11-06 00:00:00-05:00,13.205086594509147,13.478969921776407,12.693185806274414,12.693185806274414,2073000,0.0,0.0
2008-11-07 00:00:00-05:00,12.670365454849453,13.205089883212958,12.562767829153106,13.152921676635742,1931200,0.0,0.0
2008-11-10 00:00:00-05:00,13.374636304530936,13.606132633770358,12.90838243364697,13.064887046813965,2066600,0.0,0.0
2008-11-11 00:00:00-05:00,12.846435262677868,12.875779960370128,12.318230704217203,12.380181312561035,3479400,0.0,0.0
2008-11-12 00:00:00-05:00,12.096515204471933,12.275844599397251,10.870561599731445,10.870561599731445,4665600,0.0,0.0
2008-11-13 00:00:00-05:00,10.952072857701003,11.688948897095921,10.508642500349827,11.679167747497559,3105400,0.0,0.0
2008-11-14 00:00:00-05:00,11.594394348466114,11.878058867854818,11.317249765984148,11.441149711608887,3411000,0.0,0.0
2008-11-17 00:00:00-05:00,11.320511795475166,11.68242926554071,10.909686088562012,10.909686088562012,3257800,0.0,0.0
2008-11-18 00:00:00-05:00,10.847736766169538,11.098796644760588,10.322793496732626,10.710794448852539,3043000,0.0,0.0
2008-11-19 00:00:00-05:00,10.616237180000391,10.94228867669071,10.107596397399902,10.107596397399902,3041000,0.0,0.0
2008-11-20 00:00:00-05:00,9.889143362315233,9.964135068618013,8.734921213208962,8.747962951660156,4866600,0.0,0.0
2008-11-21 00:00:00-05:00,8.9240312129199,9.005544100564094,8.434953887054725,8.917510032653809,4348600,0.0,0.0
2008-11-24 00:00:00-05:00,9.181609976459052,10.104335675098065,9.162047061044852,9.941309928894043,3615400,0.0,0.0
2008-11-25 00:00:00-05:00,10.078253368184127,10.524943643753064,9.918488183193531,10.319531440734863,3397000,0.0,0.0
2008-11-26 00:00:00-05:00,9.967396074723881,10.772743824726241,9.79132855597325,10.769482612609863,2636800,0.0,0.0
2008-11-28 00:00:00-05:00,10.75970121529988,10.75970121529988,10.485817861886183,10.727096557617188,1112800,0.0,0.0
2008-12-01 00:00:00-05:00,10.50864202799267,10.528205570098121,9.836975963055998,9.872841835021973,2837000,0.0,0.0
2008-12-02 00:00:00-05:00,8.963157722323016,9.856538963215698,8.835997807076263,9.12618350982666,5402200,0.0,0.0
2008-12-03 00:00:00-05:00,8.780570552083288,9.641346661833639,8.780570552083288,9.3870267868042,2821400,0.0,0.0
2008-12-04 00:00:00-05:00,9.122923638393845,9.488101704813737,8.845779653418134,8.985981941223145,2595200,0.0,0.0
2008-12-05 00:00:00-05:00,8.966417807965332,9.45875573313907,8.601239790880296,9.396805763244629,2621800,0.0,0.0
2008-12-08 00:00:00-05:00,9.657648910842727,10.453215009172625,9.426151945580061,10.358659744262695,2942200,0.0,0.0
2008-12-09 00:00:00-05:00,10.117380857129245,10.43691063772354,9.709816377865332,9.775026321411133,2639600,0.0,0.0
2008-12-10 00:00:00-05:00,9.830454453897207,10.071732534756636,9.660907492679016,9.921749114990234,2924600,0.0,0.0
2008-12-11 00:00:00-05:00,9.977992408646452,9.98791769462515,9.399030644605542,9.494973182678223,2296800,0.22,0.0
2008-12-12 00:00:00-05:00,9.37256562977789,9.89197703881775,9.051655560955513,9.772876739501953,2109200,0.0,0.0
2008-12-15 00:00:00-05:00,9.852274399616547,10.090475562784587,9.528055360976204,9.729865074157715,2069200,0.0,0.0
2008-12-16 00:00:00-05:00,10.057391992754269,10.378302605664768,9.855582908933341,10.322060585021973,2056200,0.0,0.0
2008-12-17 00:00:00-05:00,10.305519622033632,10.513946217503042,10.179802483812322,10.371686935424805,2483000,0.0,0.0
2008-12-18 00:00:00-05:00,10.464322623462449,10.464322623462449,9.802651874103578,9.885360717773438,2196800,0.0,0.0
2008-12-19 00:00:00-05:00,9.931677559268591,10.107019894462368,9.72986778976201,9.772876739501953,2564400,0.0,0.0
2008-12-22 00:00:00-05:00,9.726556836585534,9.832424022292434,9.23030393032078,9.432113647460938,1291600,0.0,0.0
2008-12-23 00:00:00-05:00,9.47511799421455,9.650460841630812,9.243533780042554,9.283233642578125,1352400,0.0,0.0
2008-12-24 00:00:00-05:00,9.349404799949687,9.54459765960645,9.349404799949687,9.448655128479004,627000,0.0,0.0
2008-12-26 00:00:00-05:00,9.461888587846431,9.700089748525437,9.432113363884282,9.676931381225586,920000,0.0,0.0
2008-12-29 00:00:00-05:00,9.76625457954634,9.76625457954634,9.359327463153083,9.610761642456055,2189200,0.0,0.0
2008-12-30 00:00:00-05:00,9.600839847451384,10.130176414509997,9.504897314657681,10.09378433227539,2014000,0.0,0.0
2008-12-31 00:00:00-05:00,10.087166816145166,10.540411391656663,10.021000143973072,10.490785598754883,2220800,0.0,0.0
2009-01-02 00:00:00-05:00,10.53379775930785,10.940725094730794,10.388230026344958,10.930800437927246,2100400,0.0,0.0
2009-01-05 00:00:00-05:00,10.950644783069885,11.188846534573319,10.662818508027337,10.927486419677734,2306200,0.0,0.0
2009-01-06 00:00:00-05:00,11.043281071706657,11.298024367342721,10.762070350117392,11.142531394958496,2691200,0.0,0.0
2009-01-07 00:00:00-05:00,11.056512665419236,11.106138454215762,10.59334410547535,10.639660835266113,2825400,0.0,0.0
2009-01-08 00:00:00-05:00,10.639665046585305,11.003583435016054,10.484172655728864,10.92087459564209,2809800,0.0,0.0
2009-01-09 00:00:00-05:00,10.881169592054526,11.010195118911119,10.537101310097588,10.659510612487793,2107200,0.0,0.0
2009-01-12 00:00:00-05:00,10.580108747239194,10.646276034660058,10.156640127003332,10.282357215881348,2003600,0.0,0.0
2009-01-13 00:00:00-05:00,10.19303509042559,10.497403581935124,10.159951435279682,10.249277114868164,2630200,0.0,0.0
2009-01-14 00:00:00-05:00,10.070626441387695,10.07724266763821,9.667006982248992,9.749715805053711,2174200,0.0,0.0
2009-01-15 00:00:00-05:00,9.690164042043955,9.99784027120398,9.369253469978617,9.901898384094238,2501200,0.0,0.0
2009-01-16 00:00:00-05:00,10.007765798183067,10.189724923924597,9.75302251733042,9.99122428894043,2539600,0.0,0.0
2009-01-20 00:00:00-05:00,9.984610116264578,9.984610116264578,9.111205068342974,9.12774658203125,2803200,0.0,0.0
2009-01-21 00:00:00-05:00,9.316321530062648,9.700090408325195,9.167445400125358,9.700090408325195,2442400,0.0,0.0
2009-01-22 00:00:00-05:00,9.48504694481595,9.63392306446455,9.226995214431104,9.45527172088623,2091000,0.0,0.0
2009-01-23 00:00:00-05:00,9.150904891801869,9.475123353641559,9.018570890134475,9.365947723388672,2906000,0.0,0.0
2009-01-26 00:00:00-05:00,9.418878407077985,9.630613375190892,9.038418033478964,9.144285202026367,2482200,0.0,0.0
2009-01-27 00:00:00-05:00,9.167446152652095,9.223688180687557,8.833303044285376,8.98548698425293,2743800,0.0,0.0
2009-01-28 00:00:00-05:00,9.154211782220088,9.604147943289092,9.084736048634696,9.50820541381836,2274400,0.0,0.0
2009-01-29 00:00:00-05:00,9.372562168695747,9.425495755737412,9.01856856872282,9.045035362243652,1990000,0.0,0.0
2009-01-30 00:00:00-05:00,8.429681596971742,8.863076207129955,8.191480456051158,8.585174560546875,6680600,0.0,0.0
2009-02-02 00:00:00-05:00,8.456149562318611,8.661267713134949,8.260956697047945,8.373440742492676,3146000,0.0,0.0
2009-02-03 00:00:00-05:00,8.512392681186666,8.598409940604318,8.284116763404977,8.409833908081055,2466000,0.0,0.0
2009-02-04 00:00:00-05:00,8.562016272586003,8.562016272586003,8.217947929454123,8.274189949035645,2413400,0.0,0.0
2009-02-05 00:00:00-05:00,8.237798900944696,8.60833471716326,8.088923393522853,8.50908374786377,1973600,0.0,0.0
2009-02-06 00:00:00-05:00,8.53885792555444,8.786984371764422,8.499158047531026,8.717509269714355,1605200,0.0,0.0
2009-02-09 00:00:00-05:00,8.657955300466897,8.810139156027052,8.538854452798653,8.654646873474121,2261400,0.0,0.0
2009-02-10 00:00:00-05:00,8.591790945061058,8.69435032366792,8.125313307716521,8.208022117614746,2872200,0.0,0.0
2009-02-11 00:00:00-05:00,8.264267823996821,8.416452430297056,8.12531693607853,8.2510347366333,2044400,0.0,0.0
2009-02-12 00:00:00-05:00,8.125313960502188,8.237798001482165,7.900345878542235,8.231181144714355,2036000,0.0,0.0
2009-02-13 00:00:00-05:00,8.280806866339901,8.446224497965417,8.168322826353094,8.201406478881836,1931600,0.0,0.0
2009-02-17 00:00:00-05:00,8.019448749816396,8.019448749816396,7.754780724153155,7.811022758483887,3756600,0.0,0.0
2009-02-18 00:00:00-05:00,7.834177888923951,7.973128702633578,7.711768583339102,7.824252605438232,2471800,0.0,0.0
2009-02-19 00:00:00-05:00,7.946663396851745,8.029372214976302,7.698536942478076,7.768012046813965,2309000,0.0,0.0
2009-02-20 00:00:00-05:00,7.543044957672685,7.820946673788675,7.377627299556896,7.57282018661499,2886800,0.0,0.0
2009-02-23 00:00:00-05:00,7.748164301838111,7.748164301838111,7.073259851884443,7.096418857574463,2568000,0.0,0.0
2009-02-24 00:00:00-05:00,7.132807042532729,7.529809552039287,7.020323019206474,7.500034332275391,2790600,0.0,0.0
2009-02-25 00:00:00-05:00,7.470259030719547,7.513267330453115,7.083181809045099,7.155965328216553,3376000,0.0,0.0
2009-02-26 00:00:00-05:00,7.1989751435405145,7.430559440824507,7.017015376726487,7.046790599822998,2442800,0.0,0.0
2009-02-27 00:00:00-05:00,6.914458474211084,7.00378416738333,6.76558294994234,6.795358180999756,3443000,0.0,0.0
2009-03-02 00:00:00-05:00,6.712647138772138,6.835055820851809,6.285869387963791,6.318953037261963,4290200,0.0,0.0
2009-03-03 00:00:00-05:00,6.424819037926051,6.54722832868899,6.219700954517833,6.2560930252075195,3452800,0.0,0.0
2009-03-04 00:00:00-05:00,6.318954523196817,6.563772575944517,6.318954523196817,6.428130149841309,3784000,0.0,0.0
2009-03-05 00:00:00-05:00,6.252784841218878,6.332185209527475,5.9020997234347305,5.955033302307129,2813400,0.0,0.0
2009-03-06 00:00:00-05:00,6.044359815815757,6.1932352910071335,5.875633772451031,6.041051387786865,4377200,0.0,0.0
2009-03-09 00:00:00-04:00,6.136992574422236,6.44466940470865,6.02781698603203,6.229626655578613,5081400,0.0,0.0
2009-03-10 00:00:00-04:00,6.365270388712159,6.861523283548516,6.315645225432161,6.858214855194092,4195200,0.0,0.0
2009-03-11 00:00:00-04:00,6.8515974688328125,7.179124909401797,6.825130675061577,7.109649181365967,3572200,0.0,0.0
2009-03-12 00:00:00-04:00,7.099516242381378,7.714222099333979,7.082628329482236,7.71084451675415,4149200,0.22,0.0
2009-03-13 00:00:00-04:00,7.778397696170144,7.940517853450851,7.67369453091081,7.88985538482666,3197800,0.0,0.0
2009-03-16 00:00:00-04:00,7.903361571093611,8.08912473261686,7.666936607620322,7.677068710327148,3652000,0.0,0.0
2009-03-17 00:00:00-04:00,7.58249924030849,7.913494586944579,7.572366493049353,7.91349458694458,2709400,0.0,0.0
2009-03-18 00:00:00-04:00,7.940516648946955,8.268134497614446,7.764886183096941,8.2073392868042,1841000,0.0,0.0
2009-03-19 00:00:00-04:00,8.30866495558029,8.480917840268877,8.210716971573623,8.382969856262207,2207600,0.0,0.0
2009-03-20 00:00:00-04:00,8.457276075360678,8.538336149168863,8.09250477691154,8.160055160522461,2222400,0.0,0.0
2009-03-23 00:00:00-04:00,8.362705240867058,8.822046279907227,8.27151242090323,8.822046279907227,1634000,0.0,0.0
2009-03-24 00:00:00-04:00,8.670058246634179,8.889596015866672,8.622773367041752,8.822046279907227,2157600,0.0,0.0
2009-03-25 00:00:00-04:00,8.876083877245417,9.281384113795076,8.59912791034316,8.916613578796387,2409400,0.0,0.0
2009-03-26 00:00:00-04:00,9.011183737634155,9.321914233559747,8.994295825557344,9.294894218444824,1980400,0.0,0.0
2009-03-27 00:00:00-04:00,9.12264169934053,9.325292141888953,9.021316155962317,9.223966598510742,2229800,0.0,0.0
2009-03-30 00:00:00-04:00,8.994298199663167,9.051715827464145,8.720720393885873,8.896350860595703,2414200,0.0,0.0
2009-03-31 00:00:00-04:00,9.068604722861764,9.274632173155942,8.845689354210217,9.051716804504395,2555600,0.0,0.0
2009-04-01 00:00:00-04:00,8.892972392019738,9.629268730215628,8.828799603993176,9.575228691101074,2904600,0.0,0.0
2009-04-02 00:00:00-04:00,9.811653427275207,10.075099093760423,9.74410370237176,9.879203796386719,2401200,0.0,0.0
2009-04-03 00:00:00-04:00,9.86569185568116,10.156157493591309,9.585358964747396,10.156157493591309,1306600,0.0,0.0
2009-04-06 00:00:00-04:00,10.027813789880147,10.183178730251765,9.801520900576417,10.071721076965332,1924200,0.0,0.0
2009-04-07 00:00:00-04:00,9.869072705426376,9.91635822943002,9.642779768363775,9.744105339050293,1834400,0.0,0.0
2009-04-08 00:00:00-04:00,9.744105675770742,9.848808189310924,9.625892827988888,9.825165748596191,1862600,0.0,0.0
2009-04-09 00:00:00-04:00,10.183183544955236,10.47702693939209,10.075103423298387,10.47702693939209,1281000,0.0,0.0
2009-04-13 00:00:00-04:00,10.395966859943252,10.477026951277848,10.119010742622958,10.399344444274902,1939000,0.0,0.0
2009-04-14 00:00:00-04:00,10.301393379550992,10.625633648834981,10.139273244908999,10.345300674438477,1451000,0.0,0.0
2009-04-15 00:00:00-04:00,10.233840708413766,10.618876747179849,10.216953439750274,10.61212158203125,954000,0.0,0.0
2009-04-16 00:00:00-04:00,10.66278712665,11.030935359383944,10.439871765718573,10.973518371582031,1881400,0.0,0.0
2009-04-17 00:00:00-04:00,10.987026595293024,11.000536928500129,10.71344878993061,10.926231384277344,1741200,0.0,0.0
2009-04-20 00:00:00-04:00,10.726959952821932,10.726959952821932,10.17304913265093,10.210201263427734,1880400,0.0,0.0
2009-04-21 00:00:00-04:00,10.075098677898184,10.885699852737423,9.994038624835065,10.87218952178955,1834400,0.0,0.0
2009-04-22 00:00:00-04:00,10.750601944229688,11.534183904478446,10.635766684719446,11.095107078552246,2004600,0.0,0.0
2009-04-23 00:00:00-04:00,11.101862600653565,11.334911354761584,10.895834514785003,11.182923316955566,2149600,0.0,0.0
2009-04-24 00:00:00-04:00,11.817888865095188,13.658627795069894,11.767225782003012,13.516773223876953,9066800,0.0,0.0
2009-04-27 00:00:00-04:00,13.391813507479553,13.763338699334264,12.79737165441227,13.057439804077148,5242000,0.0,0.0
2009-04-28 00:00:00-04:00,12.787238874890104,13.574197161547822,12.706178157947315,13.2769775390625,2705600,0.0,0.0
2009-04-29 00:00:00-04:00,13.412074638974163,14.138238869742722,13.395187368392229,13.908568382263184,2759000,0.0,0.0
2009-04-30 00:00:00-04:00,14.107840971322386,14.158502782005217,13.341147049560494,13.401942253112793,4846800,0.0,0.0
2009-05-01 00:00:00-04:00,13.493135558863655,13.570818035524589,12.922336269721733,13.442472457885742,2424000,0.0,0.0
2009-05-04 00:00:00-04:00,13.574198378852605,14.276720360636137,13.574198378852605,14.27334213256836,2235800,0.0,0.0
2009-05-05 00:00:00-04:00,14.219298599667985,14.330756907132965,13.705918862812652,13.979496002197266,2762200,0.0,0.0
2009-05-06 00:00:00-04:00,14.124733237153453,14.327383128389785,13.922083345917121,14.192283630371094,2863600,0.0,0.0
2009-05-07 00:00:00-04:00,14.506389623539564,14.506389623539564,13.567442008485559,13.73969554901123,3172800,0.0,0.0
2009-05-08 00:00:00-04:00,13.837631502645976,14.496243618757516,13.7092860158381,14.462469100952148,2196600,0.0,0.0
2009-05-11 00:00:00-04:00,14.246322173083602,14.246322173083602,13.621484001169028,13.746451377868652,3193000,0.0,0.0
2009-05-12 00:00:00-04:00,13.743069814527816,13.813998411282572,13.179026998097637,13.634989738464355,2964800,0.0,0.0
2009-05-13 00:00:00-04:00,13.300620298755593,13.547178106429504,12.898696220583032,12.966246604919434,2909200,0.0,0.0
2009-05-14 00:00:00-04:00,12.996639200725804,13.337767930265981,12.635246265591977,13.19929027557373,2928600,0.0,0.0
2009-05-15 00:00:00-04:00,13.040549046461567,13.371544433512051,12.685911223794342,12.841276168823242,4416600,0.0,0.0
2009-05-18 00:00:00-04:00,12.983133569756129,13.648502713739395,12.983133569756129,13.584330558776855,4175600,0.0,0.0
2009-05-19 00:00:00-04:00,13.570817836081885,14.117973391887677,13.513399569923017,13.986250877380371,3063800,0.0,0.0
2009-05-20 00:00:00-04:00,14.08420239766566,14.64824536612672,13.982877460097285,14.148374557495117,3569600,0.0,0.0
2009-05-21 00:00:00-04:00,13.901816779949229,13.901816779949229,13.38168046683014,13.611351013183594,2085000,0.0,0.0
2009-05-22 00:00:00-04:00,13.66876290748724,13.986247908087531,13.547172523473884,13.75320053100586,2186000,0.0,0.0
2009-05-26 00:00:00-04:00,13.594461842826643,14.182148462065678,13.364791328495645,14.14499568939209,1987000,0.0,0.0
2009-05-27 00:00:00-04:00,14.013275113510385,14.195659486330433,13.560689188451104,13.611351013183594,2145800,0.0,0.0
2009-05-28 00:00:00-04:00,13.702537441528333,13.884923017548363,13.331012413412761,13.75320053100586,2335600,0.0,0.0
2009-05-29 00:00:00-04:00,13.753202249644342,13.996381759643555,13.543795989490738,13.996381759643555,3203800,0.0,0.0
2009-06-01 00:00:00-04:00,14.134866007066698,14.72930794911724,14.134866007066698,14.604340553283691,1998000,0.0,0.0
2009-06-02 00:00:00-04:00,14.54016088918149,14.749565868983778,14.489499079837891,14.70228099822998,2401400,0.0,0.0
2009-06-03 00:00:00-04:00,14.519899666726165,14.519899666726165,13.98963000995436,14.361156463623047,3015400,0.0,0.0
2009-06-04 00:00:00-04:00,14.408438670259331,15.398047902607404,14.408438670259331,15.208907127380371,3772600,0.0,0.0
2009-06-05 00:00:00-04:00,15.48586037355556,15.48586037355556,14.475987069814911,14.536782264709473,3104400,0.0,0.0
2009-06-08 00:00:00-04:00,14.479370421873522,14.479370421873522,13.884929827651783,14.00652027130127,2812200,0.0,0.0
2009-06-09 00:00:00-04:00,14.178776265312138,14.178776265312138,13.847780686441366,14.138246536254883,2769400,0.0,0.0
2009-06-10 00:00:00-04:00,14.24631708007567,14.276714678504918,13.601213636446957,13.928832054138184,1789800,0.0,0.0
2009-06-11 00:00:00-04:00,14.06880541569288,14.423854453250602,13.887867539882736,14.195121765136719,2046600,0.22,0.0
2009-06-12 00:00:00-04:00,14.102945754251065,14.102945754251065,13.700101897057362,13.877626419067383,1485600,0.0,0.0
2009-06-15 00:00:00-04:00,13.734236487601574,13.734236487601574,13.198249727981057,13.495261192321777,1960200,0.0,0.0
2009-06-16 00:00:00-04:00,13.491850042978681,13.577198283658726,12.93537914909777,12.996829986572266,1637200,0.0,0.0
2009-06-17 00:00:00-04:00,12.942210621804591,13.174358002651314,12.696407206246615,12.959280014038086,1594400,0.0,0.0
2009-06-18 00:00:00-04:00,13.075353517193953,13.396263816756544,12.836378122414251,13.01390266418457,1839200,0.0,0.0
2009-06-19 00:00:00-04:00,13.33481090834316,13.474781984776058,13.02072867445048,13.085594177246094,2138800,0.0,0.0
2009-06-22 00:00:00-04:00,12.877343596965357,12.990002602941717,12.296975271646767,12.30721664428711,2086400,0.0,0.0
2009-06-23 00:00:00-04:00,12.296970425387851,12.587153822529896,12.191138174673162,12.392560005187988,1857600,0.0,0.0
2009-06-24 00:00:00-04:00,12.498394901626575,12.850029189450261,12.382321257736628,12.467669486999512,1428400,0.0,0.0
2009-06-25 00:00:00-04:00,12.41987392771841,12.89099518678485,12.320869675271334,12.836372375488281,1667400,0.0,0.0
2009-06-26 00:00:00-04:00,12.805646985612787,12.914893910711605,12.658849238118375,12.77150821685791,1461800,0.0,0.0
2009-06-29 00:00:00-04:00,12.764686810429119,13.304088491695294,12.69982259529294,13.242637634277344,2341800,0.0,0.0
2009-06-30 00:00:00-04:00,13.232392948117678,13.263118372163218,12.812479687702652,12.938796043395996,1653600,0.0,0.0
2009-07-01 00:00:00-04:00,13.007069623239186,13.232388896478726,12.870513237757706,12.890995979309082,1426400,0.0,0.0
2009-07-02 00:00:00-04:00,12.655438192955422,12.655438192955422,12.402808106498695,12.532536506652832,1396600,0.0,0.0
2009-07-06 00:00:00-04:00,12.337946288832534,12.348187664979358,11.801959231960225,12.27991008758545,2337400,0.0,0.0
2009-07-07 00:00:00-04:00,12.197971287121403,12.276491517969248,12.00679074528911,12.02044677734375,1729800,0.0,0.0
2009-07-08 00:00:00-04:00,12.078483814576572,12.225282897943737,11.836093812682115,12.054586410522461,1930000,0.0,0.0
2009-07-09 00:00:00-04:00,12.10579768270465,12.372085157004461,12.047761487193766,12.221871376037598,1444400,0.0,0.0
2009-07-10 00:00:00-04:00,12.119454482793127,12.317463096635493,11.877065705691969,12.18090534210205,871400,0.0,0.0
2009-07-13 00:00:00-04:00,12.204796535989253,12.55643081665039,11.907785068851307,12.55643081665039,1739000,0.0,0.0
2009-07-14 00:00:00-04:00,12.529125532227075,12.672509991971697,12.413051840014736,12.580333709716797,1155600,0.0,0.0
2009-07-15 00:00:00-04:00,12.815888958674089,13.300666220552001,12.699815328007332,13.287010192871094,2016000,0.0,0.0
2009-07-16 00:00:00-04:00,13.287011878757363,13.829826675997468,13.13338610594144,13.771790504455566,2332000,0.0,0.0
2009-07-17 00:00:00-04:00,13.706929206848145,13.836657606684932,13.560130115491484,13.706929206848145,1431600,0.0,0.0
2009-07-20 00:00:00-04:00,13.8195871805443,14.188292210884901,13.792276420321379,14.181464195251465,1407600,0.0,0.0
2009-07-21 00:00:00-04:00,14.355566831623916,14.625267453399472,13.802510865969236,14.229251861572266,1593200,0.0,0.0
2009-07-22 00:00:00-04:00,14.096110609668566,14.529679670700828,14.0312451368959,14.39995002746582,1222400,0.0,0.0
2009-07-23 00:00:00-04:00,14.403366935525906,15.424132347106934,14.39312556458741,15.424132347106934,3496000,0.0,0.0
2009-07-24 00:00:00-04:00,16.04888679388243,17.028685790321205,16.04888679388243,16.407350540161133,5410000,0.0,0.0
2009-07-27 00:00:00-04:00,16.29468583821515,16.60194002339765,16.250304388730832,16.39369010925293,2862800,0.0,0.0
2009-07-28 00:00:00-04:00,16.147884846474028,16.543900581359317,16.004500445263616,16.509761810302734,2253400,0.0,0.0
2009-07-29 00:00:00-04:00,16.281030909256682,16.523420917223117,16.014744798948374,16.243478775024414,1989600,0.0,0.0
2009-07-30 00:00:00-04:00,16.533662849025895,16.98430149815901,16.48928139503691,16.7111873626709,1888000,0.0,0.0
2009-07-31 00:00:00-04:00,16.53365820990573,17.073058313357535,16.53365820990573,16.953571319580078,1502400,0.0,0.0
2009-08-03 00:00:00-04:00,16.95357868248195,17.53394712354781,16.95357868248195,17.448598861694336,1670600,0.0,0.0
2009-08-04 00:00:00-04:00,17.34276636451584,17.629536573399257,17.120861667433296,17.50322151184082,3436200,0.0,0.0
2009-08-05 00:00:00-04:00,17.527125488653276,17.60223240317334,17.32570346524077,17.53736686706543,2056200,0.0,0.0
2009-08-06 00:00:00-04:00,17.581744373769276,17.704646096208148,17.339355589132218,17.445186614990234,2153800,0.0,0.0
2009-08-07 00:00:00-04:00,17.60563968812137,18.165524088232917,17.445184536024346,18.00165557861328,2409200,0.0,0.0
2009-08-10 00:00:00-04:00,17.92313003540039,18.052859722208396,17.796815007416964,17.92313003540039,3412400,0.0,0.0
2009-08-11 00:00:00-04:00,17.697807936475666,17.950439254755498,17.54076751548822,17.85826301574707,2538800,0.0,0.0
2009-08-12 00:00:00-04:00,17.817296423588907,18.384008631343548,17.76267360726234,18.199657440185547,1299600,0.0,0.0
2009-08-13 00:00:00-04:00,18.295252245160416,18.75271895033573,18.264526820845994,18.701509475708008,2908200,0.0,0.0
2009-08-14 00:00:00-04:00,18.75271164878272,18.75271164878272,18.261106353474318,18.47618293762207,3580600,0.0,0.0
2009-08-17 00:00:00-04:00,18.121150180478633,18.186014414274947,17.462261254856962,17.53736686706543,2044000,0.0,0.0
2009-08-18 00:00:00-04:00,17.564669509033596,17.8138862342229,17.564669509033596,17.745607376098633,1734400,0.0,0.0
2009-08-19 00:00:00-04:00,17.342757292825087,18.131375280320096,17.33592927924339,17.817293167114258,2718600,0.0,0.0
2009-08-20 00:00:00-04:00,17.8207093657544,18.438629671750345,17.786569294894335,18.421560287475586,1940200,0.0,0.0
2009-08-21 00:00:00-04:00,18.629820120408,18.8448981237118,18.55471322667719,18.783447265625,1776200,0.0,0.0
2009-08-24 00:00:00-04:00,18.99852013191023,18.99852013191023,18.26111133656817,18.387426376342773,1906400,0.0,0.0
2009-08-25 00:00:00-04:00,18.667367401719105,18.684436789480728,18.336215809438162,18.53763771057129,1661800,0.0,0.0
2009-08-26 00:00:00-04:00,18.486428379853592,18.650296836176235,18.247453059349887,18.349870681762695,1419200,0.0,0.0
2009-08-27 00:00:00-04:00,18.445463624393128,18.479603706244507,18.03920641769393,18.20648956298828,1525600,0.0,0.0
2009-08-28 00:00:00-04:00,18.27135327314029,18.32938945725875,18.148451586405994,18.2679386138916,1037000,0.0,0.0
2009-08-31 00:00:00-04:00,17.987988495679083,18.04261129866964,17.731943862477657,17.807050704956055,1492000,0.0,0.0
2009-09-01 00:00:00-04:00,17.595391626557007,17.92312852124813,17.151581085540613,17.17206382751465,1833400,0.0,0.0
2009-09-02 00:00:00-04:00,16.991130066715655,17.31203902355805,16.9296792214442,17.03209686279297,3082000,0.0,0.0
2009-09-03 00:00:00-04:00,17.16182245652763,17.33934693339632,16.953572564387233,17.17206382751465,2154200,0.0,0.0
2009-09-04 00:00:00-04:00,17.17547980802549,17.301794835060083,16.953573869282145,17.158409118652344,2174400,0.0,0.0
2009-09-08 00:00:00-04:00,17.335928527228038,17.595387822835654,17.12426532461894,17.58173179626465,1828800,0.0,0.0
2009-09-09 00:00:00-04:00,17.46566318578519,17.844609566829735,17.236930535496025,17.800228118896484,2364200,0.0,0.0
2009-09-10 00:00:00-04:00,17.851874776080543,18.055010921728154,17.449046204915206,18.027467727661133,1741600,0.22,0.0
2009-09-11 00:00:00-04:00,18.082555019926023,18.450954261820982,18.027467319644376,18.21683120727539,2934200,0.0,0.0
2009-09-14 00:00:00-04:00,18.02058814580842,18.234052902586495,17.872539647918583,18.223724365234375,2307000,0.0,0.0
2009-09-15 00:00:00-04:00,18.268475879393435,18.95707276618467,18.22027299406681,18.829681396484375,3994200,0.0,0.0
2009-09-16 00:00:00-04:00,19.029373775644913,19.239396021376972,18.864110692133025,18.970842361450195,2286000,0.0,0.0
2009-09-17 00:00:00-04:00,18.89164794802116,19.105113846385297,18.822788023174468,18.988052368164062,2888400,0.0,0.0
2009-09-18 00:00:00-04:00,19.108559982179884,19.153319139077674,18.554239383364585,18.767704010009766,1988400,0.0,0.0
2009-09-21 00:00:00-04:00,18.49571398662161,18.92952947525045,18.35455166830486,18.77115249633789,1711400,0.0,0.0
2009-09-22 00:00:00-04:00,18.977725505813627,19.23594927949238,18.8882085088317,18.953624725341797,2304800,0.0,0.0
2009-09-23 00:00:00-04:00,18.960513829166402,19.201522985144077,18.791808339357992,18.970842361450195,3007000,0.0,0.0
2009-09-24 00:00:00-04:00,18.991502533375883,18.991502533375883,18.254704057263524,18.49226951599121,1941000,0.0,0.0
2009-09-25 00:00:00-04:00,18.399308478844695,18.61966058750512,18.178957683578606,18.244375228881836,1341800,0.0,0.0
2009-09-28 00:00:00-04:00,18.28568648480291,18.96395468820103,18.28568648480291,18.877880096435547,1673200,0.0,0.0
2009-09-29 00:00:00-04:00,18.946738600436415,19.146432282510453,18.795247792700064,18.953624725341797,1618600,0.0,0.0
2009-09-30 00:00:00-04:00,18.96051097529148,18.98805547509467,18.296015021570952,18.433734893798828,2422200,0.0,0.0
2009-10-01 00:00:00-04:00,18.430294679024183,18.430294679024183,17.572992317247145,17.61775016784668,2631600,0.0,0.0
2009-10-02 00:00:00-04:00,17.36985793328991,17.600537275889515,17.163278064928846,17.2872257232666,2457400,0.0,0.0
2009-10-05 00:00:00-04:00,17.366409858571338,18.206498748481373,17.356081327431163,18.09976577758789,1821000,0.0,0.0
2009-10-06 00:00:00-04:00,18.33044697491914,18.561126267217364,17.91384492226174,18.1445255279541,1502200,0.0,0.0
2009-10-07 00:00:00-04:00,18.161744862511046,18.268477864382884,17.903521001906622,18.07567024230957,788400,0.0,0.0
2009-10-08 00:00:00-04:00,18.26159000599325,18.564571694736294,18.13419863452752,18.258146286010742,1703200,0.0,0.0
2009-10-09 00:00:00-04:00,18.29946488629461,18.51637198481597,18.227161206726343,18.457841873168945,1330800,0.0,0.0
2009-10-12 00:00:00-04:00,18.660968454443978,18.95706520785116,18.468160930194372,18.850332260131836,1225600,0.0,0.0
2009-10-13 00:00:00-04:00,18.750495986086086,18.791812751710992,18.22716210872154,18.557689666748047,1828200,0.0,0.0
2009-10-14 00:00:00-04:00,18.77460041258808,19.339249851553916,18.771158004816492,19.332365036010742,2256200,0.0,0.0
2009-10-15 00:00:00-04:00,19.156761634427383,19.463186982186336,19.115446196617906,19.380556106567383,2326200,0.0,0.0
2009-10-16 00:00:00-04:00,19.266939418876653,19.346127898489517,19.091347801194953,19.160207748413086,1230800,0.0,0.0
2009-10-19 00:00:00-04:00,19.18775784850359,19.4941833448998,19.153328519194137,19.41155242919922,1178800,0.0,0.0
2009-10-20 00:00:00-04:00,19.50795672704727,19.50795672704727,18.908876643391565,19.332365036010742,1749400,0.0,0.0
2009-10-21 00:00:00-04:00,19.34613306895541,19.514839919058875,18.881330599449402,18.901988983154297,1792600,0.0,0.0
2009-10-22 00:00:00-04:00,18.905430617902542,19.52172524927248,18.636878207685395,19.346132278442383,2320600,0.0,0.0
2009-10-23 00:00:00-04:00,19.81438245717116,19.93144402360355,18.819359799193276,18.984622955322266,3515000,0.0,0.0
2009-10-26 00:00:00-04:00,19.012159482755962,19.58713722310405,18.592114983219286,18.929527282714844,2684600,0.0,0.0
2009-10-27 00:00:00-04:00,18.884768548659686,19.390887666098195,18.70229079922427,19.153322219848633,2144000,0.0,0.0
2009-10-28 00:00:00-04:00,19.08446472597239,19.177425472568416,18.182403082054787,18.203060150146484,2539800,0.0,0.0
2009-10-29 00:00:00-04:00,18.285693567186964,19.194641398139595,18.261592777229474,19.081022262573242,1908000,0.0,0.0
2009-10-30 00:00:00-04:00,18.957069200795733,18.957069200795733,17.941388721125946,18.0791072845459,2833400,0.0,0.0
2009-11-02 00:00:00-05:00,18.302901381399934,18.729831940069847,17.996476040824344,18.56456756591797,2776200,0.0,0.0
2009-11-03 00:00:00-05:00,18.3786519310467,19.09134962919777,18.199616576494563,18.99150276184082,2280400,0.0,0.0
2009-11-04 00:00:00-05:00,19.260052491926153,19.370227877536053,18.80213629174643,18.881324768066406,2727400,0.0,0.0
2009-11-05 00:00:00-05:00,19.063807333847876,19.45975112915039,18.89854421356526,19.45975112915039,1637000,0.0,0.0
2009-11-06 00:00:00-05:00,19.29448635652265,19.625012568782218,19.098236335906382,19.449420928955078,1715600,0.0,0.0
2009-11-09 00:00:00-05:00,19.494181805394835,20.468547245962036,19.17398407720378,20.42378807067871,2406200,0.0,0.0
2009-11-10 00:00:00-05:00,20.28605878073896,20.35836243466086,19.790269614183988,20.00029182434082,3890400,0.0,0.0
2009-11-11 00:00:00-05:00,20.18621372872446,20.416893005371094,20.055379980841597,20.416893005371094,2333800,0.0,0.0
2009-11-12 00:00:00-05:00,20.502969297311907,20.599373741667577,20.062267769037362,20.182771682739258,2467400,0.0,0.0
2009-11-13 00:00:00-05:00,20.100143640928255,20.348037628887045,19.90389363182181,20.230976104736328,1976400,0.0,0.0
2009-11-16 00:00:00-05:00,20.530518743192747,20.6441365586998,20.299838078481077,20.613149642944336,2689800,0.0,0.0
2009-11-17 00:00:00-05:00,20.750863683169918,20.812837497128143,20.3136045795287,20.547727584838867,3770600,0.0,0.0
2009-11-18 00:00:00-05:00,20.602824613602316,20.62348299875168,20.289512995841136,20.513307571411133,2904600,0.0,0.0
2009-11-19 00:00:00-05:00,20.29295208534725,20.3032819329303,19.890123491259157,20.22064971923828,2154800,0.0,0.0
2009-11-20 00:00:00-05:00,20.04505594211582,20.296393650034705,19.890121378770115,20.230976104736328,1740600,0.0,0.0
2009-11-23 00:00:00-05:00,20.516742480435646,20.664790903077193,20.29639170628847,20.430667877197266,1640200,0.0,0.0
2009-11-24 00:00:00-05:00,20.84382655166503,20.957444346698516,20.430668187173488,20.730207443237305,3341200,0.0,0.0
2009-11-25 00:00:00-05:00,20.857597098556973,21.1846795183719,20.73709187400936,21.060731887817383,1171400,0.0,0.0
2009-11-27 00:00:00-05:00,20.633807827855097,20.785298684885,20.138018493889042,20.482316970825195,700800,0.0,0.0
2009-11-30 00:00:00-05:00,20.59937321550908,20.726763251510683,20.24818870161261,20.69921875,1825000,0.0,0.0
2009-12-01 00:00:00-05:00,20.95744479699665,21.036633277271577,20.67856391285327,20.90235710144043,1665600,0.0,0.0
2009-12-02 00:00:00-05:00,20.88170438782,21.112383750595068,20.830059087864175,21.04352378845215,1672200,0.0,0.0
2009-12-03 00:00:00-05:00,21.12615152088106,21.12615152088106,20.62347613672023,20.688892364501953,1887000,0.0,0.0
2009-12-04 00:00:00-05:00,20.967775070041693,21.329288161581523,20.313607522764446,20.564945220947266,2437600,0.0,0.0
2009-12-07 00:00:00-05:00,20.561507979377843,20.592494898630278,20.310170218061273,20.475433349609375,2334000,0.0,0.0
2009-12-08 00:00:00-05:00,20.241306432448805,20.40656953281516,20.100144118798735,20.21031951904297,2777800,0.0,0.0
2009-12-09 00:00:00-05:00,20.19311071381992,20.437562371901137,20.100149946649296,20.392803192138672,2658600,0.0,0.0
2009-12-10 00:00:00-05:00,20.777827447650917,20.843733267024632,20.548889841713123,20.59745216369629,2528000,0.22,0.0
2009-12-11 00:00:00-05:00,20.621739070139924,20.774363742213417,20.316488402768538,20.555831909179688,1333400,0.0,0.0
2009-12-14 00:00:00-05:00,20.788233990987187,20.798639825131886,20.45870223642292,20.663358688354492,1433000,0.0,0.0
2009-12-15 00:00:00-05:00,20.521141814377756,20.819454771291124,20.4621736510561,20.739673614501953,1947600,0.0,0.0
2009-12-16 00:00:00-05:00,20.90617767384241,21.419553037243666,20.85414584162815,21.201021194458008,1932800,0.0,0.0
2009-12-17 00:00:00-05:00,21.09002094909045,21.11083394638586,20.64602092591732,20.680707931518555,1480000,0.0,0.0
2009-12-18 00:00:00-05:00,20.770890249965582,20.96513954225548,20.19854556067072,20.368515014648438,3813000,0.0,0.0
2009-12-21 00:00:00-05:00,20.53848221234771,20.89923277196029,20.420544580290677,20.788232803344727,1263400,0.0,0.0
2009-12-22 00:00:00-05:00,20.795171845706566,20.98595297171369,20.76742119010054,20.92351531982422,918400,0.0,0.0
2009-12-23 00:00:00-05:00,20.968615930655357,21.308553627165193,20.847208759828952,21.18021011352539,978400,0.0,0.0
2009-12-24 00:00:00-05:00,21.204486815238116,21.2912056376033,20.975549177122993,21.128173828125,478200,0.0,0.0
2009-12-28 00:00:00-05:00,21.121230598598217,21.33629285089722,21.10388710333963,21.294668197631836,786200,0.0,0.0
2009-12-29 00:00:00-05:00,21.377929640131157,21.488929653797467,21.176741288345628,21.266929626464844,829400,0.0,0.0
2009-12-30 00:00:00-05:00,21.148992593552286,21.457711473707885,21.124711422521482,21.239179611206055,983800,0.0,0.0
2009-12-31 00:00:00-05:00,21.28080154181723,21.298146367365877,20.87148853548811,20.895771026611328,793200,0.0,0.0
2010-01-04 00:00:00-05:00,21.332829216713847,21.481985689452866,21.11082925446716,21.41954803466797,1446400,0.0,0.0
2010-01-05 00:00:00-05:00,21.45769789732842,21.540947195840534,20.940853319772717,21.145509719848633,2269800,0.0,0.0
2010-01-06 00:00:00-05:00,21.12817119881907,21.499327606495385,20.802108943663672,21.0032958984375,3099000,0.0,0.0
2010-01-07 00:00:00-05:00,20.923515400949107,21.22876599767848,20.857609578465397,21.055328369140625,1076200,0.0,0.0
2010-01-08 00:00:00-05:00,20.968609596901064,21.14204722578656,20.8714836249328,21.110828399658203,853400,0.0,0.0
2010-01-11 00:00:00-05:00,21.27385701658663,21.325887503546074,21.006762949211662,21.121231079101562,855600,0.0,0.0
2010-01-12 00:00:00-05:00,20.829865156951012,20.9443346611933,20.614802803700506,20.899240493774414,2073600,0.0,0.0
2010-01-13 00:00:00-05:00,20.92699194887546,21.46464851393846,20.809054268784745,21.360586166381836,1486000,0.0,0.0
2010-01-14 00:00:00-05:00,21.284265985881632,21.450765950491082,20.985953053080664,21.055328369140625,1237200,0.0,0.0
2010-01-15 00:00:00-05:00,21.031043343617963,21.124699804610685,20.760479793008823,20.95819854736328,1300200,0.0,0.0
2010-01-19 00:00:00-05:00,20.968612307040882,21.44383110110521,20.843736986387654,21.44036293029785,948800,0.0,0.0
2010-01-20 00:00:00-05:00,21.166323952643197,21.166323952643197,20.763948790874128,21.13510513305664,1132600,0.0,0.0
2010-01-21 00:00:00-05:00,21.20448896666825,21.29467596885986,20.37545715245849,20.378925323486328,1619800,0.0,0.0
2010-01-22 00:00:00-05:00,20.319951065345816,20.521138005291125,19.8932933794143,19.914106369018555,1504000,0.0,0.0
2010-01-25 00:00:00-05:00,20.240170707354984,20.365046011533426,20.139577888521544,20.15692138671875,837200,0.0,0.0
2010-01-26 00:00:00-05:00,20.052862153786908,20.396267969789637,19.94533033129224,20.014705657958984,1085800,0.0,0.0
2010-01-27 00:00:00-05:00,20.007764897648457,20.191608360132992,19.660889641202715,20.139577865600586,1321400,0.0,0.0
2010-01-28 00:00:00-05:00,20.118768504846866,20.247112002392214,19.532549692014676,19.764955520629883,1694800,0.0,0.0
2010-01-29 00:00:00-05:00,20.47604427054228,20.777826671404448,19.57416920768665,19.608856201171875,3985400,0.0,0.0
2010-02-01 00:00:00-05:00,20.153456650559377,20.812520323424238,20.153456650559377,20.802114486694336,2468000,0.0,0.0
2010-02-02 00:00:00-05:00,20.774357383608073,20.93391967237676,20.458700976163936,20.67723274230957,3370400,0.0,0.0
2010-02-03 00:00:00-05:00,20.510736501868376,20.791704643105763,20.33729885489251,20.56623649597168,1598400,0.0,0.0
2010-02-04 00:00:00-05:00,20.313020551902152,20.313020551902152,19.771894540742103,19.93839454650879,2007400,0.0,0.0
2010-02-05 00:00:00-05:00,19.99042259177639,20.146516731131847,19.379921363013757,19.9938907623291,3121800,0.0,0.0
2010-02-08 00:00:00-05:00,19.96267296989823,20.143048282151035,19.581110674548526,19.62967300415039,1930000,0.0,0.0
2010-02-09 00:00:00-05:00,19.917579704907606,20.21242451293217,19.66089271599958,20.070205688476562,1675000,0.0,0.0
2010-02-10 00:00:00-05:00,20.07714199747819,20.174266654481016,19.626204388676797,19.89329719543457,1581400,0.0,0.0
2010-02-11 00:00:00-05:00,19.88636093910724,20.160391411568263,19.692110301047283,20.06326675415039,1721400,0.0,0.0
2010-02-12 00:00:00-05:00,19.719862141283752,20.1881446345196,19.525612801770553,20.11530113220215,1527600,0.0,0.0
2010-02-16 00:00:00-05:00,20.340767650235414,20.604393622739696,20.240173494326562,20.58011245727539,1596200,0.0,0.0
2010-02-17 00:00:00-05:00,20.739673526993162,20.802111183908057,20.4136099134989,20.569704055786133,1233200,0.0,0.0
2010-02-18 00:00:00-05:00,20.437892434797806,20.798643071325188,20.437892434797806,20.76395606994629,976000,0.0,0.0
2010-02-19 00:00:00-05:00,20.708450416460455,20.93738800340082,20.618262120355023,20.81945037841797,1243400,0.0,0.0
2010-02-22 00:00:00-05:00,20.940870258030923,21.041464454721574,20.722339680257903,20.90618324279785,1694400,0.0,0.0
2010-02-23 00:00:00-05:00,20.829861111734946,20.881892935053898,20.30954817144236,20.4691104888916,1441400,0.0,0.0
2010-02-24 00:00:00-05:00,20.583577539055618,20.746609331184317,20.392796414799697,20.663358688354492,1538800,0.0,0.0
2010-02-25 00:00:00-05:00,20.288740323836777,20.646021520064142,20.125708481725503,20.600927352905273,1705200,0.0,0.0
2010-02-26 00:00:00-05:00,20.583576273047566,20.70498207468216,20.371982170292423,20.65641975402832,1540400,0.0,0.0
2010-03-01 00:00:00-05:00,20.791700360300403,20.847200342971476,20.52113811018193,20.83332633972168,3508200,0.0,0.0
2010-03-02 00:00:00-05:00,20.965145758955796,21.110834094597585,20.833334078166146,20.99636459350586,2700600,0.0,0.0
2010-03-03 00:00:00-05:00,21.083084139565997,21.53055367540686,20.923521790160954,21.176740646362305,2360200,0.0,0.0
2010-03-04 00:00:00-05:00,21.121236892274972,21.332831037862334,21.058799232159874,21.24958038330078,1281000,0.0,0.0
2010-03-05 00:00:00-05:00,21.35364220938353,21.454235032559957,21.249578569259263,21.41954803466797,1407200,0.0,0.0
2010-03-08 00:00:00-05:00,21.4091421999452,21.537485680014537,21.32242338199108,21.41954803466797,1415800,0.0,0.0
2010-03-09 00:00:00-05:00,21.329362875436065,21.492393367379005,21.19754989033866,21.308549880981445,1749400,0.0,0.0
2010-03-10 00:00:00-05:00,21.29121082693591,21.45771084767141,21.090022474865172,21.360586166381836,2838800,0.0,0.0
2010-03-11 00:00:00-05:00,21.238298725456527,21.59465789794922,21.07060052653293,21.59465789794922,1814200,0.22,0.0
2010-03-12 00:00:00-05:00,21.55622992031681,21.863677329066448,21.50731810516853,21.636585235595703,1660600,0.0,0.0
2010-03-15 00:00:00-04:00,21.496828815628888,21.734401551610443,21.378042447638112,21.50731086730957,1410600,0.0,0.0
2010-03-16 00:00:00-04:00,21.577187843201603,21.744887371689323,21.46888350812232,21.737899780273438,1453800,0.0,0.0
2010-03-17 00:00:00-04:00,21.790310799947527,22.153657658528047,21.720436199028633,22.052339553833008,1807000,0.0,0.0
2010-03-18 00:00:00-04:00,22.01739701690294,22.160639310647323,21.702962063441223,21.78681182861328,2143600,0.0,0.0
2010-03-19 00:00:00-04:00,21.385032653808594,21.95800179323723,21.33961531104059,21.385032653808594,1687000,0.0,0.0
2010-03-22 00:00:00-04:00,21.24179369689048,21.902105828896058,21.10903211144984,21.863676071166992,1505600,0.0,0.0
2010-03-23 00:00:00-04:00,21.82873478791597,22.020888878301886,21.671517320237776,21.961496353149414,1320000,0.0,0.0
2010-03-24 00:00:00-04:00,21.783315797205944,22.261955784410155,21.69247977983135,22.143169403076172,2461400,0.0,0.0
2010-03-25 00:00:00-04:00,22.303877522447628,22.485550869782475,21.978961907583887,21.992937088012695,2379200,0.0,0.0
2010-03-26 00:00:00-04:00,22.06630933447545,22.541453572273177,22.059321742820757,22.139677047729492,1624200,0.0,0.0
2010-03-29 00:00:00-04:00,22.22352922690572,22.4436323905571,22.22352922690572,22.356290817260742,1682200,0.0,0.0
2010-03-30 00:00:00-04:00,22.384241565039304,22.55194113027747,22.293405522220123,22.482065200805664,1309400,0.0,0.0
2010-03-31 00:00:00-04:00,22.401714053370572,22.593866886413014,22.209558554833627,22.247989654541016,1810400,0.0,0.0
2010-04-01 00:00:00-04:00,22.366768629436166,22.698673248291016,22.335326464914992,22.698673248291016,1360600,0.0,0.0
2010-04-05 00:00:00-04:00,22.709155717200545,23.24019941653927,22.64976318042796,23.131895065307617,1996200,0.0,0.0
2010-04-06 00:00:00-04:00,22.992136037086553,23.0829733673998,22.91527388570556,22.978160858154297,1520400,0.0,0.0
2010-04-07 00:00:00-04:00,22.866367708908786,23.243689636283676,22.831431085743,23.00611686706543,1336600,0.0,0.0
2010-04-08 00:00:00-04:00,22.901306837888857,23.0550285118452,22.792999841688548,22.995635986328125,1039200,0.0,0.0
2010-04-09 00:00:00-04:00,23.05153604331183,23.372957229614258,22.97816567217289,23.372957229614258,1034200,0.0,0.0
2010-04-12 00:00:00-04:00,23.331034864037196,23.40789704199738,23.023588817690207,23.06551170349121,1081000,0.0,0.0
2010-04-13 00:00:00-04:00,23.065507680247574,23.163333949538494,22.922266736256272,23.002620697021484,1031000,0.0,0.0
2010-04-14 00:00:00-04:00,22.96070390515661,23.229718886912924,22.96070390515661,23.194782257080078,1170000,0.0,0.0
2010-04-15 00:00:00-04:00,23.110930451487874,23.324047327618025,23.05852418161276,23.306577682495117,1233600,0.0,0.0
2010-04-16 00:00:00-04:00,23.243684557179275,23.334521889955756,22.57987820010729,22.8139591217041,2155200,0.0,0.0
2010-04-19 00:00:00-04:00,22.782520892558193,22.92576452281698,22.359781591699367,22.904800415039062,1795400,0.0,0.0
2010-04-20 00:00:00-04:00,23.08647813684593,23.32405095378722,22.94323448795023,23.243694305419922,1102600,0.0,0.0
2010-04-21 00:00:00-04:00,23.22272508977425,23.383435667238917,23.103937388304548,23.29958724975586,981400,0.0,0.0
2010-04-22 00:00:00-04:00,23.013116355131835,23.502234634968875,22.87336713282352,23.449831008911133,1725800,0.0,0.0
2010-04-23 00:00:00-04:00,25.02898885662335,25.137293232750192,24.333739906576753,24.84731674194336,4821000,0.0,0.0
2010-04-26 00:00:00-04:00,24.490953618448813,24.766957558560954,23.994846485054786,24.07170867919922,3116400,0.0,0.0
2010-04-27 00:00:00-04:00,24.068206335601097,24.424566816226584,23.47427575521655,23.551137924194336,3184800,0.0,0.0
2010-04-28 00:00:00-04:00,23.757263270900967,23.956404929934383,23.491740170358696,23.79569435119629,2274200,0.0,0.0
2010-04-29 00:00:00-04:00,23.90400144045939,24.197474936240475,23.84460891511453,23.966888427734375,2019400,0.0,0.0
2010-04-30 00:00:00-04:00,23.970380673723362,24.0262787319706,23.27163761992701,23.379941940307617,3231000,0.0,0.0
2010-05-03 00:00:00-04:00,23.55462813545794,23.865568586856668,23.29609394715306,23.572097778320312,2222800,0.0,0.0
2010-05-04 00:00:00-04:00,23.24368909814748,23.271639462230404,22.677708885682172,22.855886459350586,2200400,0.0,0.0
2010-05-05 00:00:00-04:00,22.583378205996365,23.037562315897482,22.33532470967896,22.789508819580078,2924400,0.0,0.0
2010-05-06 00:00:00-04:00,22.691683518401145,22.901308603078753,20.703759667376055,21.923067092895508,4747600,0.0,0.0
2010-05-07 00:00:00-04:00,22.066311704409763,22.220034739082482,21.43045545575641,21.538761138916016,4812800,0.0,0.0
2010-05-10 00:00:00-04:00,22.38073867481253,22.904795953795603,22.38073867481253,22.862873077392578,3272800,0.0,0.0
2010-05-11 00:00:00-04:00,22.499529646227316,22.957205550073706,22.42616193636982,22.565908432006836,2009000,0.0,0.0
2010-05-12 00:00:00-04:00,22.695175398906315,23.28561416696139,22.6777084208326,23.229713439941406,1775400,0.0,0.0
2010-05-13 00:00:00-04:00,23.20525721852874,23.222726861855136,22.57289557941453,22.6567440032959,1668000,0.0,0.0
2010-05-14 00:00:00-04:00,22.534473413175835,22.534473413175835,21.706462902791145,21.93355369567871,2184000,0.0,0.0
2010-05-17 00:00:00-04:00,22.003424161714843,22.26894733556107,21.437442518353915,22.101247787475586,1761800,0.0,0.0
2010-05-18 00:00:00-04:00,22.27243446350098,22.81396138724219,21.81126416240586,21.83572006225586,2267600,0.0,0.0
2010-05-19 00:00:00-04:00,21.72742329268709,21.741398479098883,21.032174428039355,21.41997718811035,2480000,0.0,0.0
2010-05-20 00:00:00-04:00,20.770136913069045,20.941328209738447,20.179698197493607,20.315954208374023,3905800,0.0,0.0
2010-05-21 00:00:00-04:00,20.060918271898892,20.98326049079108,19.407593699670546,20.808574676513672,3321800,0.0,0.0
2010-05-24 00:00:00-04:00,20.61642418291837,20.976277953318167,20.546550906566395,20.557031631469727,2233600,0.0,0.0
2010-05-25 00:00:00-04:00,19.91768193307508,20.675819287518916,19.767453313853128,20.651363372802734,2441800,0.0,0.0
2010-05-26 00:00:00-04:00,20.934349306977104,21.03916187157281,20.38933036826561,20.487154006958008,2348400,0.0,0.0
2010-05-27 00:00:00-04:00,21.007711598116572,21.563212413902185,20.74568293657141,21.556224822998047,1726000,0.0,0.0
2010-05-28 00:00:00-04:00,21.482858415627884,21.57718756666646,20.983256964142576,21.098548889160156,1911200,0.0,0.0
2010-06-01 00:00:00-04:00,20.847001108302795,21.164930518973147,20.336918931897383,20.368362426757812,1986800,0.0,0.0
2010-06-02 00:00:00-04:00,20.815558892502867,21.18938636779785,20.448717675828377,21.18938636779785,2690600,0.0,0.0
2010-06-03 00:00:00-04:00,21.29069999226579,21.332625534328503,20.75616199205872,21.067102432250977,1524800,0.0,0.0
2010-06-04 00:00:00-04:00,20.595457798054674,20.728219390256438,19.900207669869992,19.977069854736328,2074800,0.0,0.0
2010-06-07 00:00:00-04:00,20.029466902411567,20.315951399584087,19.80936250437782,19.847793579101562,2179600,0.0,0.0
2010-06-08 00:00:00-04:00,19.854787524056693,20.319451032263082,19.80238125397661,20.291501998901367,3042800,0.0,0.0
2010-06-09 00:00:00-04:00,20.44173165295381,20.92735929464054,20.200665729646463,20.308971405029297,2392600,0.0,0.0
2010-06-10 00:00:00-04:00,20.650445049544935,21.05880701969112,20.650445049544935,20.988399505615234,1909600,0.22,0.0
2010-06-11 00:00:00-04:00,20.749015594831818,21.40380321902244,20.734935165781803,21.372119903564453,2019800,0.0,0.0
2010-06-14 00:00:00-04:00,21.636148684869188,21.854412137682438,21.203144236861156,21.259469985961914,1702800,0.0,0.0
2010-06-15 00:00:00-04:00,21.439006765415307,21.82976584941154,21.3369159372677,21.812164306640625,2434800,0.0,0.0
2010-06-16 00:00:00-04:00,21.71711766434968,22.069153944910514,21.5446206389055,21.84737205505371,1505200,0.0,0.0
2010-06-17 00:00:00-04:00,22.01986487737036,22.01986487737036,21.37211819106312,21.632625579833984,1808000,0.0,0.0
2010-06-18 00:00:00-04:00,21.900172656605523,22.262770871959834,21.73823631968077,22.062108993530273,2148600,0.0,0.0
2010-06-21 00:00:00-04:00,22.354303080631052,22.488077238861155,21.798085131035013,21.95298194885254,2197000,0.0,0.0
2010-06-22 00:00:00-04:00,21.952982550957444,22.14660223562797,21.41788724627276,21.442529678344727,1404200,0.0,0.0
2010-06-23 00:00:00-04:00,21.403800807837605,21.410841693025283,20.847584307126215,21.11865234375,3725200,0.0,0.0
2010-06-24 00:00:00-04:00,21.02360541311339,21.048247843336792,20.407541971704852,20.446266174316406,2101000,0.0,0.0
2010-06-25 00:00:00-04:00,20.47795056030516,20.646929163046707,20.21744445499306,20.41106414794922,2896000,0.0,0.0
2010-06-28 00:00:00-04:00,20.442740856778926,20.513148361332327,20.051980482273432,20.08718490600586,2554400,0.0,0.0
2010-06-29 00:00:00-04:00,19.7140277595035,19.794995926652074,19.24934006974813,19.351430892944336,4184800,0.0,0.0
2010-06-30 00:00:00-04:00,19.25638129335183,19.569693310881675,18.74592851131584,18.784652709960938,3518200,0.0,0.0
2010-07-01 00:00:00-04:00,18.939558696319367,18.939558696319367,18.22492520971766,18.6755313873291,2816200,0.0,0.0
2010-07-02 00:00:00-04:00,18.71776249934608,18.798732000143428,18.12986274051332,18.327003479003906,2337200,0.0,0.0
2010-07-06 00:00:00-04:00,18.72128448191457,18.798732872578658,17.989048570319657,18.175628662109375,2203400,0.0,0.0
2010-07-07 00:00:00-04:00,18.281242780847798,19.108527440727684,18.27420189461716,19.06980323791504,2099000,0.0,0.0
2010-07-08 00:00:00-04:00,19.273984535282864,19.837241993669824,19.136690613733023,19.798519134521484,3643200,0.0,0.0
2010-07-09 00:00:00-04:00,19.77740388826399,20.051991834271636,19.703476570940733,19.826688766479492,1613600,0.0,0.0
2010-07-12 00:00:00-04:00,19.756267671059273,19.851317589384504,19.43591483947926,19.523923873901367,1509200,0.0,0.0
2010-07-13 00:00:00-04:00,19.756272580431343,20.210399633197277,19.728110380731923,20.066064834594727,2078600,0.0,0.0
2010-07-14 00:00:00-04:00,19.956940980448806,19.992145422576233,19.61898639349845,19.833728790283203,1964000,0.0,0.0
2010-07-15 00:00:00-04:00,19.791478047269084,19.830202248935546,19.376075172338922,19.724590301513672,1611600,0.0,0.0
2010-07-16 00:00:00-04:00,19.59785976513499,19.61194153913834,19.055724895124914,19.083887100219727,1765400,0.0,0.0
2010-07-19 00:00:00-04:00,19.108530302895407,19.189498492307955,18.67200603450498,18.833942413330078,2602200,0.0,0.0
2010-07-20 00:00:00-04:00,18.56639945177141,19.024046481618182,18.460787462419496,19.006444931030273,4124400,0.0,0.0
2010-07-21 00:00:00-04:00,19.1930155121543,19.72458963110475,19.1930155121543,19.601377487182617,5309200,0.0,0.0
2010-07-22 00:00:00-04:00,19.91469648624264,20.414588808439202,19.83020851311023,20.25617218017578,3006800,0.0,0.0
2010-07-23 00:00:00-04:00,20.217440683998827,20.805340540234692,20.15055428411866,20.75957679748535,2904200,0.0,0.0
2010-07-26 00:00:00-04:00,20.798301493313566,21.10809241448199,20.58355917422094,21.07288932800293,3301000,0.0,0.0
2010-07-27 00:00:00-04:00,21.33691489851927,21.347475555085367,20.76661661445336,20.98135757446289,2585200,0.0,0.0
2010-07-28 00:00:00-04:00,20.967278191430612,21.136255419465762,20.837023820371147,20.988399505615234,1801400,0.0,0.0
2010-07-29 00:00:00-04:00,21.09049136816155,21.40028363954075,20.653965833813054,21.03768539428711,2696800,0.0,0.0
2010-07-30 00:00:00-04:00,21.68191212719689,22.231089146359167,21.474210691383437,22.051549911499023,5773000,0.0,0.0
2010-08-02 00:00:00-04:00,22.41415006715725,22.49159848112945,21.938901610119565,22.459915161132812,3926600,0.0,0.0
2010-08-03 00:00:00-04:00,22.276852373071414,22.45287048940203,22.06563117063933,22.375423431396484,2747400,0.0,0.0
2010-08-04 00:00:00-04:00,22.361340612944353,22.569042034207403,22.16068007715431,22.51271629333496,2454600,0.0,0.0
2010-08-05 00:00:00-04:00,22.269815262516506,22.470477184628958,22.07267579826998,22.41767120361328,2568600,0.0,0.0
2010-08-06 00:00:00-04:00,22.167725758351075,22.53736225381331,22.02339093220835,22.41767120361328,1847800,0.0,0.0
2010-08-09 00:00:00-04:00,22.551441043715005,22.64649233413044,22.368383377683784,22.554962158203125,1044400,0.0,0.0
2010-08-10 00:00:00-04:00,22.266293966378257,22.361343919953317,21.896656153305322,22.24165153503418,2044600,0.0,0.0
2010-08-11 00:00:00-04:00,21.826246608288187,21.826246608288187,21.347477112982453,21.446046829223633,1953200,0.0,0.0
2010-08-12 00:00:00-04:00,21.122173837731275,21.534055582969444,21.0447254372612,21.350997924804688,1761600,0.0,0.0
2010-08-13 00:00:00-04:00,21.217228823602913,21.3897258655759,21.150342407335508,21.167943954467773,1174400,0.0,0.0
2010-08-16 00:00:00-04:00,21.034166152729945,21.421405494527644,20.86518891215031,21.326356887817383,1429800,0.0,0.0
2010-08-17 00:00:00-04:00,21.597424565145758,22.14308185640398,21.58686390680794,21.95298194885254,1937000,0.0,0.0
2010-08-18 00:00:00-04:00,21.981136516950862,22.012819823870963,21.685426100000342,21.910730361938477,1188800,0.0,0.0
2010-08-19 00:00:00-04:00,21.755837718717252,21.81920434455979,21.11513191778634,21.343955993652344,1260000,0.0,0.0
2010-08-20 00:00:00-04:00,21.132730187471243,21.488287459964297,21.01303783973765,21.453083038330078,1961800,0.0,0.0
2010-08-23 00:00:00-04:00,21.544611924805654,21.74527241613169,21.217218208871316,21.245380401611328,1157600,0.0,0.0
2010-08-24 00:00:00-04:00,20.949673564997454,21.076406811221325,20.59763736678071,20.756053924560547,2048400,0.0,0.0
2010-08-25 00:00:00-04:00,20.615246620219693,20.85111030129882,20.235046764083148,20.794784545898438,1607000,0.0,0.0
2010-08-26 00:00:00-04:00,20.925032349672016,21.361557851607444,20.8827883794562,21.006000518798828,1562400,0.0,0.0
2010-08-27 00:00:00-04:00,21.19962664369277,21.586866040692016,20.8123859037816,21.51645851135254,1458400,0.0,0.0
2010-08-30 00:00:00-04:00,21.442523737581745,21.618541828135825,21.14329352080439,21.182016372680664,2037800,0.0,0.0
2010-08-31 00:00:00-04:00,21.097533058701558,21.84032977827588,21.04472708281351,21.667831420898438,2810400,0.0,0.0
2010-09-01 00:00:00-04:00,22.009307425187973,22.66409374933517,21.99170588053933,22.618330001831055,2217800,0.0,0.0
2010-09-02 00:00:00-04:00,22.70986125155794,22.762667230901084,22.50215844902789,22.583127975463867,1998800,0.0,0.0
2010-09-03 00:00:00-04:00,22.74505790319395,23.332957681743142,22.74505790319395,23.20622444152832,2297200,0.0,0.0
2010-09-07 00:00:00-04:00,23.160464748549686,23.160464748549686,22.68873478631617,22.74506187438965,1467600,0.0,0.0
2010-09-08 00:00:00-04:00,22.76266247335316,23.086535139758173,22.76266247335316,22.903474807739258,1470600,0.0,0.0
2010-09-09 00:00:00-04:00,23.36069889010287,23.374873841750027,22.956642461264035,23.22246742248535,2427000,0.22,0.0
2010-09-10 00:00:00-04:00,23.254370485650654,23.35006629283462,23.038165942781767,23.091331481933594,1406200,0.0,0.0
2010-09-13 00:00:00-04:00,23.371328932671222,23.980954543913338,23.371328932671222,23.924243927001953,2081400,0.0,0.0
2010-09-14 00:00:00-04:00,23.778928525303698,23.85336189706499,23.48120585470434,23.771841049194336,2168600,0.0,0.0
2010-09-15 00:00:00-04:00,23.661970263739324,23.81083161584248,23.44222062198341,23.72222328186035,1566400,0.0,0.0
2010-09-16 00:00:00-04:00,24.558689342518942,25.083249233132857,24.243243849134494,24.59767723083496,3255400,0.0,0.0
2010-09-17 00:00:00-04:00,24.746535707906904,24.913119810481057,24.473623225725618,24.83514404296875,2697200,0.0,0.0
2010-09-20 00:00:00-04:00,24.94147143692279,25.388055432607718,24.85995059091665,25.288814544677734,2341600,0.0,0.0
2010-09-21 00:00:00-04:00,25.391592474377063,25.480200768244686,25.108044852356457,25.221466064453125,1509400,0.0,0.0
2010-09-22 00:00:00-04:00,25.161210084984965,25.455390266285512,25.083234354605494,25.285261154174805,1446600,0.0,0.0
2010-09-23 00:00:00-04:00,25.111594962269056,25.416407770449155,24.792604499742083,25.186025619506836,1730400,0.0,0.0
2010-09-24 00:00:00-04:00,25.696411840266865,25.781475067138672,25.427041800376372,25.781475067138672,1532600,0.0,0.0
2010-09-27 00:00:00-04:00,25.859460043770657,25.873637703992333,25.434141053569082,25.68224334716797,1460600,0.0,0.0
2010-09-28 00:00:00-04:00,25.73184906031434,26.10400499156181,25.41285864840374,26.040206909179688,1518800,0.0,0.0
2010-09-29 00:00:00-04:00,25.9197000197214,26.352108974349672,25.82400424155308,26.061473846435547,2996400,0.0,0.0
2010-09-30 00:00:00-04:00,26.238698057588067,26.529333269726205,25.940975368910195,26.228065490722656,2505600,0.0,0.0
2010-10-01 00:00:00-04:00,26.497421666766623,26.547042088845327,26.210328991471037,26.430078506469727,1563200,0.0,0.0
2010-10-04 00:00:00-04:00,26.398182493796465,26.504510817506354,26.096912149675873,26.25640869140625,1820000,0.0,0.0
2010-10-05 00:00:00-04:00,26.532879854088446,27.043264725260123,26.43009386174905,26.9971866607666,2113800,0.0,0.0
2010-10-06 00:00:00-04:00,26.982995737811475,27.075149117383727,26.855399582745417,26.944007873535156,1447800,0.0,0.0
2010-10-07 00:00:00-04:00,27.043265763509524,27.291368027569956,26.830603589615585,27.21339225769043,2548800,0.0,0.0
2010-10-08 00:00:00-04:00,27.245290162625704,27.6918741969106,27.202757190931685,27.613901138305664,1763200,0.0,0.0
2010-10-11 00:00:00-04:00,27.62097582237836,27.8832555994058,27.532367533804592,27.77338218688965,1678200,0.0,0.0
2010-10-12 00:00:00-04:00,27.766301368434725,27.766301368434725,27.37997039800905,27.599720001220703,2137400,0.0,0.0
2010-10-13 00:00:00-04:00,27.893899015083004,28.08883840744168,27.702507416909025,27.88326644897461,1428000,0.0,0.0
2010-10-14 00:00:00-04:00,27.872627714799602,27.947058365198686,27.496929373515417,27.67060089111328,1361200,0.0,0.0
2010-10-15 00:00:00-04:00,27.876175018077475,28.014403766098617,27.475663724073257,27.823009490966797,1345800,0.0,0.0
2010-10-18 00:00:00-04:00,27.79820534975276,28.074662906237304,27.702509543320275,27.95415687561035,1144400,0.0,0.0
2010-10-19 00:00:00-04:00,27.535928488539387,27.83365121172035,27.16022728971474,27.351621627807617,1776600,0.0,0.0
2010-10-20 00:00:00-04:00,27.387053087877085,28.273136117438554,27.351610307516786,28.025033950805664,1776800,0.0,0.0
2010-10-21 00:00:00-04:00,28.067564833465536,28.43263058198216,27.86553802583446,28.131362915039062,1236400,0.0,0.0
2010-10-22 00:00:00-04:00,28.142005294342873,28.244791278515365,27.766304147754425,27.858457565307617,1320000,0.0,0.0
2010-10-25 00:00:00-04:00,28.76580516127946,29.56682239533308,28.709094540756432,29.272642135620117,4336200,0.0,0.0
2010-10-26 00:00:00-04:00,29.095428744316717,29.194672341289234,28.79770606573374,28.886314392089844,2655600,0.0,0.0
2010-10-27 00:00:00-04:00,28.570866262075622,28.865046526717578,28.28023108730356,28.46099281311035,2093800,0.0,0.0
2010-10-28 00:00:00-04:00,28.716173483555867,28.843769637707595,27.954144351513,28.017942428588867,2283600,0.0,0.0
2010-10-29 00:00:00-04:00,27.7804885157347,28.11365677222006,27.589094158016227,27.84783172607422,2833600,0.0,0.0
2010-11-01 00:00:00-04:00,28.113647557772712,28.45035809088664,27.929343442661278,28.060482025146484,1676000,0.0,0.0
2010-11-02 00:00:00-04:00,28.26959485478796,28.62048299127608,28.138453587725714,28.241239547729492,2035600,0.0,0.0
2010-11-03 00:00:00-04:00,28.262503759976173,28.333392025324855,27.68477859396626,28.198705673217773,1150800,0.0,0.0
2010-11-04 00:00:00-04:00,28.485812702091373,28.620496417635152,28.067581191167637,28.602773666381836,2511600,0.0,0.0
2010-11-05 00:00:00-04:00,28.645298674214054,28.67365398668249,28.071115765229695,28.255422592163086,2530200,0.0,0.0
2010-11-08 00:00:00-05:00,28.060472734136724,28.3546529070337,27.91869892877947,28.26604461669922,1248600,0.0,0.0
2010-11-09 00:00:00-05:00,28.37946676623273,28.599216327974457,27.716675695898566,27.925792694091797,1699200,0.0,0.0
2010-11-10 00:00:00-05:00,27.932883363976952,28.10655760217349,27.532374767870586,27.787567138671875,1385400,0.0,0.0
2010-11-11 00:00:00-05:00,27.518189882583908,28.30503191776071,27.475656930589626,28.106550216674805,1646800,0.0,0.0
2010-11-12 00:00:00-05:00,27.815923891097682,27.879721987109125,27.220475896361304,27.429590225219727,2182600,0.0,0.0
2010-11-15 00:00:00-05:00,27.514644231114946,27.652872942131115,27.220466774196876,27.447303771972656,1910800,0.0,0.0
2010-11-16 00:00:00-05:00,27.25236679703588,27.2700895375521,26.777427637239285,27.07869529724121,2081800,0.0,0.0
2010-11-17 00:00:00-05:00,27.167310323691872,27.52528867876471,26.9404732502486,27.316171646118164,1501000,0.0,0.0
2010-11-18 00:00:00-05:00,27.709584590230847,28.02502988668072,27.66350925285528,27.986042022705078,2187000,0.0,0.0
2010-11-19 00:00:00-05:00,27.695423154792866,28.06048909111697,27.525296652482602,28.03567886352539,2109600,0.0,0.0
2010-11-22 00:00:00-05:00,27.97897194165537,28.273149592551988,27.635171129670738,28.138465881347656,1854600,0.0,0.0
2010-11-23 00:00:00-05:00,27.709585541927765,27.75566088088581,27.369330020726313,27.56072425842285,1691800,0.0,0.0
2010-11-24 00:00:00-05:00,27.776933734067974,28.19870744695171,27.769843555031713,28.17035484313965,1457400,0.0,0.0
2010-11-26 00:00:00-05:00,27.858450872525278,28.28022727450595,27.81592061626565,28.180986404418945,820600,0.0,0.0
2010-11-29 00:00:00-05:00,27.932879707417573,28.149084176371314,27.51110603699383,28.095918655395508,2172800,0.0,0.0
2010-11-30 00:00:00-05:00,27.81592349646882,27.87263141205712,27.426044746312826,27.57845115661621,2734400,0.0,0.0
2010-12-01 00:00:00-05:00,28.134910070935383,28.804788688997338,28.134910070935383,28.783523559570312,2555200,0.0,0.0
2010-12-02 00:00:00-05:00,28.818967543177862,29.04580461354723,28.602763037964685,28.698461532592773,2041400,0.0,0.0
2010-12-03 00:00:00-05:00,28.521241752199035,29.184030145434633,28.521241752199035,29.084789276123047,1908800,0.0,0.0
2010-12-06 00:00:00-05:00,28.932386683107122,29.215934379051134,28.850868545798303,29.1166934967041,1627400,0.0,0.0
2010-12-07 00:00:00-05:00,29.286814259461366,29.428588079881433,28.99617914445005,29.230106353759766,1942400,0.0,0.0
2010-12-08 00:00:00-05:00,29.30099794128034,29.39315134913271,28.91112188298207,29.102516174316406,1272200,0.0,0.0
2010-12-09 00:00:00-05:00,29.26648998018991,29.362739401401257,28.906450784704703,29.020524978637695,1428000,0.235,0.0
2010-12-10 00:00:00-05:00,29.123901489918396,29.23797297017523,28.860111701764218,28.93497085571289,1830000,0.0,0.0
2010-12-13 00:00:00-05:00,29.016969725924717,29.18807563788402,28.89220443185451,28.895767211914062,1356400,0.0,0.0
2010-12-14 00:00:00-05:00,29.020525854674457,29.255797087567156,28.874370329044698,29.03478240966797,913800,0.0,0.0
2010-12-15 00:00:00-05:00,28.963490646676195,28.963490646676195,28.585629362075213,28.624841690063477,1608400,0.0,0.0
2010-12-16 00:00:00-05:00,28.656922629890293,28.838724991751203,28.418085886073793,28.66048812866211,1026000,0.0,0.0
2010-12-17 00:00:00-05:00,28.599900680218063,28.67832264953693,28.44661680254229,28.60702896118164,2868200,0.0,0.0
2010-12-20 00:00:00-05:00,28.585627935843835,28.852983220781606,28.432344130359034,28.79594612121582,1533200,0.0,0.0
2010-12-21 00:00:00-05:00,28.917156550820106,29.355617815684717,28.913591051197002,29.195205688476562,1211400,0.0,0.0
2010-12-22 00:00:00-05:00,29.245097666193093,29.405509715851434,29.073989122836576,29.2664852142334,803600,0.0,0.0
2010-12-23 00:00:00-05:00,29.184512912188882,29.576633574145443,29.14173507427965,29.373443603515625,816200,0.0,0.0
2010-12-27 00:00:00-05:00,29.28787755720211,29.594442406321495,29.19875914114881,29.512454986572266,837600,0.0,0.0
2010-12-28 00:00:00-05:00,29.516010114475634,29.701375158081337,29.448279271774865,29.676422119140625,736000,0.0,0.0
2010-12-29 00:00:00-05:00,29.76555424795778,30.040037803046864,29.758425970544966,29.94022560119629,1033000,0.0,0.0
2010-12-30 00:00:00-05:00,29.908138490845918,30.007950673398685,29.808326308293147,29.925960540771484,615800,0.0,0.0
2010-12-31 00:00:00-05:00,29.893882561660313,30.146978544198287,29.811892419865444,29.972307205200195,836200,0.0,0.0
2011-01-03 00:00:00-05:00,30.25748857731577,30.646046348952964,30.221841749012576,30.425031661987305,1562600,0.0,0.0
2011-01-04 00:00:00-05:00,30.49632551608624,31.273438275411173,30.29313561991625,30.959739685058594,5847800,0.0,0.0
2011-01-05 00:00:00-05:00,30.859913126141674,31.2520334619385,30.432145981577353,31.187868118286133,2926800,0.0,0.0
2011-01-06 00:00:00-05:00,31.184317486609345,31.326904777213123,30.981127605852897,31.102327346801758,1397800,0.0,0.0
2011-01-07 00:00:00-05:00,31.123711593551334,31.284126357974433,30.706638101471587,31.095195770263672,1583000,0.0,0.0
2011-01-10 00:00:00-05:00,31.006095435286102,31.54793446905609,30.713786998710276,31.465944290161133,1455800,0.0,0.0
2011-01-11 00:00:00-05:00,31.55862117913516,31.690517447921195,31.234231475453385,31.56931495666504,2081000,0.0,0.0
2011-01-12 00:00:00-05:00,32.30721243018818,33.273255889980646,32.15392862101499,33.11640930175781,4259200,0.0,0.0
2011-01-13 00:00:00-05:00,33.28038948866783,33.31960181870809,32.834797301554865,32.8953971862793,2361800,0.0,0.0
2011-01-14 00:00:00-05:00,32.89538924751852,33.13066317098055,32.54248108200371,33.066497802734375,1669600,0.0,0.0
2011-01-18 00:00:00-05:00,33.12711320996056,33.65825845642134,33.0772070912155,33.56201171875,1234400,0.0,0.0
2011-01-19 00:00:00-05:00,33.3374210119605,33.51922337020273,32.67794517559314,32.841922760009766,1451000,0.0,0.0
2011-01-20 00:00:00-05:00,32.745684232620206,32.86332124202695,32.08620823151106,32.289398193359375,1537400,0.0,0.0
2011-01-21 00:00:00-05:00,32.61735604287725,32.84906458056037,32.228800866501174,32.28583526611328,1371800,0.0,0.0
2011-01-24 00:00:00-05:00,32.23948091023075,32.80983826173839,32.23591541187428,32.74210739135742,1563800,0.0,0.0
2011-01-25 00:00:00-05:00,32.58882665370141,32.63873275665763,31.768938733935897,32.20027160644531,2738400,0.0,0.0
2011-01-26 00:00:00-05:00,32.374951524312806,33.50853835621447,32.374951524312806,33.46932601928711,2538600,0.0,0.0
2011-01-27 00:00:00-05:00,33.40158783803021,33.458624941001574,32.79558357719272,33.105716705322266,1320800,0.0,0.0
2011-01-28 00:00:00-05:00,33.198393272563536,33.447926483627015,32.47831762622483,32.74210739135742,1876400,0.0,0.0
2011-01-31 00:00:00-05:00,32.96311783235336,33.269685379457144,32.763493464817145,33.102142333984375,1958200,0.0,0.0
2011-02-01 00:00:00-05:00,32.82053883198565,33.08076587231512,31.86162355144967,32.60665512084961,5777600,0.0,0.0
2011-02-02 00:00:00-05:00,32.6636898409464,32.9381761607736,32.489018459033886,32.65299606323242,1906200,0.0,0.0
2011-02-03 00:00:00-05:00,32.59596082408931,32.78132597887386,32.17888446638601,32.51753616333008,1750600,0.0,0.0
2011-02-04 00:00:00-05:00,32.60665820251877,32.8027171563902,32.37138419425801,32.69221115112305,1401800,0.0,0.0
2011-02-07 00:00:00-05:00,32.799163119058576,33.11999016143814,32.692219865038744,32.89897537231445,1904000,0.0,0.0
2011-02-08 00:00:00-05:00,32.955995018229764,33.30890596660979,32.64942739501732,33.205528259277344,1987000,0.0,0.0
2011-02-09 00:00:00-05:00,33.00233815932933,33.10571586608519,32.63873343630128,32.72785186767578,1285000,0.0,0.0
2011-02-10 00:00:00-05:00,32.567440882404796,33.09858598988114,32.46049767326085,32.92034912109375,1271000,0.0,0.0
2011-02-11 00:00:00-05:00,32.70289939111872,33.526355560890195,32.70289939111872,33.26612854003906,1078200,0.0,0.0
2011-02-14 00:00:00-05:00,33.305336534707365,33.47644510035271,33.21621811336005,33.39445495605469,1171800,0.0,0.0
2011-02-15 00:00:00-05:00,33.26256846305042,33.31960557487662,32.610223494533166,32.67438888549805,1749800,0.0,0.0
2011-02-16 00:00:00-05:00,32.86688428919489,33.48715067855812,32.83836845126871,33.4408073425293,1507000,0.0,0.0
2011-02-17 00:00:00-05:00,33.43009984221846,34.688451443528734,33.266122282809015,34.317718505859375,3507400,0.0,0.0
2011-02-18 00:00:00-05:00,34.492412428941996,34.577965396247116,33.84719287474317,34.011173248291016,2298800,0.0,0.0
2011-02-22 00:00:00-05:00,33.4158591266981,33.72955786645703,32.1931536688971,32.26445007324219,2620000,0.0,0.0
2011-02-23 00:00:00-05:00,32.260860989214294,32.51039142280673,31.191440182941996,31.943599700927734,3275200,0.0,0.0
2011-02-24 00:00:00-05:00,32.15391858337473,32.449792332850556,31.519395991751367,32.075496673583984,2231600,0.0,0.0
2011-02-25 00:00:00-05:00,32.257301900042194,32.68150644110118,32.19313653013141,32.56386947631836,1805200,0.0,0.0
2011-02-28 00:00:00-05:00,32.71359451250334,33.33029529047238,32.48901703134177,33.298213958740234,2472200,0.0,0.0
2011-03-01 00:00:00-05:00,33.52991103041186,33.77231322395852,32.399890199770304,32.485443115234375,2938200,0.0,0.0
2011-03-02 00:00:00-05:00,32.57101449922457,33.82580117156957,32.5674489994501,33.693904876708984,2472000,0.0,0.0
2011-03-03 00:00:00-05:00,34.0147147355852,34.87738030838861,34.0147147355852,34.68488693237305,2688000,0.0,0.0
2011-03-04 00:00:00-05:00,34.563691426465816,34.581516200265916,33.822225439111335,34.34980773925781,1633600,0.0,0.0
2011-03-07 00:00:00-05:00,34.499523558907846,34.80252565389495,33.67250470028218,33.946990966796875,1917800,0.0,0.0
2011-03-08 00:00:00-05:00,34.1002856916549,34.84888014260759,33.7152933272749,34.73124313354492,1629800,0.0,0.0
2011-03-09 00:00:00-05:00,34.56368962571217,34.60646744879652,33.836482951349204,34.0396728515625,1827800,0.0,0.0
2011-03-10 00:00:00-05:00,33.64397811437796,33.80439286964361,32.977374208597794,33.23759841918945,1931400,0.0,0.0
2011-03-11 00:00:00-05:00,33.06922865891913,33.94342956571374,33.004738181630685,33.72846221923828,1666800,0.235,0.0
2011-03-14 00:00:00-04:00,33.60664133315981,34.179888381176646,33.280605451609816,33.62455368041992,1166200,0.0,0.0
2011-03-15 00:00:00-04:00,32.44581097694667,33.38450483920831,32.277419069073645,33.137290954589844,1701000,0.0,0.0
2011-03-16 00:00:00-04:00,33.094305456325316,33.6102264993828,32.67511602117762,33.022647857666016,2003200,0.0,0.0
2011-03-17 00:00:00-04:00,33.67829606192539,34.269458188427286,33.61738916124746,33.80010986328125,1704400,0.0,0.0
2011-03-18 00:00:00-04:00,34.34827489703075,34.34827489703075,33.59230453173479,33.60663604736328,1773400,0.0,0.0
2011-03-21 00:00:00-04:00,34.17989023190326,34.39844110789621,33.86102145875766,34.362613677978516,1932600,0.0,0.0
2011-03-22 00:00:00-04:00,34.23721694946289,34.44860345370176,33.99717013853808,34.23721694946289,2294000,0.0,0.0
2011-03-23 00:00:00-04:00,34.10106363797867,34.882113531856106,34.10106363797867,34.68505859375,1788200,0.0,0.0
2011-03-24 00:00:00-04:00,34.896456109170906,35.05768093984426,34.48801732023743,34.90003967285156,1543200,0.0,0.0
2011-03-25 00:00:00-04:00,35.075577912303174,35.7204796354375,34.93942989732462,35.15439987182617,2176200,0.0,0.0
2011-03-28 00:00:00-04:00,35.27620748241413,35.36219381713272,34.83194156400236,34.842689514160156,979600,0.0,0.0
2011-03-29 00:00:00-04:00,34.84270691807751,35.487611584237335,34.588328614608265,35.387290954589844,887000,0.0,0.0
2011-03-30 00:00:00-04:00,35.792139758609174,35.87812611447105,35.12215578831555,35.426692962646484,1066000,0.0,0.0
2011-03-31 00:00:00-04:00,35.42669899938605,35.75989926026754,35.398038698186326,35.58434295654297,816800,0.0,0.0
2011-04-01 00:00:00-04:00,35.87453605100833,36.17907590360587,35.738390784445244,35.967689514160156,1624800,0.0,0.0
2011-04-04 00:00:00-04:00,36.16475731661759,36.26149164232226,35.863800917894515,36.060855865478516,1348800,0.0,0.0
2011-04-05 00:00:00-04:00,35.94262400143866,36.52661900324489,35.71332518272593,36.139678955078125,1245200,0.0,0.0
2011-04-06 00:00:00-04:00,36.30806334139352,36.54094569215783,35.570008037038114,35.810054779052734,1937000,0.0,0.0
2011-04-07 00:00:00-04:00,35.752736570851084,36.214917776241066,35.55568161502132,35.92470932006836,2479400,0.0,0.0
2011-04-08 00:00:00-04:00,36.30447508656994,36.30447508656994,35.527008955722266,35.824378967285156,1557400,0.0,0.0
2011-04-11 00:00:00-04:00,35.82438686564411,35.888877321752894,34.76746283139937,35.01109313964844,2241600,0.0,0.0
2011-04-12 00:00:00-04:00,34.85703675364248,35.2368124090128,34.172721127954034,34.52742004394531,3613200,0.0,0.0
2011-04-13 00:00:00-04:00,34.699395724456735,34.7746341493271,34.21930213715313,34.48442840576172,2364000,0.0,0.0
2011-04-14 00:00:00-04:00,34.269458181020795,34.93585872588508,34.244378708190744,34.76029968261719,1772600,0.0,0.0
2011-04-15 00:00:00-04:00,34.867788795391235,35.473282510716245,34.82121340708079,35.34788513183594,2165800,0.0,0.0
2011-04-18 00:00:00-04:00,35.021845417677774,35.21531680989264,34.31603387574323,35.061256408691406,2535000,0.0,0.0
2011-04-19 00:00:00-04:00,35.12575362434372,35.6022664374944,35.04693162716595,35.51627731323242,2445800,0.0,0.0
2011-04-20 00:00:00-04:00,36.060862458465266,36.18984340529132,35.72766213474097,35.827980041503906,2324800,0.0,0.0
2011-04-21 00:00:00-04:00,35.97128458451588,36.111013457221276,35.71690631027125,36.10026550292969,2204400,0.0,0.0
2011-04-25 00:00:00-04:00,36.10025442046496,36.365380567609755,35.88170363877127,36.19340515136719,2233800,0.0,0.0
2011-04-26 00:00:00-04:00,36.42631070152943,36.81683714879317,36.19342825867949,36.361820220947266,2800000,0.0,0.0
2011-04-27 00:00:00-04:00,36.401219798410146,36.77383104334339,35.767065882914565,36.648433685302734,2640400,0.0,0.0
2011-04-28 00:00:00-04:00,36.66634486914057,37.22526308554908,36.39763508180522,36.87773132324219,2656800,0.0,0.0
2011-04-29 00:00:00-04:00,39.12055859198286,39.66872605743616,38.34667318184385,38.42549514770508,6246200,0.0,0.0
2011-05-02 00:00:00-04:00,38.61897401061719,39.03099626372852,37.723274648834966,37.79492950439453,3445400,0.0,0.0
2011-05-03 00:00:00-04:00,37.61578770754145,37.74118506508388,36.601858159306296,36.978050231933594,2893800,0.0,0.0
2011-05-04 00:00:00-04:00,37.12136882690792,37.28259363714127,36.40480925527909,36.54095458984375,3003200,0.0,0.0
2011-05-05 00:00:00-04:00,36.35106052184179,37.056872016500485,36.175504222194775,36.347476959228516,3547600,0.0,0.0
2011-05-06 00:00:00-04:00,36.90639454389394,37.497556625723426,36.877731510402946,37.06761932373047,2566400,0.0,0.0
2011-05-09 00:00:00-04:00,37.110607971229165,37.98839204797809,37.01387093194818,37.94540023803711,2256200,0.0,0.0
2011-05-10 00:00:00-04:00,38.04572734366818,38.894848597659056,38.00989718207498,38.747955322265625,3703400,0.0,0.0
2011-05-11 00:00:00-04:00,38.669133530318504,38.719292476646416,37.87016848502527,37.97765350341797,2546600,0.0,0.0
2011-05-12 00:00:00-04:00,37.79850374131939,38.06721348355626,37.23600479024182,37.587120056152344,2156400,0.0,0.0
2011-05-13 00:00:00-04:00,37.6731162596097,38.052891919907495,37.32558446475263,37.45814895629883,2564200,0.0,0.0
2011-05-16 00:00:00-04:00,37.23242911443026,37.737604848895025,36.88848089953097,37.0067138671875,1654400,0.0,0.0
2011-05-17 00:00:00-04:00,36.773820806409574,36.963708571933516,36.18982599670016,36.47644805908203,1929200,0.0,0.0
2011-05-18 00:00:00-04:00,36.612614562664916,37.630127908338714,36.469302092348855,37.51906204223633,1401400,0.0,0.0
2011-05-19 00:00:00-04:00,37.637286959626486,38.04214207295311,37.35424564318387,37.68027877807617,1314800,0.0,0.0
2011-05-20 00:00:00-04:00,37.56563543818604,37.63729303626721,36.80608403273079,37.03179931640625,1653000,0.0,0.0
2011-05-23 00:00:00-04:00,36.40838108610186,36.42629342954572,35.3657859332928,35.83155059814453,2799400,0.0,0.0
2011-05-24 00:00:00-04:00,36.10026885036045,36.43704996104053,35.75632061384983,35.89604949951172,1793200,0.0,0.0
2011-05-25 00:00:00-04:00,35.72767138596001,37.11063199233848,35.64884937210549,36.834754943847656,1750000,0.0,0.0
2011-05-26 00:00:00-04:00,36.7774053193277,37.18584388721527,36.508695591324994,36.981624603271484,1426400,0.0,0.0
2011-05-27 00:00:00-04:00,37.1034509903212,37.66953366592175,37.099870160818476,37.4259033203125,1177000,0.0,0.0
2011-05-31 00:00:00-04:00,37.916743841884774,38.06363710730732,37.36857630159118,37.92390823364258,1664000,0.0,0.0
2011-06-01 00:00:00-04:00,37.845086043006226,37.88449703109468,36.47645761458693,36.61977005004883,2546200,0.0,0.0
2011-06-02 00:00:00-04:00,36.748751005981994,37.110614290863296,36.28298627362161,36.906394958496094,2315200,0.0,0.0
2011-06-03 00:00:00-04:00,36.31166014129212,36.50513157706745,35.648843003989974,36.07161331176758,2031600,0.0,0.0
2011-06-06 00:00:00-04:00,36.07877304734991,36.415556918007645,35.84589337521372,35.87455368041992,1589400,0.0,0.0
2011-06-07 00:00:00-04:00,36.13609004159166,36.63768215830173,35.77781034872119,36.376136779785156,1981000,0.0,0.0
2011-06-08 00:00:00-04:00,36.247159823024305,36.36539279058999,35.69182787861192,36.04652404785156,1968000,0.0,0.0
2011-06-09 00:00:00-04:00,36.232832299954715,36.884901374606116,36.00353346492067,36.23641586303711,1840000,0.0,0.0
2011-06-10 00:00:00-04:00,36.10384170803214,36.32239252882798,35.59150166257818,35.7276496887207,2003800,0.0,0.0
2011-06-13 00:00:00-04:00,35.932842536621315,36.14523003128426,35.24888685782474,35.5440673828125,1716800,0.235,0.0
2011-06-14 00:00:00-04:00,36.04082839153414,36.44400009259853,35.77084616468514,36.274810791015625,1729600,0.0,0.0
2011-06-15 00:00:00-04:00,35.860836610987604,36.00842545193295,34.59011808491163,34.8097038269043,3120000,0.0,0.0
2011-06-16 00:00:00-04:00,34.78091113502221,34.93570105405769,33.70458001936566,34.287742614746094,2182200,0.0,0.0
2011-06-17 00:00:00-04:00,34.62253385499368,34.7125279643333,33.88818159321413,34.204959869384766,2096400,0.0,0.0
2011-06-20 00:00:00-04:00,33.99256895234873,34.86371111433729,33.920574776436304,34.72692108154297,1314600,0.0,0.0
2011-06-21 00:00:00-04:00,35.06169537090299,36.27481385498088,35.036497137458085,36.03363037109375,1823600,0.0,0.0
2011-06-22 00:00:00-04:00,35.90403747558594,36.42240425650168,35.69525329674054,35.90403747558594,1770600,0.0,0.0
2011-06-23 00:00:00-04:00,35.30288607186674,35.71325895552119,34.73772322357757,35.62686538696289,1769600,0.0,0.0
2011-06-24 00:00:00-04:00,35.67727163584329,35.806863397375785,35.14090741230216,35.48648452758789,3160400,0.0,0.0
2011-06-27 00:00:00-04:00,35.33527886045628,35.74565166843455,34.917704987691565,35.58726119995117,1248400,0.0,0.0
2011-06-28 00:00:00-04:00,35.76364355968469,35.81044223468553,35.53325895574567,35.792442321777344,1740200,0.0,0.0
2011-06-29 00:00:00-04:00,35.97963420972611,36.48000110435634,35.55126423118749,36.39000701904297,1582800,0.0,0.0
2011-06-30 00:00:00-04:00,36.530405469157515,36.94077833633188,36.156029691903335,36.74279022216797,1481400,0.0,0.0
2011-07-01 00:00:00-04:00,36.88317749636906,37.53113604258429,36.70678984905555,37.43394088745117,1249600,0.0,0.0
2011-07-05 00:00:00-04:00,37.459152125555434,37.538347391627646,37.14237380766922,37.22876739501953,1149400,0.0,0.0
2011-07-06 00:00:00-04:00,37.19995674576794,37.53113709332858,36.8723796773004,37.38714599609375,1384200,0.0,0.0
2011-07-07 00:00:00-04:00,37.85872331937145,38.38069082980524,37.85872331937145,38.03871154785156,1493600,0.0,0.0
2011-07-08 00:00:00-04:00,37.44833447808124,37.696719006771794,37.05955941049636,37.67512130737305,1264600,0.0,0.0
2011-07-11 00:00:00-04:00,37.04156590639433,37.2575511609456,36.80038241791878,36.886775970458984,1428200,0.0,0.0
2011-07-12 00:00:00-04:00,36.7571857387322,37.084762792851,36.6419934152704,36.68159103393555,1082400,0.0,0.0
2011-07-13 00:00:00-04:00,36.933577660736134,37.21795934299358,36.43681122322424,36.51600646972656,1157200,0.0,0.0
2011-07-14 00:00:00-04:00,36.62039749884411,37.00557210667955,35.99043884841407,36.14162826538086,1131000,0.0,0.0
2011-07-15 00:00:00-04:00,36.33600721813886,36.39000146396322,35.950832701652125,36.296409606933594,1073400,0.0,0.0
2011-07-18 00:00:00-04:00,36.1344226047848,36.23161775076164,35.37847286968246,35.853641510009766,1157800,0.0,0.0
2011-07-19 00:00:00-04:00,36.27482573175219,36.74639674976349,36.14163620267921,36.724796295166016,1006200,0.0,0.0
2011-07-20 00:00:00-04:00,36.81836877881975,37.02715565370271,36.62758181419939,36.951560974121094,1074600,0.0,0.0
2011-07-21 00:00:00-04:00,37.171149029735695,37.81910464384886,36.955163825031306,37.606719970703125,1256600,0.0,0.0
2011-07-22 00:00:00-04:00,37.49153472851407,37.664321826208905,37.18555540211169,37.59592819213867,1226000,0.0,0.0
2011-07-25 00:00:00-04:00,37.11356652538453,37.83711986295203,36.89758123329927,37.54553985595703,821400,0.0,0.0
2011-07-26 00:00:00-04:00,37.6463366093192,37.6643337834085,37.019975628722364,37.491546630859375,1079600,0.0,0.0
2011-07-27 00:00:00-04:00,37.40873910599548,37.50953203776291,36.35400836188388,36.472801208496094,1305600,0.0,0.0
2011-07-28 00:00:00-04:00,36.54479445087246,37.14235645466933,36.01563157247572,36.05522918701172,2652400,0.0,0.0
2011-07-29 00:00:00-04:00,33.99976571675507,35.29928058128763,33.65778927720508,34.77011489868164,4030800,0.0,0.0
2011-08-01 00:00:00-04:00,35.33167771388548,35.497266497875316,34.50733157986549,34.84210968017578,1953400,0.0,0.0
2011-08-02 00:00:00-04:00,34.366940414356684,34.96810022194431,33.43460029831473,33.47060012817383,2132200,0.0,0.0
2011-08-03 00:00:00-04:00,33.47779820595442,33.73338106699085,32.34387223356923,33.18621826171875,2893600,0.0,0.0
2011-08-04 00:00:00-04:00,32.81184538981674,32.84784247612669,30.853573134857207,30.88237190246582,2910200,0.0,0.0
2011-08-05 00:00:00-04:00,31.38993056690446,32.03428843868798,29.698043146798774,30.95796012878418,3735600,0.0,0.0
2011-08-08 00:00:00-04:00,30.108419614133805,30.112020146377496,27.674978887264817,28.103351593017578,3851800,0.0,0.0
2011-08-09 00:00:00-04:00,28.866498592761612,30.194809190158892,28.200540281776956,30.162412643432617,2240400,0.0,0.0
2011-08-10 00:00:00-04:00,28.790906093656833,30.104817410303358,28.632515640546046,29.075284957885742,3553600,0.0,0.0
2011-08-11 00:00:00-04:00,29.24087908348037,30.774376302769202,29.0212932980439,30.245210647583008,2297400,0.0,0.0
2011-08-12 00:00:00-04:00,29.63324986144952,31.051557408020773,29.63324986144952,30.579986572265625,3294000,0.0,0.0
2011-08-15 00:00:00-04:00,30.914769100277834,31.09115949575414,30.533195033920027,31.008363723754883,1285400,0.0,0.0
2011-08-16 00:00:00-04:00,30.486389244451896,30.885963098427982,30.054416100109766,30.2992000579834,1947200,0.0,0.0
2011-08-17 00:00:00-04:00,30.669985711421273,31.026364296129625,29.91403588158235,30.02922821044922,1576600,0.0,0.0
2011-08-18 00:00:00-04:00,28.92049246151921,28.93129405668866,27.599380198426978,27.865764617919922,3280600,0.0,0.0
2011-08-19 00:00:00-04:00,27.37980349996207,28.30134493114613,27.304208787201215,27.358205795288086,1814400,0.0,0.0
2011-08-22 00:00:00-04:00,28.08895458832223,28.164549293430785,26.83623840880673,26.947830200195312,1873000,0.0,0.0
2011-08-23 00:00:00-04:00,27.102617428280155,27.905363082885742,26.847034570969775,27.905363082885742,2170800,0.0,0.0
2011-08-24 00:00:00-04:00,27.901765714247457,28.15374804313727,27.476993540975055,28.096153259277344,2887600,0.0,0.0
2011-08-25 00:00:00-04:00,28.207741762803597,28.398528753418198,27.610179814598304,27.804567337036133,1969400,0.0,0.0
2011-08-26 00:00:00-04:00,27.541792587724256,28.744112334339206,27.045023443935793,28.456132888793945,1885200,0.0,0.0
2011-08-29 00:00:00-04:00,28.949305187474856,29.640459306073858,28.891710384126107,29.608062744140625,1499800,0.0,0.0
2011-08-30 00:00:00-04:00,29.388471672003583,30.191220214062312,29.352474583004046,29.874439239501953,1468800,0.0,0.0
2011-08-31 00:00:00-04:00,30.06163254107136,30.428807292509738,29.474869200467847,29.780851364135742,1644600,0.0,0.0
2011-09-01 00:00:00-04:00,29.795250991499987,29.874446253734362,29.096898512456615,29.147294998168945,1614800,0.0,0.0
2011-09-02 00:00:00-04:00,28.355339726366342,28.729715510703837,28.04576255007388,28.1573543548584,1210000,0.0,0.0
2011-09-06 00:00:00-04:00,27.1134159683843,27.552587512633966,26.56625317734622,26.933427810668945,4025200,0.0,0.0
2011-09-07 00:00:00-04:00,27.372605901807574,28.355339939995705,27.372605901807574,27.646188735961914,4427600,0.0,0.0
2011-09-08 00:00:00-04:00,27.559791036276007,27.934166804607678,27.03782637886848,27.185415267944336,2468000,0.0,0.0
2011-09-09 00:00:00-04:00,26.818238383326037,26.843436618259673,25.70591276731053,26.098285675048828,3376000,0.0,0.0
2011-09-12 00:00:00-04:00,25.641118674032093,26.07668976287458,25.381935241834487,25.92909812927246,2238200,0.0,0.0
2011-09-13 00:00:00-04:00,25.92546575183855,26.8138197654576,25.863825448246008,26.6397762298584,2339400,0.26,0.0
2011-09-14 00:00:00-04:00,26.72317293290765,27.441110169081934,26.052374680578385,26.962486267089844,2269600,0.0,0.0
2011-09-15 00:00:00-04:00,27.24168630718998,27.644165869727313,26.94073538871535,27.63691520690918,2068200,0.0,0.0
2011-09-16 00:00:00-04:00,27.756578717578105,27.95237709192141,27.230815626846287,27.64417266845703,1798200,0.0,0.0
2011-09-19 00:00:00-04:00,27.002371935830496,27.422979479888735,26.596265715384348,27.25981330871582,1576800,0.0,0.0
2011-09-20 00:00:00-04:00,27.335963348045833,27.393979719957034,26.49837203478122,26.538257598876953,2039000,0.0,0.0
2011-09-21 00:00:00-04:00,26.589022753455584,26.741311592834382,25.726047130896177,25.751428604125977,2593400,0.0,0.0
2011-09-22 00:00:00-04:00,24.979105477874146,24.979105477874146,23.528729185281083,24.15239143371582,3267200,0.0,0.0
2011-09-23 00:00:00-04:00,23.992838657823775,24.96459045930982,23.992838657823775,24.27566146850586,2399200,0.0,0.0
2011-09-26 00:00:00-04:00,24.631007642026535,25.660773153400772,24.351811511973548,25.653522491455078,3063600,0.0,0.0
2011-09-27 00:00:00-04:00,26.31706580202257,26.737673285528857,25.84206591412607,26.008861541748047,2449000,0.0,0.0
2011-09-28 00:00:00-04:00,26.08863400571544,26.19378658483171,24.964593296335018,25.22928810119629,2867600,0.0,0.0
2011-09-29 00:00:00-04:00,25.874707802699998,26.42947617453563,25.058871310854034,25.649898529052734,2680800,0.0,0.0
2011-09-30 00:00:00-04:00,25.25467620296995,25.48673617427755,24.736166599435425,24.848569869995117,2852400,0.0,0.0
2011-10-03 00:00:00-04:00,24.61650271426864,25.319935853080043,24.48596867270833,24.82318115234375,3589400,0.0,0.0
2011-10-04 00:00:00-04:00,24.33731489274089,26.077764763084776,24.083497384767494,25.961734771728516,3700000,0.0,2.0
2011-10-05 00:00:00-04:00,26.019744487411913,26.208292137692272,25.309060626551332,25.79493522644043,3731500,0.0,0.0
2011-10-06 00:00:00-04:00,25.736926239759274,26.30982272192607,25.25830221643599,26.04150390625,3359800,0.0,0.0
2011-10-07 00:00:00-04:00,26.34608102267018,26.425849377871998,25.454097359949074,25.72966957092285,2856500,0.0,0.0
2011-10-10 00:00:00-04:00,26.360587989499862,26.737686157226562,26.230053901964723,26.737686157226562,1360700,0.0,0.0
2011-10-11 00:00:00-04:00,26.55637588412428,27.114770809950326,26.389583025714707,26.8609561920166,1491400,0.0,0.0
2011-10-12 00:00:00-04:00,27.0857660575464,27.542635193934636,26.904469088576555,27.093019485473633,1559800,0.0,0.0
2011-10-13 00:00:00-04:00,26.88997382918101,27.085772165413612,26.570889321362007,26.940736770629883,1566500,0.0,0.0
2011-10-14 00:00:00-04:00,27.49187736524003,27.774700246693172,27.04951223625015,27.694929122924805,1407000,0.0,0.0
2011-10-17 00:00:00-04:00,27.557136305662542,27.71667850635539,26.955229105864557,27.00599479675293,1898400,0.0,0.0
2011-10-18 00:00:00-04:00,26.911726095064317,27.673172912715884,26.32432284159864,27.462867736816406,2240100,0.0,0.0
2011-10-19 00:00:00-04:00,27.535381268828246,27.535381268828246,26.121264525193087,26.20828628540039,1756400,0.0,0.0
2011-10-20 00:00:00-04:00,25.77318394722764,26.447609054678924,25.439598108334472,26.24455451965332,2456700,0.0,0.0
2011-10-21 00:00:00-04:00,26.715930555666972,27.223562794921744,26.49112124169572,27.165546417236328,1214700,0.0,0.0
2011-10-24 00:00:00-04:00,27.267069840728027,28.151800155639645,27.1582932919855,28.15180015563965,1229900,0.0,0.0
2011-10-25 00:00:00-04:00,28.093788526358342,28.202565082754752,26.737684772357056,26.80295181274414,1694100,0.0,0.0
2011-10-26 00:00:00-04:00,27.274314051608165,27.615153208483054,26.60713982606285,27.281564712524414,1525300,0.0,0.0
2011-10-27 00:00:00-04:00,28.73919984816054,29.667439558787525,28.15179660019484,29.043777465820312,2811000,0.0,0.0
2011-10-28 00:00:00-04:00,28.514395351165952,30.907515484289366,28.514395351165952,30.399883270263672,3419300,0.0,0.0
2011-10-31 00:00:00-04:00,29.884991286758655,29.935754216056697,28.48537848440477,28.492631912231445,1997600,0.0,0.0
2011-11-01 00:00:00-04:00,27.194557781459675,28.623179435485202,27.194557781459675,27.774707794189453,2983300,0.0,0.0
2011-11-02 00:00:00-04:00,28.362091245830136,28.601401747103687,27.716674638721695,28.246061325073242,1712800,0.0,0.0
2011-11-03 00:00:00-04:00,28.789968880388187,29.28309702266623,28.101039613996235,29.18882179260254,1463600,0.0,0.0
2011-11-04 00:00:00-04:00,28.862479551766675,29.159806497470242,28.325842023605343,28.876983642578125,1237800,0.0,0.0
2011-11-07 00:00:00-05:00,28.833467844565163,29.101789342209592,28.16629634705086,28.804462432861328,1300700,0.0,0.0
2011-11-08 00:00:00-05:00,29.09454109617891,30.2475900995186,29.02927406707015,30.08079719543457,2450300,0.0,0.0
2011-11-09 00:00:00-05:00,29.065528461762906,29.101787298625627,28.137286193120072,28.304079055786133,1900900,0.0,0.0
2011-11-10 00:00:00-05:00,28.86249104468261,29.188826301954325,28.572417412064965,28.920507431030273,1613700,0.0,0.0
2011-11-11 00:00:00-05:00,29.449879302721463,29.841481409262325,29.261328910814175,29.435375213623047,1403600,0.0,0.0
2011-11-14 00:00:00-05:00,29.24682908791471,29.544156013749355,28.993011665234423,29.333850860595703,1043200,0.0,0.0
2011-11-15 00:00:00-05:00,29.116313081964538,29.892264387770286,28.978525526296423,29.638446807861328,1295000,0.0,0.0
2011-11-16 00:00:00-05:00,29.283089737976873,29.696446641707535,28.826220562032077,28.91324234008789,1531600,0.0,0.0
2011-11-17 00:00:00-05:00,28.739203375866627,28.760958132263397,27.31058202319036,27.557146072387695,1547900,0.0,0.0
2011-11-18 00:00:00-05:00,27.818213767559307,27.868976709251196,27.267069305800472,27.412107467651367,1498100,0.0,0.0
2011-11-21 00:00:00-05:00,26.8827161275119,26.95523381337951,26.37508402732145,26.79569435119629,1622600,0.0,0.0
2011-11-22 00:00:00-05:00,26.8319596023681,27.143790705543307,26.592646202379807,26.824708938598633,1493000,0.0,0.0
2011-11-23 00:00:00-05:00,26.4258496185427,26.599895955051416,25.85295320327448,25.867454528808594,1031000,0.0,0.0
2011-11-25 00:00:00-05:00,25.773180767320927,26.08501181149112,25.67165489552087,25.7224178314209,463000,0.0,0.0
2011-11-28 00:00:00-05:00,26.773938036612233,26.969739116908656,26.186537562095477,26.51287269592285,1479000,0.0,0.0
2011-11-29 00:00:00-05:00,26.72317611607105,27.172794658144937,26.411345061498643,26.853710174560547,1314000,0.0,0.0
2011-11-30 00:00:00-05:00,27.985006070036377,28.768207700611203,27.977755406971063,28.731948852539062,1861600,0.0,0.0
2011-12-01 00:00:00-05:00,28.717440667847043,28.942249920055822,28.086527948902916,28.21706199645996,1508400,0.0,0.0
2011-12-02 00:00:00-05:00,28.637672766888468,28.775457478627718,27.781950782382225,27.861719131469727,1363700,0.0,0.0
2011-12-05 00:00:00-05:00,28.470864281975125,28.80445268420383,28.01399808057638,28.224300384521484,1570600,0.0,0.0
2011-12-06 00:00:00-05:00,28.304079055786133,28.601405944255525,27.926981066395594,28.304079055786133,991100,0.0,0.0
2011-12-07 00:00:00-05:00,28.25331356864206,28.586899263721655,27.84721020641357,28.398351669311523,1190500,0.0,0.0
2011-12-08 00:00:00-05:00,28.035759838511883,28.51438366904816,27.5571360079756,27.61515235900879,1731600,0.0,0.0
2011-12-09 00:00:00-05:00,27.209052983109952,28.035766826799126,26.947984871129673,27.919736862182617,1679300,0.0,0.0
2011-12-12 00:00:00-05:00,27.433864791318136,27.47012363992496,26.549134500172933,26.89722442626953,1884700,0.0,0.0
2011-12-13 00:00:00-05:00,27.09440333056169,27.561802405078907,26.437128344409135,26.63431167602539,1996300,0.26,0.0
2011-12-14 00:00:00-05:00,26.39331105746163,26.80958608519345,26.218038827838686,26.400615692138672,1340600,0.0,0.0
2011-12-15 00:00:00-05:00,26.91183343638865,26.984865866548105,26.21073882227198,26.44443702697754,1418900,0.0,0.0
2011-12-16 00:00:00-05:00,26.780363588797865,27.430339334576818,26.320272060329636,26.83148765563965,3924500,0.0,0.0
2011-12-19 00:00:00-05:00,26.802285955147642,26.999469315544474,26.057371966726958,26.145008087158203,1114000,0.0,0.0
2011-12-20 00:00:00-05:00,26.80958270188645,28.496593718046118,26.80958270188645,28.262895584106445,2394900,0.0,0.0
2011-12-21 00:00:00-05:00,28.22637176849433,28.29940136734012,27.64212383412552,28.182552337646484,1559800,0.0,0.0
2011-12-22 00:00:00-05:00,28.248287816729317,28.839837758408322,28.189861892952997,28.569622039794922,1217700,0.0,0.0
2011-12-23 00:00:00-05:00,28.803325653076175,28.912872888086028,28.518506185132843,28.803325653076172,959500,0.0,0.0
2011-12-27 00:00:00-05:00,28.737593203251798,28.978595966782137,28.59153396148955,28.759504318237305,839000,0.0,0.0
2011-12-28 00:00:00-05:00,28.766801913548044,28.84713615618285,28.03649466908772,28.146041870117188,932500,0.0,0.0
2011-12-29 00:00:00-05:00,28.233680269490655,28.781410747651417,28.15334602028287,28.730289459228516,929100,0.0,0.0
2011-12-30 00:00:00-05:00,28.679168386073183,28.869047060797595,28.52580451965332,28.52580451965332,1090700,0.0,0.0
2012-01-03 00:00:00-05:00,29.37296868225422,29.665090012112955,29.21230013999559,29.358362197875977,1466300,0.0,0.0
2012-01-04 00:00:00-05:00,29.23420522519627,29.526329308497104,29.131962631811497,29.278024673461914,1514100,0.0,0.0
2012-01-05 00:00:00-05:00,29.058934382683848,29.380268660839594,28.598839904720737,29.285327911376953,1846800,0.0,0.0
2012-01-06 00:00:00-05:00,29.329149179678314,30.475731735368143,29.110057486178082,30.176305770874023,2769300,0.0,0.0
2012-01-09 00:00:00-05:00,30.40269961159557,30.541457022747142,30.103273671604,30.271244049072266,1568300,0.0,0.0
2012-01-10 00:00:00-05:00,30.804368983480842,31.71725331137939,30.775156016371636,31.59309959411621,2523400,0.0,0.0
2012-01-11 00:00:00-05:00,31.43973224592345,32.9295599741991,31.293670212305955,32.652042388916016,3457200,0.0,0.0
2012-01-12 00:00:00-05:00,32.878441406836544,33.7255979289885,32.25767840895941,33.65987014770508,3375200,0.0,0.0
2012-01-13 00:00:00-05:00,33.40425427221617,33.54301164442997,32.60821927182959,33.0098876953125,3011300,0.0,0.0
2012-01-17 00:00:00-05:00,33.61604568604065,33.63065216702599,32.79810225217097,32.94416427612305,1297300,0.0,0.0
2012-01-18 00:00:00-05:00,32.9368682951452,33.645267486572266,32.8054127176453,33.645267486572266,1249300,0.0,0.0
2012-01-19 00:00:00-05:00,33.652569381587746,34.025024963573486,33.521113814792336,33.95929718017578,1008300,0.0,0.0
2012-01-20 00:00:00-05:00,33.878966745952596,33.9519991723801,33.32393423461463,33.58684539794922,1220100,0.0,0.0
2012-01-23 00:00:00-05:00,33.630656084966446,34.105357021637566,33.52111164366661,33.805931091308594,711300,0.0,0.0
2012-01-24 00:00:00-05:00,33.404277672165556,33.7767333984375,33.31663873641676,33.7767333984375,995300,0.0,0.0
2012-01-25 00:00:00-05:00,33.66717362600372,34.46320888856772,33.49920324034918,34.28063201904297,1294600,0.0,0.0
2012-01-26 00:00:00-05:00,34.49972156282098,34.79184284078915,33.98120121015716,34.41208267211914,1949300,0.0,0.0
2012-01-27 00:00:00-05:00,37.28950510665673,38.24620622959172,35.90191962494192,36.81480407714844,15500500,0.0,0.0
2012-01-30 00:00:00-05:00,36.37660988946989,37.23837278020235,35.98224325420559,36.719852447509766,3422600,0.0,0.0
2012-01-31 00:00:00-05:00,36.727157070295476,37.12882555310174,36.383911726454876,36.74906539916992,3436300,0.0,0.0
2012-02-01 00:00:00-05:00,37.1726536769769,38.5164196177885,37.14344070772181,38.297325134277344,3196600,0.0,0.0
2012-02-02 00:00:00-05:00,38.28272082192647,38.39226806989809,37.822629066611064,38.12205505371094,1952700,0.0,0.0
2012-02-03 00:00:00-05:00,39.655693065259705,39.82366344058614,39.10066064182896,39.19559860229492,2784600,0.0,0.0
2012-02-06 00:00:00-05:00,38.94728549895343,39.801743611734345,38.81582997607929,39.65568161010742,1969200,0.0,0.0
2012-02-07 00:00:00-05:00,39.51693671509431,39.75793672583924,39.12987465661514,39.568058013916016,1541300,0.0,0.0
2012-02-08 00:00:00-05:00,39.69221110115817,39.940515760032646,39.341663839082806,39.779850006103516,1748100,0.0,0.0
2012-02-09 00:00:00-05:00,39.77253288924765,40.04274858250758,39.44389406359444,39.82365417480469,1997600,0.0,0.0
2012-02-10 00:00:00-05:00,39.20291030904986,39.55345760591456,38.8596648620376,39.26133346557617,1604500,0.0,0.0
2012-02-13 00:00:00-05:00,39.74333405612123,39.896700753204776,39.509635871682235,39.59727478027344,1622100,0.0,0.0
2012-02-14 00:00:00-05:00,39.40008764910147,39.662998777942924,39.013022804572955,39.53884506225586,1355000,0.0,0.0
2012-02-15 00:00:00-05:00,39.88939177066909,39.88939177066909,39.00572043294402,39.14447784423828,1557500,0.0,0.0
2012-02-16 00:00:00-05:00,39.20289513626153,39.87477649873682,39.02762016271513,39.7944450378418,2072900,0.0,0.0
2012-02-17 00:00:00-05:00,40.093885192830335,40.13770186239771,39.61188232627389,39.88209533691406,1188500,0.0,0.0
2012-02-21 00:00:00-05:00,39.94782042856219,40.123092666795856,39.546151864549536,39.7214241027832,1421200,0.0,0.0
2012-02-22 00:00:00-05:00,39.56805199410685,39.71411401961949,39.02762333548051,39.385475158691406,1560700,0.0,0.0
2012-02-23 00:00:00-05:00,39.33436801586265,39.57536807662783,39.071456832553416,39.47312545776367,1596800,0.0,0.0
2012-02-24 00:00:00-05:00,39.5826667143699,39.82366673861363,39.21020833249048,39.29054260253906,1073600,0.0,0.0
2012-02-27 00:00:00-05:00,39.05684276662551,39.743330778563916,38.604052919853444,39.53154373168945,1603500,0.0,0.0
2012-02-28 00:00:00-05:00,39.575362023551754,40.16691209551958,39.283240698034625,40.137699127197266,2070200,0.0,0.0
2012-02-29 00:00:00-05:00,40.16691044411659,40.269153043139134,39.30514741535249,39.53154373168945,2109000,0.0,0.0
2012-03-01 00:00:00-05:00,39.68490213421134,39.88938730393701,39.027624394519535,39.283233642578125,1854400,0.0,0.0
2012-03-02 00:00:00-05:00,39.232101970495506,39.54613427572001,38.8450372769044,39.107948303222656,1109500,0.0,0.0
2012-03-05 00:00:00-05:00,38.976509641759925,39.02032909372546,38.0563234376995,38.15126419067383,1432700,0.0,0.0
2012-03-06 00:00:00-05:00,37.238381632561484,37.53780760401956,36.310890748800574,36.60301208496094,2653700,0.0,0.0
2012-03-07 00:00:00-05:00,36.690651461358414,37.50129047791785,36.654133856208006,37.369834899902344,1641700,0.0,0.0
2012-03-08 00:00:00-05:00,37.7934144455101,38.39226639356196,37.71308017195888,38.319236755371094,1554700,0.0,0.0
2012-03-09 00:00:00-05:00,38.341136322684704,38.38495576712088,37.793405803789206,38.03440856933594,2176500,0.0,0.0
2012-03-12 00:00:00-04:00,38.129355896216396,38.129355896216396,37.69117248771,37.749595642089844,1113400,0.0,0.0
2012-03-13 00:00:00-04:00,38.02851965898866,38.28541839477197,37.68353895666288,38.25605773925781,1933800,0.26,0.0
2012-03-14 00:00:00-04:00,38.24136529537293,38.54964648062546,37.69086577883694,37.81564712524414,2021300,0.0,0.0
2012-03-15 00:00:00-04:00,37.98447851473681,38.16797841094326,37.580779303079844,38.13127899169922,1873500,0.0,0.0
2012-03-16 00:00:00-04:00,38.285415535312836,38.490934508589696,37.92575453209232,38.18999481201172,1765000,0.0,0.0
2012-03-19 00:00:00-04:00,38.09457290000292,38.25605087639032,37.74959225956425,38.06521224975586,1342800,0.0,0.0
2012-03-20 00:00:00-04:00,37.70556197569897,37.98448263216325,37.53674238888774,37.793643951416016,1417600,0.0,0.0
2012-03-21 00:00:00-04:00,37.80831903832997,38.02117959924911,37.6762016832621,37.778961181640625,1372500,0.0,0.0
2012-03-22 00:00:00-04:00,37.50004104455708,37.74225946540394,37.052300824219074,37.30186080932617,1086600,0.0,0.0
2012-03-23 00:00:00-04:00,37.45598587202524,37.88904559980227,36.920166683417264,37.5954475402832,1102200,0.0,0.0
2012-03-26 00:00:00-04:00,38.07255143137123,38.47625057676163,37.92575097850588,38.11659240722656,1473700,0.0,0.0
2012-03-27 00:00:00-04:00,38.22668687788611,38.468905203502544,38.087225211635946,38.14594650268555,1922200,0.0,0.0
2012-03-28 00:00:00-04:00,38.05786818199751,38.101909154469055,36.99357128046447,37.52204895019531,2096300,0.0,0.0
2012-03-29 00:00:00-04:00,37.1110080820907,37.6541660321929,36.846767868533824,37.5954475402832,1781800,0.0,0.0
2012-03-30 00:00:00-04:00,37.90373027584352,38.05053072245506,37.48535082299129,37.9404296875,2303600,0.0,0.0
2012-04-02 00:00:00-04:00,37.9037351193039,38.82123452788499,37.6468364048956,38.762516021728516,3314100,0.0,0.0
2012-04-03 00:00:00-04:00,38.696456109668986,39.18089568737032,38.674434219783016,39.15153503417969,2979900,0.0,0.0
2012-04-04 00:00:00-04:00,38.67443406251482,38.85059518095622,38.43221567464212,38.762516021728516,1942100,0.0,0.0
2012-04-05 00:00:00-04:00,38.55697431726322,39.48181481098663,38.16795566513288,38.22667694091797,2350900,0.0,0.0
2012-04-09 00:00:00-04:00,37.91840744018555,38.03584722768961,37.4559870518947,37.91840744018555,2670100,0.0,0.0
2012-04-10 00:00:00-04:00,37.91841012456607,38.072549331579964,36.479771925798616,36.6339111328125,2609800,0.0,0.0
2012-04-11 00:00:00-04:00,37.21377379017085,37.558751638018414,36.92751444409031,37.37525177001953,2306700,0.0,0.0
2012-04-12 00:00:00-04:00,37.38994122070324,38.96804159063307,37.38994122070324,38.73316192626953,1998500,0.0,0.0
2012-04-13 00:00:00-04:00,38.49093216617566,38.8359128217413,38.167973399253796,38.27073287963867,1514800,0.0,0.0
2012-04-16 00:00:00-04:00,38.58635109266807,38.73315154354087,37.99181052662679,38.49827194213867,1325100,0.0,0.0
2012-04-17 00:00:00-04:00,38.945994614832394,39.59925338866085,38.887273340788084,39.3056526184082,1513500,0.0,0.0
2012-04-18 00:00:00-04:00,38.953358249614624,39.136858148208994,38.64507976396947,38.83591842651367,1146800,0.0,0.0
2012-04-19 00:00:00-04:00,38.88728340429401,39.1808842505266,38.38816364568971,38.71846389770508,1086600,0.0,0.0
2012-04-20 00:00:00-04:00,38.88728412365777,39.10748336241302,38.696445530065944,38.72580337524414,1099600,0.0,0.0
2012-04-23 00:00:00-04:00,38.167967939596004,38.3808284327941,37.654167811181274,38.32944869995117,1379700,0.0,0.0
2012-04-24 00:00:00-04:00,38.16063463530497,38.52763437951839,37.54407495302699,38.006492614746094,1710300,0.0,0.0
2012-04-25 00:00:00-04:00,38.571661756650606,39.63596127685959,38.520282030846076,39.577239990234375,2257400,0.0,0.0
2012-04-26 00:00:00-04:00,39.14419400879678,39.914892910604294,38.73315328783938,39.79011154174805,1854700,0.0,0.0
2012-04-27 00:00:00-04:00,38.93134149822842,40.758999030110026,38.87996174753208,39.67267990112305,3064300,0.0,0.0
2012-04-30 00:00:00-04:00,39.680012701593206,39.73139244094158,39.01941205284864,39.61395263671875,1475800,0.0,0.0
2012-05-01 00:00:00-04:00,39.6286316658859,40.5975107190261,39.254290377181086,39.9222297668457,2415800,0.0,0.0
2012-05-02 00:00:00-04:00,39.63596113873259,39.78276155479898,39.16620204730818,39.71670150756836,2387100,0.0,0.0
2012-05-03 00:00:00-04:00,39.69469867842145,39.89287610127339,38.652417817567546,38.82857894897461,2116000,0.0,0.0
2012-05-04 00:00:00-04:00,38.57902381659033,38.60838167551729,37.184423318050605,37.22112274169922,2107900,0.0,0.0
2012-05-07 00:00:00-04:00,37.03760717250445,37.8670272364109,36.978888679476626,37.602787017822266,2103900,0.0,0.0
2012-05-08 00:00:00-04:00,37.27248989632919,37.30919210755864,36.3916928265345,37.162391662597656,2687700,0.0,0.0
2012-05-09 00:00:00-04:00,36.553170644896404,37.32386947777355,36.23755066953001,36.802730560302734,2284900,0.0,0.0
2012-05-10 00:00:00-04:00,37.338552824707584,37.463334192504405,36.60455334350641,36.699974060058594,1376600,0.0,0.0
2012-05-11 00:00:00-04:00,36.34764810675766,36.81740724222702,36.27424649184976,36.465087890625,1165700,0.0,0.0
2012-05-14 00:00:00-04:00,35.85587635604059,35.87789824619857,35.37877833573697,35.41547775268555,1724200,0.0,0.0
2012-05-15 00:00:00-04:00,35.444832851151844,35.62833270712179,34.571371744744106,34.68147277832031,1646500,0.0,0.0
2012-05-16 00:00:00-04:00,34.7768939128644,35.34207381216425,33.98417318138337,34.006195068359375,1813800,0.0,0.0
2012-05-17 00:00:00-04:00,34.064909715873,34.08692880037406,32.604249777620765,32.61159133911133,2295600,0.0,0.0
2012-05-18 00:00:00-04:00,32.70702858202979,33.029987451336524,32.29598773019571,32.47214889526367,1985400,0.0,0.0
2012-05-21 00:00:00-04:00,32.50150058119129,33.75664199386891,32.384060760120505,33.66856002807617,2234300,0.0,0.0
2012-05-22 00:00:00-04:00,33.859397594550146,34.079596883743655,33.1547559491507,33.37495803833008,1741400,0.0,0.0
2012-05-23 00:00:00-04:00,32.87583391540232,33.94013360920024,32.29597371533501,33.75663375854492,2137600,0.0,0.0
2012-05-24 00:00:00-04:00,33.83003500349321,34.50531315831053,33.68323455245031,34.49797439575195,3226600,0.0,0.0
2012-05-25 00:00:00-04:00,35.14388627194022,35.31270577015729,34.6814659420504,34.95304489135742,3063900,0.0,0.0
2012-05-29 00:00:00-04:00,35.437492540436224,36.55317204013326,35.327394302957366,36.32563400268555,3372600,0.0,0.0
2012-05-30 00:00:00-04:00,35.56227850448424,35.81183846170815,34.77689921557082,34.8135986328125,3060900,0.0,0.0
2012-05-31 00:00:00-04:00,34.89433749681018,34.89433749681018,33.36761716679227,34.175018310546875,3433000,0.0,0.0
2012-06-01 00:00:00-04:00,33.22080947120185,33.22080947120185,31.60601313525043,32.00971221923828,3918400,0.0,0.0
2012-06-04 00:00:00-04:00,32.00971289070996,32.24459246450219,30.490334422747903,31.752811431884766,4179400,0.0,0.0
2012-06-05 00:00:00-04:00,31.517938095764237,32.93455738055154,31.488580243219072,32.853816986083984,2823700,0.0,0.0
2012-06-06 00:00:00-04:00,33.40430497273581,34.123626708984375,33.36026680928158,34.123626708984375,2563900,0.0,0.0
2012-06-07 00:00:00-04:00,34.51998034095211,35.173239159399024,34.49796126167379,34.725502014160156,3323700,0.0,0.0
2012-06-08 00:00:00-04:00,34.48329034072839,35.04847019611956,33.99151210291196,35.026451110839844,1456100,0.0,0.0
2012-06-11 00:00:00-04:00,35.57695583432314,35.57695583432314,33.59515667037539,33.661216735839844,1697800,0.0,0.0
2012-06-12 00:00:00-04:00,33.92545200649429,34.79891025469802,33.56579108077192,34.762210845947266,2080600,0.0,0.0
2012-06-13 00:00:00-04:00,34.66626770114468,34.66626770114468,33.69204028796685,33.89131164550781,1593200,0.26,0.0
2012-06-14 00:00:00-04:00,33.90607392018353,34.695788544297415,33.891312557108996,34.496517181396484,1758000,0.0,0.0
2012-06-15 00:00:00-04:00,34.68841027970687,35.09433792201926,34.348907365441406,34.95410919189453,1497000,0.0,0.0
2012-06-18 00:00:00-04:00,34.79172780224149,35.39692946854677,34.57031303915639,35.26408004760742,892400,0.0,0.0
2012-06-19 00:00:00-04:00,35.70690539321115,36.58518500139315,35.6035787117122,36.40805435180664,1668200,0.0,0.0
2012-06-20 00:00:00-04:00,36.31951038909563,36.67377473953969,35.7364490805669,36.164520263671875,1544100,0.0,0.0
2012-06-21 00:00:00-04:00,36.15712136738057,36.393297472848424,34.267709708196456,34.3931770324707,1590100,0.0,0.0
2012-06-22 00:00:00-04:00,34.688413362821535,34.81388074059383,34.23820158998221,34.681034088134766,2434000,0.0,0.0
2012-06-25 00:00:00-04:00,34.142259468633405,34.142259468633405,33.52967821785253,33.832279205322266,2145800,0.0,0.0
2012-06-26 00:00:00-04:00,34.142248437672116,35.145998554377044,34.03154244316148,34.806495666503906,2597900,0.0,0.0
2012-06-27 00:00:00-04:00,35.10171750712227,35.670017291990526,34.86554133879286,35.59621047973633,2931300,0.0,0.0
2012-06-28 00:00:00-04:00,35.10171854351538,35.62573425650291,34.80649691666608,35.52240753173828,3033200,0.0,0.0
2012-06-29 00:00:00-04:00,36.58520718653145,37.38230403935016,36.34165169179859,37.1756477355957,2532800,0.0,0.0
2012-07-02 00:00:00-04:00,37.42657283393815,37.54466090435229,36.58519498030718,36.69590377807617,4389000,0.0,0.0
2012-07-03 00:00:00-04:00,37.82512039646466,37.82512039646466,36.983742559092015,37.55942153930664,1283600,0.0,0.0
2012-07-05 00:00:00-04:00,37.52253066719774,37.6332394956404,36.976371430559055,37.094459533691406,1837000,0.0,0.0
2012-07-06 00:00:00-04:00,36.585207796323445,37.116605707059776,36.35641084799137,37.01327896118164,2192200,0.0,0.0
2012-07-09 00:00:00-04:00,37.153499863762555,37.17564050021748,36.297360530386435,36.45235061645508,1563500,0.0,0.0
2012-07-10 00:00:00-04:00,36.68114553931409,37.21254049368446,35.72905880688104,36.04642105102539,1603300,0.0,0.0
2012-07-11 00:00:00-04:00,36.13499622882009,36.14237831954163,34.740079519373545,35.035301208496094,2046700,0.0,0.0
2012-07-12 00:00:00-04:00,34.577698021140804,35.32313131900047,34.08320506244188,35.06481170654297,2435300,0.0,0.0
2012-07-13 00:00:00-04:00,35.537161601316335,36.16450391031873,35.52977951366698,36.00951385498047,1471000,0.0,0.0
2012-07-16 00:00:00-04:00,35.79548323829564,35.884048594066655,35.241944837703436,35.861907958984375,1006600,0.0,0.0
2012-07-17 00:00:00-04:00,36.02427937204194,36.260455526128744,35.31574809433967,36.12022399902344,1282300,0.0,0.0
2012-07-18 00:00:00-04:00,35.869289109526584,37.05017278186023,35.5445475777419,36.87303924560547,1656500,0.0,0.0
2012-07-19 00:00:00-04:00,37.02802118117205,37.271579387990606,36.651616370701426,36.78446578979492,1370600,0.0,0.0
2012-07-20 00:00:00-04:00,36.40807427393975,36.40807427393975,36.039048600692965,36.304744720458984,1413000,0.0,0.0
2012-07-23 00:00:00-04:00,35.345269290963294,35.677392873129634,35.205040585356045,35.574066162109375,1207700,0.0,0.0
2012-07-24 00:00:00-04:00,35.559310639717,36.14237182242687,34.93934745636115,35.37479782104492,1670000,0.0,0.0
2012-07-25 00:00:00-04:00,35.6405024500362,35.780731201171875,35.05006189861936,35.780731201171875,1341900,0.0,0.0
2012-07-26 00:00:00-04:00,36.703290873550614,36.99851252022947,36.16451376148765,36.5999641418457,1866200,0.0,0.0
2012-07-27 00:00:00-04:00,36.97636871984396,38.415569306879334,36.92470535447612,38.18677520751953,3050000,0.0,0.0
2012-07-30 00:00:00-04:00,37.884160300422295,38.201519649590516,37.35276266378487,37.640602111816406,2657300,0.0,0.0
2012-07-31 00:00:00-04:00,37.6406073511874,39.042905613976906,37.16087299406425,38.58531188964844,3441900,0.0,0.0
2012-08-01 00:00:00-04:00,38.8214940252754,39.463600629993735,38.267955596309825,38.3639030456543,1902700,0.0,0.0
2012-08-02 00:00:00-04:00,37.85464742186778,39.11671432143831,37.802984062150294,38.91006088256836,2921000,0.0,0.0
2012-08-03 00:00:00-04:00,39.69977362910689,39.78095970933914,39.0871897985849,39.24217987060547,1565400,0.0,0.0
2012-08-06 00:00:00-04:00,39.566919285322,40.29020901384012,39.470971855541,40.06879425048828,1410100,0.0,0.0
2012-08-07 00:00:00-04:00,40.275449545100706,40.740422540778425,40.06879613166243,40.496864318847656,1714900,0.0,0.0
2012-08-08 00:00:00-04:00,40.253313635465105,40.58543724277593,39.89904939281421,40.14260482788086,1233400,0.0,0.0
2012-08-09 00:00:00-04:00,40.01714455080316,40.41569013461773,39.77358625722085,40.35664749145508,1064100,0.0,0.0
2012-08-10 00:00:00-04:00,39.92857062713048,40.29021697052979,39.70715582005268,40.25331497192383,764400,0.0,0.0
2012-08-13 00:00:00-04:00,40.05403947107862,40.20165027604364,39.662873231046945,40.14260482788086,887000,0.0,0.0
2012-08-14 00:00:00-04:00,40.37140101185533,40.393541646809055,39.37503020730985,39.49311828613281,1189500,0.0,0.0
2012-08-15 00:00:00-04:00,39.48574213580322,39.972855851402926,39.27170659618342,39.803104400634766,1068900,0.0,0.0
2012-08-16 00:00:00-04:00,39.8104918215123,40.51902331092743,39.60383832879767,40.452598571777344,980900,0.0,0.0
2012-08-17 00:00:00-04:00,40.459967598741045,41.493240431476885,40.38616360302076,41.1168327331543,1786900,0.0,0.0
2012-08-20 00:00:00-04:00,40.88804506918224,41.33087474383205,40.710911510056874,40.98398971557617,1377100,0.0,0.0
2012-08-21 00:00:00-04:00,41.21278104805616,41.330869132961226,40.93232079061587,41.13897705078125,1884400,0.0,0.0
2012-08-22 00:00:00-04:00,40.90280895985121,41.30873949930747,40.769962292461535,41.27921676635742,1436800,0.0,0.0
2012-08-23 00:00:00-04:00,41.20539059671125,41.471086604090715,40.98397303406646,41.020877838134766,1527400,0.0,0.0
2012-08-24 00:00:00-04:00,40.917570205222916,40.924952296159965,40.275466250395,40.7921028137207,1341700,0.0,0.0
2012-08-27 00:00:00-04:00,40.98398174625043,41.205399355963145,40.56329279250326,40.87327575683594,1238800,0.0,0.0
2012-08-28 00:00:00-04:00,40.76995827549294,41.330876069064104,40.76257618526137,41.09469985961914,1444700,0.0,0.0
2012-08-29 00:00:00-04:00,41.124223152898345,41.161125158234064,40.42307378974955,40.65187072753906,1324400,0.0,0.0
2012-08-30 00:00:00-04:00,40.408318714988965,40.71829898659543,40.253328579185734,40.26070785522461,1814000,0.0,0.0
2012-08-31 00:00:00-04:00,40.777334470885386,40.89542256669017,40.26808008562269,40.78471374511719,1785700,0.0,0.0
2012-09-04 00:00:00-04:00,40.799471308352956,40.82899403341454,39.99499535079803,40.25331497192383,1354800,0.0,0.0
2012-09-05 00:00:00-04:00,40.223786756903955,40.77732510676961,39.980228531551084,40.6370964050293,1320100,0.0,0.0
2012-09-06 00:00:00-04:00,40.991359157504924,41.847498328986774,40.92493444525885,41.83273696899414,1286800,0.0,0.0
2012-09-07 00:00:00-04:00,41.80322575017646,42.430571052975566,41.55228819214528,42.342002868652344,1362500,0.0,0.0
2012-09-10 00:00:00-04:00,42.12795981504911,42.8733902169043,42.024630291968315,42.19438171386719,1464200,0.0,0.0
2012-09-11 00:00:00-04:00,42.091067103626344,42.3346253977269,41.67776015428106,41.72942352294922,1201400,0.0,0.0
2012-09-12 00:00:00-04:00,41.75907955634252,42.12981002316264,41.55147140002693,41.78132247924805,1156300,0.26,0.0
2012-09-13 00:00:00-04:00,41.79615390650593,43.50151356445429,41.53664369950585,43.13078308105469,1375600,0.0,0.0
2012-09-14 00:00:00-04:00,43.286480933551715,44.16140487628993,43.123358657582365,43.4792594909668,1834700,0.0,0.0
2012-09-17 00:00:00-04:00,43.419952807917035,43.419952807917035,42.634003208783064,42.834197998046875,696900,0.0,0.0
2012-09-18 00:00:00-04:00,42.789703718255616,42.849021942169244,42.40414374816282,42.67107009887695,1638400,0.0,0.0
2012-09-19 00:00:00-04:00,42.937994481614425,43.33838398933458,42.34482641190778,43.12335968017578,1574500,0.0,0.0
2012-09-20 00:00:00-04:00,42.70073280900364,42.70073280900364,41.848051653310065,42.53019714355469,1431600,0.0,0.0
2012-09-21 00:00:00-04:00,42.87867916410962,43.00472614169726,42.24843579082601,42.396728515625,2192500,0.0,0.0
2012-09-24 00:00:00-04:00,42.05566191922735,42.263270060032674,41.79614891477191,42.011173248291016,1052500,0.0,0.0
2012-09-25 00:00:00-04:00,42.30033808406006,42.315167639477295,41.52180480957031,41.52180480957031,1472900,0.0,0.0
2012-09-26 00:00:00-04:00,41.581116106888864,41.885114871197196,40.71360564435903,41.025020599365234,1245200,0.0,0.0
2012-09-27 00:00:00-04:00,41.336437695273155,41.90736282437952,40.99536642181689,41.796142578125,995400,0.0,0.0
2012-09-28 00:00:00-04:00,41.566293968130694,42.44863131254296,41.27712187674238,42.27067947387695,1554200,0.0,0.0
2012-10-01 00:00:00-04:00,42.389321781840295,43.10112645400693,42.18912981140963,42.38190841674805,1531100,0.0,0.0
2012-10-02 00:00:00-04:00,42.47087493097227,42.57467899338298,41.67751207860638,42.03341293334961,1147300,0.0,0.0
2012-10-03 00:00:00-04:00,42.0779013675926,42.19653498518267,41.75907298998518,41.89253616333008,1463100,0.0,0.0
2012-10-04 00:00:00-04:00,42.26327600893767,42.67107898368495,41.98893623733665,42.63400650024414,1037100,0.0,0.0
2012-10-05 00:00:00-04:00,42.982484453617054,44.079846123031935,42.88609375547056,43.84257888793945,2173100,0.0,0.0
2012-10-08 00:00:00-04:00,43.36063312519859,43.40512179747365,41.90737043893329,42.26327133178711,2949800,0.0,0.0
2012-10-09 00:00:00-04:00,42.24101183846843,42.61915550488728,41.633014364808155,41.75164794921875,1705000,0.0,0.0
2012-10-10 00:00:00-04:00,41.796151451954024,41.87029924134897,41.03986097081941,41.18074035644531,1051200,0.0,0.0
2012-10-11 00:00:00-04:00,41.53663718749241,41.78873398981898,40.51342042176119,40.57273864746094,1638100,0.0,0.0
2012-10-12 00:00:00-04:00,40.49116946986881,40.9731172300652,39.98697596522314,40.2242431640625,1233800,0.0,0.0
2012-10-15 00:00:00-04:00,40.29098617537454,41.336445950859215,40.15010961997197,41.26971435546875,1172400,0.0,0.0
2012-10-16 00:00:00-04:00,41.469895220769125,42.68589025884804,41.21038511939179,42.4263801574707,2151700,0.0,0.0
2012-10-17 00:00:00-04:00,42.54502640540632,42.90834065539945,42.30775914830298,42.760047912597656,1138600,0.0,0.0
2012-10-18 00:00:00-04:00,42.69331299529461,43.16043124939378,42.29292349596812,43.04179763793945,1126800,0.0,0.0
2012-10-19 00:00:00-04:00,42.70814128797118,42.81194817669274,41.306780817388,41.58112335205078,1462800,0.0,0.0
2012-10-22 00:00:00-04:00,41.44766347203019,41.670101165771484,41.09175976790564,41.670101165771484,1570200,0.0,0.0
2012-10-23 00:00:00-04:00,40.93605066529607,40.93605066529607,40.157517380028885,40.239078521728516,1602300,0.0,0.0
2012-10-24 00:00:00-04:00,40.63947979161554,41.07694190942949,40.26133308499789,40.379966735839844,1031800,0.0,0.0
2012-10-25 00:00:00-04:00,40.750688917451484,40.84707962294546,39.24552424976676,39.77937698364258,2685300,0.0,0.0
2012-10-26 00:00:00-04:00,42.774872770034406,45.3922313318369,42.56726464999116,44.62852478027344,7007300,0.0,0.0
2012-10-31 00:00:00-04:00,44.873205992867106,45.58500765090856,43.70911281405505,43.924137115478516,2354900,0.0,0.0
2012-11-01 00:00:00-04:00,43.76101542382405,44.984424009528254,43.37545548014231,44.962181091308594,1432100,0.0,0.0
2012-11-02 00:00:00-04:00,45.22911586702441,45.22911586702441,43.82033899552441,43.968631744384766,1445400,0.0,0.0
2012-11-05 00:00:00-05:00,43.60531651484867,44.57662848291984,43.56824120711711,44.532142639160156,1108000,0.0,0.0
2012-11-06 00:00:00-05:00,44.079855368774055,45.02151114300573,44.079855368774055,44.84355926513672,1279400,0.0,0.0
2012-11-07 00:00:00-05:00,44.09467485014977,44.776817431109635,43.709114893257826,44.51730728149414,1721500,0.0,0.0
2012-11-08 00:00:00-05:00,44.369013110642975,44.53954875033054,43.03438427466974,43.04179763793945,1127200,0.0,0.0
2012-11-09 00:00:00-05:00,42.923164894188524,43.64238276917177,42.61175271849379,42.6562385559082,1151000,0.0,0.0
2012-11-12 00:00:00-05:00,42.834182957541366,42.945400360225385,42.08530610194166,42.4263801574707,912200,0.0,0.0
2012-11-13 00:00:00-05:00,42.14463173200125,42.975067031047764,42.14463173200125,42.396728515625,1467300,0.0,0.0
2012-11-14 00:00:00-05:00,42.51536140964563,42.55985007486631,41.01761028859691,41.15107345581055,1790600,0.0,0.0
2012-11-15 00:00:00-05:00,41.2029771065224,41.53663503769275,40.520834516972826,40.81741714477539,1437400,0.0,0.0
2012-11-16 00:00:00-05:00,41.22521102477149,41.551455521105964,40.54306858415924,41.29194259643555,1208000,0.0,0.0
2012-11-19 00:00:00-05:00,42.04825794941687,43.33840149711131,41.97411297141875,43.279083251953125,2178400,0.0,0.0
2012-11-20 00:00:00-05:00,43.13076782058043,43.93154673904857,42.93057591941152,43.486671447753906,1578200,0.0,0.0
2012-11-21 00:00:00-05:00,43.52374335288222,43.849985040371145,43.27905996592946,43.83515548706055,1540200,0.0,0.0
2012-11-23 00:00:00-05:00,44.191068894075684,44.55438598276221,43.73878011702766,44.52472686767578,478900,0.0,0.0
2012-11-26 00:00:00-05:00,44.05017502814431,44.19846771684777,43.46442046341189,43.931541442871094,1515800,0.0,0.0
2012-11-27 00:00:00-05:00,44.2874557725029,44.62111371723771,43.738776333115574,43.7684326171875,1644800,0.0,0.0
2012-11-28 00:00:00-05:00,43.52375863954386,44.50990023924822,43.019564963690065,44.44316864013672,2215400,0.0,0.0
2012-11-29 00:00:00-05:00,44.80648063058096,45.14013858799564,44.45799311634243,44.947357177734375,1786900,0.0,0.0
2012-11-30 00:00:00-05:00,44.88061458080004,45.19944290320902,44.72490851500442,45.117881774902344,1496600,0.0,0.0
2012-12-03 00:00:00-05:00,45.48861649651492,45.80003148652103,44.443156938009324,44.48023223876953,1815900,0.0,0.0
2012-12-04 00:00:00-05:00,44.48024484868146,45.02892438272096,44.08726861111356,44.23556137084961,951100,0.0,0.0
2012-12-05 00:00:00-05:00,44.18365351773466,44.84355324189189,43.98345874268998,44.68784713745117,1375900,0.0,0.0
2012-12-06 00:00:00-05:00,44.48764132090212,45.14012751890748,44.205885467237614,45.117881774902344,1282500,0.0,0.0
2012-12-07 00:00:00-05:00,45.25877063783618,45.93349989335317,45.19945241260676,45.859352111816406,1506300,0.0,0.0
2012-12-10 00:00:00-05:00,45.74072637537291,46.749113750526746,45.59243644363193,46.49701690673828,2358500,0.0,0.0
2012-12-11 00:00:00-05:00,47.08276825266061,47.54247605790997,45.77038208951115,46.089210510253906,2203300,0.0,0.0
2012-12-12 00:00:00-05:00,46.3783688427524,47.52021623572166,45.74812834348142,47.19397735595703,3646600,0.0,0.0
2012-12-13 00:00:00-05:00,47.6111785895218,48.15500801619469,46.83640673158627,47.49943161010742,3187400,0.3,0.0
2012-12-14 00:00:00-05:00,47.43237572664122,48.47533787998,47.43237572664122,48.18479919433594,2007200,0.0,0.0
2012-12-17 00:00:00-05:00,48.542378741520416,48.99680643714843,48.19968661639446,48.98936080932617,2498600,0.0,0.0
2012-12-18 00:00:00-05:00,49.086219787046176,49.51830504459305,48.832931956979635,49.45870590209961,1767900,0.0,0.0
2012-12-19 00:00:00-05:00,49.65237948399868,49.65237948399868,48.90740756581021,48.96700668334961,1396100,0.0,0.0
2012-12-20 00:00:00-05:00,48.937228301558115,50.03978403473095,48.512594351783,49.652400970458984,2389500,0.0,0.0
2012-12-21 00:00:00-05:00,48.57218328912154,49.42890242274514,48.57218328912154,49.16816329956055,6545900,0.0,0.0
2012-12-24 00:00:00-05:00,48.929764818449854,49.95037858031682,48.79566962115117,49.70453643798828,481600,0.0,0.0
2012-12-26 00:00:00-05:00,49.90568648161587,50.129180416859754,49.58534820573263,49.68964385986328,950700,0.0,0.0
2012-12-27 00:00:00-05:00,49.831180323302114,50.136621594138006,48.922313506465,49.70453643798828,1072500,0.0,0.0
2012-12-28 00:00:00-05:00,49.279917539137955,49.75669934442084,49.03407532225188,49.205421447753906,742800,0.0,0.0
2012-12-31 00:00:00-05:00,49.212855867512744,50.82199835654179,49.19795892610447,50.69535446166992,1511100,0.0,0.0
2013-01-02 00:00:00-05:00,52.06609731493722,52.46838291321362,51.73086215821645,51.98414993286133,2208200,0.0,0.0
2013-01-03 00:00:00-05:00,52.081004816727365,52.12570132615991,51.17958352947109,51.31367874145508,1308200,0.0,0.0
2013-01-04 00:00:00-05:00,51.276428228251355,52.35663544123705,51.25407997585225,52.267242431640625,2678500,0.0,0.0
2013-01-07 00:00:00-05:00,52.058647888228045,52.46093350107391,51.954352249751636,52.252342224121094,1179900,0.0,0.0
2013-01-08 00:00:00-05:00,52.155502283192504,52.446040969617236,51.6936174999008,51.783016204833984,1590800,0.0,0.0
2013-01-09 00:00:00-05:00,52.051209581002716,52.61738435988754,51.78301913471545,52.58013916015625,1211600,0.0,0.0
2013-01-10 00:00:00-05:00,52.982431004424065,53.042024467676804,52.10336347996197,53.019676208496094,1547100,0.0,0.0
2013-01-11 00:00:00-05:00,53.079282322447526,53.25062847146912,52.423708671119094,52.53544998168945,1021300,0.0,0.0
2013-01-14 00:00:00-05:00,52.446034630753125,52.699322405253895,52.17784423205477,52.520530700683594,877700,0.0,0.0
2013-01-15 00:00:00-05:00,52.185309734377014,52.460945836439286,51.99161535293978,52.28215408325195,1230600,0.0,0.0
2013-01-16 00:00:00-05:00,52.066104821685336,52.21509698311233,51.82771395319017,52.14805221557617,712600,0.0,0.0
2013-01-17 00:00:00-05:00,52.51308276853237,53.645443565627666,52.483283201905,53.28040313720703,1501400,0.0,0.0
2013-01-18 00:00:00-05:00,53.71993615278338,53.71993615278338,52.758921505264254,53.05691146850586,1200800,0.0,0.0
2013-01-22 00:00:00-05:00,53.15377417780415,53.51136339412754,52.974982411486344,53.235721588134766,894500,0.0,0.0
2013-01-23 00:00:00-05:00,53.11651490235429,53.332551817433725,52.49818667316481,52.855770111083984,1413000,0.0,0.0
2013-01-24 00:00:00-05:00,53.01965623362644,53.6528813011616,52.81106498160877,53.07180404663086,920300,0.0,0.0
2013-01-25 00:00:00-05:00,53.24315740259331,53.585843889809034,52.773821337572066,53.56349563598633,979300,0.0,0.0
2013-01-28 00:00:00-05:00,53.54858966430079,53.58584054080127,52.87066804474102,53.36234664916992,1183600,0.0,0.0
2013-01-29 00:00:00-05:00,53.25804974469638,54.032821351197654,53.10905760962083,53.98812484741211,1006300,0.0,0.0
2013-01-30 00:00:00-05:00,53.82423076053144,54.17436853438412,53.131406524778555,53.272953033447266,1507900,0.0,0.0
2013-01-31 00:00:00-05:00,52.967502243411815,53.95831625862972,52.73656276756579,53.00475311279297,2130700,0.0,0.0
2013-02-01 00:00:00-05:00,53.734826113958206,55.35886523481712,52.967505894762105,54.75543975830078,2824700,0.0,0.0
2013-02-04 00:00:00-05:00,54.32336645345066,54.45001035169427,53.474098678414485,53.995582580566406,1676700,0.0,0.0
2013-02-05 00:00:00-05:00,54.397859480620355,54.60645644000017,54.055173001453916,54.29356384277344,1423200,0.0,0.0
2013-02-06 00:00:00-05:00,54.062635784151226,54.38297407798548,53.749748804225824,54.21162796020508,1086600,0.0,0.0
2013-02-07 00:00:00-05:00,54.33081130503439,54.40530737257217,53.317648872200856,53.98812484741211,965800,0.0,0.0
2013-02-08 00:00:00-05:00,54.01793254660622,54.62135817333324,53.97323035240262,54.61390686035156,911100,0.0,0.0
2013-02-11 00:00:00-05:00,54.63625615542345,55.329080500056726,54.509612250757066,55.22478485107422,1033900,0.0,0.0
2013-02-12 00:00:00-05:00,55.20242283427766,55.39611714139728,54.65859646924877,55.07577896118164,991200,0.0,0.0
2013-02-13 00:00:00-05:00,55.32162431001033,56.006997210686,55.22477430895288,55.709007263183594,1411700,0.0,0.0
2013-02-14 00:00:00-05:00,55.44826576415378,55.53766444959818,54.94913589204773,55.18752670288086,1904100,0.0,0.0
2013-02-15 00:00:00-05:00,55.232235901998074,55.65686980903576,54.420218969676725,54.72565460205078,2525800,0.0,0.0
2013-02-19 00:00:00-05:00,54.97893069213202,55.10557455611234,54.5989934165063,54.70328903198242,1105700,0.0,0.0
2013-02-20 00:00:00-05:00,54.61390815404043,54.688409918249064,52.297044242580114,52.311946868896484,1976600,0.0,0.0
2013-02-21 00:00:00-05:00,52.25233985759517,52.30448767447158,50.11426799829076,51.194480895996094,3844400,0.0,0.0
2013-02-22 00:00:00-05:00,51.596772361178374,53.436854468969486,51.58932104829516,53.40705490112305,2124700,0.0,0.0
2013-02-25 00:00:00-05:00,53.474101661760976,53.474101661760976,50.61341124597375,50.65810775756836,2332400,0.0,0.0
2013-02-26 00:00:00-05:00,51.008237086160676,51.350923546535725,50.21856853328276,51.082733154296875,1954700,0.0,0.0
2013-02-27 00:00:00-05:00,51.328586679988746,53.14631501719387,51.254090595328094,52.7365837097168,2044500,0.0,0.0
2013-02-28 00:00:00-05:00,52.72912433839048,53.05691388123082,51.93945573102355,51.94690704345703,1730400,0.0,0.0
2013-03-01 00:00:00-05:00,51.47011072391717,52.162934883967424,50.87413655760964,51.9319953918457,2630000,0.0,0.0
2013-03-04 00:00:00-05:00,51.6265665235173,52.17039294963637,51.06783747319216,51.98414993286133,1537100,0.0,0.0
2013-03-05 00:00:00-05:00,52.35664230733098,53.25061230633151,52.16294795499456,52.982421875,1333900,0.0,0.0
2013-03-06 00:00:00-05:00,53.377268937174655,53.86894772273566,53.16867759277375,53.63800811767578,1177200,0.0,0.0
2013-03-07 00:00:00-05:00,53.54114036783995,53.83167899684441,53.11650654978071,53.65288162231445,1200100,0.0,0.0
2013-03-08 00:00:00-05:00,54.07753384575995,54.479819549842965,53.46665681741627,53.809349060058594,1240900,0.0,0.0
2013-03-11 00:00:00-04:00,53.77955095960826,54.23398450719569,53.33256304260014,54.21908187866211,818700,0.0,0.0
2013-03-12 00:00:00-04:00,54.0775157993913,54.69584393545369,53.89872410735973,54.50215530395508,1033900,0.0,0.0
2013-03-13 00:00:00-04:00,54.63681048169812,54.64429247532882,53.993495999593094,54.397438049316406,804300,0.3,0.0
2013-03-14 00:00:00-04:00,54.771459261743736,55.040753968590835,54.54704510367478,54.79389953613281,739000,0.0,0.0
2013-03-15 00:00:00-04:00,54.46475438935015,54.913582656838976,54.25530424163589,54.30766677856445,1230900,0.0,0.0
2013-03-18 00:00:00-04:00,53.51474937785987,54.60688642143798,53.51474937785987,54.47972106933594,1134800,0.0,0.0
2013-03-19 00:00:00-04:00,54.5769743360889,55.02579700240893,53.709251275482174,54.434844970703125,903600,0.0,0.0
2013-03-20 00:00:00-04:00,54.76396782789394,55.22775434464894,54.5769579641023,54.74152755737305,661700,0.0,0.0
2013-03-21 00:00:00-04:00,53.926151243270795,54.03835828144782,52.70684921970094,52.7218132019043,2770900,0.0,0.0
2013-03-22 00:00:00-04:00,53.04349087929096,53.22301878565759,52.06355512055103,52.4450569152832,1772000,0.0,0.0
2013-03-25 00:00:00-04:00,52.774199767048735,52.863960872811944,51.52496920997761,51.60725402832031,1423800,0.0,0.0
2013-03-26 00:00:00-04:00,51.9663130355837,52.317892568230754,51.562370958101305,51.78678512573242,1466900,0.0,0.0
2013-03-27 00:00:00-04:00,51.50252175587878,51.86158325015985,50.69463767406301,51.667091369628906,1962500,0.0,0.0
2013-03-28 00:00:00-04:00,51.78676961946459,52.72181885946795,51.704484829777286,52.2655143737793,1325100,0.0,0.0
2013-04-01 00:00:00-04:00,52.16080588283948,52.29545324445032,51.592294166361576,51.719459533691406,1164800,0.0,0.0
2013-04-02 00:00:00-04:00,51.913939531257334,51.92889780929989,50.88912341915401,51.01628875732422,1570100,0.0,0.0
2013-04-03 00:00:00-04:00,51.08362655769155,51.233232199509004,49.452899950687915,49.72219467163086,2513200,0.0,0.0
2013-04-04 00:00:00-04:00,49.849349095708824,50.75447615633024,49.78950456928224,50.50762176513672,1688600,0.0,0.0
2013-04-05 00:00:00-04:00,49.572584115651395,51.053705104528525,49.15368374619057,50.97142028808594,1905100,0.0,0.0
2013-04-08 00:00:00-04:00,51.00134297697475,51.03126524748034,50.20842278338989,50.76197052001953,1520600,0.0,0.0
2013-04-09 00:00:00-04:00,50.84424243782874,51.49503310817722,50.574947778688646,51.278106689453125,1421400,0.0,0.0
2013-04-10 00:00:00-04:00,51.367873304630876,51.42771783690603,50.4103836165834,50.79188537597656,1669600,0.0,0.0
2013-04-11 00:00:00-04:00,50.941496440894184,51.79426114209261,50.59739890419037,51.08362579345703,1031500,0.0,0.0
2013-04-12 00:00:00-04:00,50.71707074184087,50.889116598166495,49.924145141750856,50.866676330566406,881600,0.0,0.0
2013-04-15 00:00:00-04:00,50.86670136089144,50.9789084611938,48.95172148886792,49.06392288208008,2059500,0.0,0.0
2013-04-16 00:00:00-04:00,49.75210932352489,50.86668659354574,49.557617453270666,50.76944351196289,1541800,0.0,0.0
2013-04-17 00:00:00-04:00,50.09621047973633,50.223375835827454,49.617465615672934,50.09621047973633,1320900,0.0,0.0
2013-04-18 00:00:00-04:00,50.223379195107,50.5076321936921,49.041475236045336,49.63242721557617,1926000,0.0,0.0
2013-04-19 00:00:00-04:00,50.38795423336872,52.99861116687162,50.38795423336872,52.213172912597656,3426600,0.0,0.0
2013-04-22 00:00:00-04:00,52.27299188738774,52.37024066317023,51.06864798138565,51.85409164428711,1571900,0.0,0.0
2013-04-23 00:00:00-04:00,51.97379519669111,52.8639584617516,51.831665842928864,52.81159591674805,1267600,0.0,0.0
2013-04-24 00:00:00-04:00,53.02102870268689,53.82891259521263,52.81157859138485,53.74662780761719,1849300,0.0,0.0
2013-04-25 00:00:00-04:00,54.30768087634626,55.09312484125736,54.04586812373922,54.34508514404297,2635000,0.0,0.0
2013-04-26 00:00:00-04:00,53.986021245142034,54.60689553669919,51.33048385904954,51.5922966003418,2655100,0.0,0.0
2013-04-29 00:00:00-04:00,51.248194348327644,51.248194348327644,49.961565329360795,51.068660736083984,2263400,0.0,0.0
2013-04-30 00:00:00-04:00,50.9489831045886,51.061190198101755,49.84188186612989,49.85684585571289,2372600,0.0,0.0
2013-05-01 00:00:00-04:00,49.53517095121671,49.565093212653224,47.48554169951806,47.919403076171875,4598100,0.0,0.0
2013-05-02 00:00:00-04:00,47.96429485368813,49.58753920098823,47.96429485368813,49.39304733276367,2723300,0.0,0.0
2013-05-03 00:00:00-04:00,50.33558216462732,51.532444307020555,50.28321962424414,50.78440475463867,1967600,0.0,0.0
2013-05-06 00:00:00-04:00,50.874168783614365,51.36787189360095,50.46274476938509,51.25566482543945,1065000,0.0,0.0
2013-05-07 00:00:00-04:00,51.592286145506215,52.011186446686445,51.180862130355216,51.794254302978516,1111600,0.0,0.0
2013-05-08 00:00:00-04:00,51.734419652903306,51.9289058329477,50.94149382401581,51.315513610839844,1174500,0.0,0.0
2013-05-09 00:00:00-04:00,51.35291791252637,51.382840180346385,49.93912357379276,49.99896240234375,2168300,0.0,0.0
2013-05-10 00:00:00-04:00,50.03636312074311,50.41038288137482,49.82691296792353,50.29817581176758,1488500,0.0,0.0
2013-05-13 00:00:00-04:00,50.05881117505931,50.36551016585726,49.44541890055294,49.78951644897461,1248200,0.0,0.0
2013-05-14 00:00:00-04:00,49.75210747822948,50.51510523771428,49.74462548543491,50.447784423828125,1151000,0.0,0.0
2013-05-15 00:00:00-04:00,50.3729876988105,52.99112649497545,50.26078631607516,52.98365020751953,3457500,0.0,0.0
2013-05-16 00:00:00-04:00,52.78914856585007,53.97105237419001,52.78914856585007,53.4100227355957,3176000,0.0,0.0
2013-05-17 00:00:00-04:00,53.89624962131667,55.325002134775616,53.71671602767108,55.31752014160156,2786100,0.0,0.0
2013-05-20 00:00:00-04:00,55.085635171175404,55.34744788730388,54.69665709394014,54.8836669921875,1645100,0.0,0.0
2013-05-21 00:00:00-04:00,54.876177115167685,55.130507800846026,54.61436443664928,54.71908950805664,1247700,0.0,0.0
2013-05-22 00:00:00-04:00,54.48721105088483,55.81872656074825,53.75413531337811,54.1879997253418,1496300,0.0,0.0
2013-05-23 00:00:00-04:00,53.52972649068716,54.46477624468654,52.88641180336833,53.9411506652832,1044800,0.0,0.0
2013-05-24 00:00:00-04:00,53.3950699753133,54.00098599320625,53.028532132353725,53.784053802490234,824100,0.0,0.0
2013-05-28 00:00:00-04:00,54.59194081045876,54.86871185195721,53.59704662165435,53.76909255981445,1093500,0.0,0.0
2013-05-29 00:00:00-04:00,53.39506755133631,53.963579276814734,53.20058135366674,53.77656936645508,952600,0.0,0.0
2013-05-30 00:00:00-04:00,53.85884813537041,54.18798736691057,53.43994780947487,53.79900360107422,919000,0.0,0.0
2013-05-31 00:00:00-04:00,53.64939880371094,54.95846804950722,53.43994863751777,53.64939880371094,1278400,0.0,0.0
2013-06-03 00:00:00-04:00,53.79152672580262,54.33759240078367,53.08836772324138,54.11317825317383,1086200,0.0,0.0
2013-06-04 00:00:00-04:00,53.97105802605852,55.025790889381746,52.95372371830481,53.19309616088867,1733600,0.0,0.0
2013-06-05 00:00:00-04:00,52.94624634787097,53.00609089051514,51.39032248166066,51.562374114990234,1856000,0.0,0.0
2013-06-06 00:00:00-04:00,51.337962648512054,52.09348434485213,50.9489845149341,52.086002349853516,1546500,0.0,0.0
2013-06-07 00:00:00-04:00,52.33286237715611,53.12578271849328,51.794272821874024,52.67695999145508,1171900,0.0,0.0
2013-06-10 00:00:00-04:00,52.87890260196805,53.163155495708715,52.48991895044164,52.77417755126953,839900,0.0,0.0
2013-06-11 00:00:00-04:00,51.936376884337555,52.30291460021536,51.71196277668871,51.913936614990234,1216000,0.0,0.0
2013-06-12 00:00:00-04:00,52.56006615153268,52.57509510947464,51.5082626384481,51.62847137451172,948100,0.3,0.0
2013-06-13 00:00:00-04:00,51.4406313637068,53.76210587369372,51.32793714639755,53.61185073852539,1234900,0.0,0.0
2013-06-14 00:00:00-04:00,53.34890604981324,53.81470044867445,53.23621182265225,53.356414794921875,1170100,0.0,0.0
2013-06-17 00:00:00-04:00,54.8364614517993,54.8364614517993,53.9499421595443,54.28802490234375,1543400,0.0,0.0
2013-06-18 00:00:00-04:00,54.44578476838367,55.482559049809936,54.303038364961274,55.03178787231445,1529700,0.0,0.0
2013-06-19 00:00:00-04:00,54.956650414582015,55.20457652377052,54.32556629408995,54.34059524536133,904200,0.0,0.0
2013-06-20 00:00:00-04:00,53.64941806420322,54.07013703346817,52.66522800129261,52.935691833496094,1541700,0.0,0.0
2013-06-21 00:00:00-04:00,53.34140155176645,53.46911902490415,52.176903873030156,53.183631896972656,1594500,0.0,0.0
2013-06-24 00:00:00-04:00,51.96653717731741,52.898137484768604,51.11007017959408,52.59010696411133,1849100,0.0,0.0
2013-06-25 00:00:00-04:00,53.2061493793189,53.47661317956672,52.447347843520014,52.83802032470703,1043000,0.0,0.0
2013-06-26 00:00:00-04:00,53.138542129141115,54.34810915566127,53.06340882937272,54.15277862548828,1515100,0.0,0.0
2013-06-27 00:00:00-04:00,54.52843660074026,54.716258436043,54.0325842042446,54.10771179199219,853300,0.0,0.0
2013-06-28 00:00:00-04:00,53.94993161429442,54.3406041653625,52.56005145054781,52.597618103027344,2440200,0.0,0.0
2013-07-01 00:00:00-04:00,52.86056642967411,54.19785669262954,52.40228079144337,53.62687683105469,1627300,0.0,0.0
2013-07-02 00:00:00-04:00,53.61185389864453,54.29552225538467,52.575079648392595,53.12351608276367,1407300,0.0,0.0
2013-07-03 00:00:00-04:00,52.988286142554344,53.484138453744954,52.71031354252314,53.363929748535156,566700,0.0,0.0
2013-07-05 00:00:00-04:00,53.97247364880794,54.393198409284466,53.4090082075485,54.100196838378906,722800,0.0,0.0
2013-07-08 00:00:00-04:00,54.408213230587364,54.71624370887222,54.040084137400825,54.6260871887207,1160400,0.0,0.0
2013-07-09 00:00:00-04:00,54.87401354880323,55.670376085261054,54.87401354880323,55.167015075683594,1518600,0.0,0.0
2013-07-10 00:00:00-04:00,55.15950286002473,55.422452224172936,54.37816351236559,54.843963623046875,1125500,0.0,0.0
2013-07-11 00:00:00-04:00,55.835668968765304,56.00846756069456,55.23463686764351,55.57271957397461,1075600,0.0,0.0
2013-07-12 00:00:00-04:00,55.51260711968012,55.572711467398065,55.02426932523749,55.5651969909668,749900,0.0,0.0
2013-07-15 00:00:00-04:00,55.47503485175023,56.15119436544106,55.460011632275105,55.74549865722656,940800,0.0,0.0
2013-07-16 00:00:00-04:00,55.97841627751711,56.106133738190884,55.03930718691528,55.287227630615234,1038400,0.0,0.0
2013-07-17 00:00:00-04:00,55.5952458169067,56.71466199937876,55.5952458169067,56.55689239501953,1545500,0.0,0.0
2013-07-18 00:00:00-04:00,56.601978671786185,57.24808616542779,56.14369872253824,56.248878479003906,1232100,0.0,0.0
2013-07-19 00:00:00-04:00,56.324004348461976,57.0001639994135,55.910794080695304,56.87995529174805,970300,0.0,0.0
2013-07-22 00:00:00-04:00,56.87244556330349,57.368297926026315,56.647062815411694,56.804832458496094,778400,0.0,0.0
2013-07-23 00:00:00-04:00,57.007667997257386,57.203004265013206,56.53435914694087,56.955078125,738900,0.0,0.0
2013-07-24 00:00:00-04:00,56.97761317884741,57.097821870923944,55.74550274439254,56.3765869140625,852100,0.0,0.0
2013-07-25 00:00:00-04:00,56.15121515054947,57.06027215972992,56.12867744706139,56.69965744018555,1062800,0.0,0.0
2013-07-26 00:00:00-04:00,56.4442170969445,56.46676053243491,55.22713524637434,55.71547317504883,883500,0.0,0.0
2013-07-29 00:00:00-04:00,55.8131248710425,56.61700191833325,55.745506044779624,56.369075775146484,1188500,0.0,0.0
2013-07-30 00:00:00-04:00,59.779944416239196,61.079674275659116,58.224779565506225,59.91517639160156,3514200,0.0,0.0
2013-07-31 00:00:00-04:00,59.84752547561223,61.1773009503534,59.46436749874174,60.4260139465332,1791200,0.0,0.0
2013-08-01 00:00:00-04:00,60.68147722124124,62.16902870812199,60.68147722124124,61.83095169067383,1541200,0.0,0.0
2013-08-02 00:00:00-04:00,61.72576765152813,61.9511504036209,60.794167267569506,61.91358947753906,1560200,0.0,0.0
2013-08-05 00:00:00-04:00,62.229119213587154,62.28922356432907,61.598034994529755,61.97367858886719,1061800,0.0,0.0
2013-08-06 00:00:00-04:00,61.96616309042026,62.10890374304248,60.54622518526242,60.794151306152344,1564800,0.0,0.0
2013-08-07 00:00:00-04:00,60.65140780149757,60.98197021527423,60.065399070986835,60.80917739868164,1249300,0.0,0.0
2013-08-08 00:00:00-04:00,61.10969758046475,61.60554987957181,60.41851473795163,60.45608139038086,1379300,0.0,0.0
2013-08-09 00:00:00-04:00,60.62886836247925,61.560468519317084,60.0654030218173,60.15555953979492,1344100,0.0,0.0
2013-08-12 00:00:00-04:00,59.74235001989327,60.15556023389282,59.44934849791757,59.569557189941406,1146700,0.0,0.0
2013-08-13 00:00:00-04:00,59.727322539453944,60.76409664081817,59.494425380100836,60.57627487182617,1260000,0.0,0.0
2013-08-14 00:00:00-04:00,60.41853139720499,60.7941750976082,60.00532676588224,60.148067474365234,863300,0.0,0.0
2013-08-15 00:00:00-04:00,59.74986901394748,59.75738349073364,57.94677862031518,58.83329772949219,1542500,0.0,0.0
2013-08-16 00:00:00-04:00,58.35246950451581,58.9610159721979,57.7439287686996,58.487701416015625,1635200,0.0,0.0
2013-08-19 00:00:00-04:00,58.50273088194782,59.599609404024704,58.30739462320741,58.58537292480469,1104900,0.0,0.0
2013-08-20 00:00:00-04:00,58.630453224252435,59.419301337711396,58.44263142601938,58.961021423339844,602600,0.0,0.0
2013-08-21 00:00:00-04:00,58.780715008927004,59.57708342104804,58.66802077088594,58.85584259033203,826000,0.0,0.0
2013-08-22 00:00:00-04:00,58.97604161165084,59.892612856981444,58.85583291566894,59.689762115478516,500200,0.0,0.0
2013-08-23 00:00:00-04:00,59.757387670412285,59.95272395745055,59.163870063852485,59.85505294799805,479100,0.0,0.0
2013-08-26 00:00:00-04:00,59.885116466324824,60.17060360770219,58.780723098886,58.803260803222656,1438800,0.0,0.0
2013-08-27 00:00:00-04:00,57.85662569927123,58.172164930292965,56.92502549549353,57.007667541503906,1860500,0.0,0.0
2013-08-28 00:00:00-04:00,57.08279342551142,57.1579209852498,56.27140202385991,56.53435134887695,2298100,0.0,0.0
2013-08-29 00:00:00-04:00,56.48178446679529,57.88669390622089,56.15873066978802,57.435916900634766,1309200,0.0,0.0
2013-08-30 00:00:00-04:00,57.50351985045371,57.68382716373124,56.92502552805021,57.09782409667969,1183000,0.0,0.0
2013-09-03 00:00:00-04:00,57.99937671324378,58.86335824636448,57.12037195628815,57.736427307128906,1555700,0.0,0.0
2013-09-04 00:00:00-04:00,57.66129925477445,57.961815315830734,56.902497490277426,57.75896453857422,1160800,0.0,0.0
2013-09-05 00:00:00-04:00,57.849099539702806,57.9467647871426,57.586150233622604,57.69132995605469,623300,0.0,0.0
2013-09-06 00:00:00-04:00,57.82658337494876,58.12709943600505,56.917526445857156,57.75896453857422,1376500,0.0,0.0
2013-09-09 00:00:00-04:00,57.99185089379931,58.5177495511985,57.66128274808241,58.066978454589844,1118900,0.0,0.0
2013-09-10 00:00:00-04:00,58.63798234847949,58.900931785315485,57.93177037651896,58.412593841552734,1591500,0.0,0.0
2013-09-11 00:00:00-04:00,58.60113815278515,59.24221057310983,58.50309455811032,59.144161224365234,1365900,0.3,0.0
2013-09-12 00:00:00-04:00,59.22709349148119,59.30251204576413,58.163678641737995,58.570945739746094,1030400,0.0,0.0
2013-09-13 00:00:00-04:00,58.66145063997429,58.72933137238831,57.51507355782525,57.69607925415039,1606100,0.0,0.0
2013-09-16 00:00:00-04:00,58.69164663007649,58.81232098670549,57.31900747080682,57.54526901245117,4698400,0.0,0.0
2013-09-17 00:00:00-04:00,57.59050823561209,58.3673305602275,57.469833901578774,58.35224914550781,1970400,0.0,0.0
2013-09-18 00:00:00-04:00,58.2089500969631,59.6042140051488,57.80168284871281,59.41566467285156,1519000,0.0,0.0
2013-09-19 00:00:00-04:00,59.73996164370975,60.39611530248338,59.528787340858884,59.732418060302734,1342800,0.0,0.0
2013-09-20 00:00:00-04:00,59.72488093924761,60.1623109628827,59.20448300528782,59.227108001708984,1560600,0.0,0.0
2013-09-23 00:00:00-04:00,59.204476324479565,59.23464490099289,58.30697987392785,58.48799133300781,1125500,0.0,0.0
2013-09-24 00:00:00-04:00,58.337175601069255,58.72936152420162,57.628233862295104,58.19388198852539,1239900,0.0,0.0
2013-09-25 00:00:00-04:00,58.11844098471572,58.427664633752336,57.334075117234775,57.877098083496094,992500,0.0,0.0
2013-09-26 00:00:00-04:00,57.884634414772194,59.14414234288605,57.831840841559874,58.99330520629883,1286600,0.0,0.0
2013-09-27 00:00:00-04:00,58.83490971964373,59.046083959490225,58.510604778717614,58.601104736328125,1110900,0.0,0.0
2013-09-30 00:00:00-04:00,57.9148277568962,59.03858044096352,57.7866155605676,58.75198745727539,984300,0.0,0.0
2013-10-01 00:00:00-04:00,58.71425083282417,59.92096520126324,58.67654442528832,59.9058837890625,1846800,0.0,0.0
2013-10-02 00:00:00-04:00,59.31761721477791,59.468454369130036,58.261739872107235,59.453372955322266,1937100,0.0,0.0
2013-10-03 00:00:00-04:00,59.17431686047225,59.33269759600623,57.726259489245734,58.8575553894043,1323600,0.0,0.0
2013-10-04 00:00:00-04:00,58.78966509454108,60.41119010554396,58.442735098663086,60.34331512451172,1504800,0.0,0.0
2013-10-07 00:00:00-04:00,59.619294628919434,59.75505036343274,58.59358591350077,58.63883590698242,1484700,0.0,0.0
2013-10-08 00:00:00-04:00,58.50307044391946,58.50307044391946,57.220937639887794,57.296356201171875,2175500,0.0,0.0
2013-10-09 00:00:00-04:00,57.477367196412274,58.276814377025175,56.68546359884324,57.62066650390625,1789500,0.0,0.0
2013-10-10 00:00:00-04:00,58.337146257852,59.01592481872106,57.86954772463907,58.73686981201172,1048600,0.0,0.0
2013-10-11 00:00:00-04:00,58.570958755963076,58.84246446090496,58.38240945132101,58.81230163574219,1039800,0.0,0.0
2013-10-14 00:00:00-04:00,58.27682940270676,59.09890754441004,57.990236467893645,59.061195373535156,896700,0.0,0.0
2013-10-15 00:00:00-04:00,58.917889272604924,60.44890871829189,58.8575521136448,59.830467224121094,3033600,0.0,0.0
2013-10-16 00:00:00-04:00,60.24525987108544,60.94666337624275,59.981292047438494,60.546939849853516,1448000,0.0,0.0
2013-10-17 00:00:00-04:00,60.48660728662829,61.5047780113803,60.45644446512621,61.43689727783203,828800,0.0,0.0
2013-10-18 00:00:00-04:00,61.59528355975261,61.851713598272354,60.991929255947724,61.55003356933594,1011300,0.0,0.0
2013-10-21 00:00:00-04:00,61.79138069168003,62.198647895645834,60.92405270660852,61.25590133666992,1033700,0.0,0.0
2013-10-22 00:00:00-04:00,61.54248902062275,62.42489834431044,61.23327116751392,62.25897979736328,1223100,0.0,0.0
2013-10-23 00:00:00-04:00,61.80647766839392,62.568218691000475,61.66318406811313,62.29670715332031,1272200,0.0,0.0
2013-10-24 00:00:00-04:00,62.22127377002472,62.296692344992884,61.5198700900908,61.97993087768555,1644300,0.0,0.0
2013-10-25 00:00:00-04:00,58.306979495950884,59.6117430898729,57.4094888052848,58.782127380371094,7580000,0.0,0.0
2013-10-28 00:00:00-04:00,58.73688695446277,58.744430539026084,57.10028010243648,57.51509094238281,3926700,0.0,0.0
2013-10-29 00:00:00-04:00,57.89218523832679,59.219568317698695,57.62067375525785,59.159236907958984,2570000,0.0,0.0
2013-10-30 00:00:00-04:00,59.33269530197423,60.01147396663886,58.623753811385214,59.12152099609375,1548300,0.0,0.0
2013-10-31 00:00:00-04:00,59.038560302794444,59.883263301319104,58.910348150199255,59.42320251464844,1609900,0.0,0.0
2013-11-01 00:00:00-04:00,59.58157809468408,59.64191525094614,58.450282308076154,58.99330520629883,1112800,0.0,0.0
2013-11-04 00:00:00-05:00,59.0989044377844,59.21203519039274,58.171239171278906,58.59359359741211,1147700,0.0,0.0
2013-11-05 00:00:00-05:00,58.48043805903112,58.910330133486326,58.21647025086857,58.62373733520508,754700,0.0,0.0
2013-11-06 00:00:00-05:00,58.79722791230043,59.47600671501927,58.41258563174818,58.767059326171875,1169000,0.0,0.0
2013-11-07 00:00:00-05:00,59.046119707954254,59.34779984212482,57.854486342718985,57.92990493774414,1936800,0.0,0.0
2013-11-08 00:00:00-05:00,58.246658159093045,59.69471554808191,58.15615241450553,59.664546966552734,2174200,0.0,0.0
2013-11-11 00:00:00-05:00,59.536333009352404,59.724882322653805,59.18185937969482,59.58912658691406,744100,0.0,0.0
2013-11-12 00:00:00-05:00,59.41567003428142,60.09444884261549,59.23466427008216,59.6343879699707,885200,0.0,0.0
2013-11-13 00:00:00-05:00,59.40058216862484,60.28299164661552,59.34024500241978,60.124610900878906,901000,0.0,0.0
2013-11-14 00:00:00-05:00,60.230185178524515,60.41119088434485,59.49106943581771,59.76258087158203,1590900,0.0,0.0
2013-11-15 00:00:00-05:00,59.70977631100759,60.154755542079776,59.22709068161624,59.36284637451172,1251900,0.0,0.0
2013-11-18 00:00:00-05:00,59.400565037903,59.566489320081025,58.555862216845405,58.72178649902344,1328000,0.0,0.0
2013-11-19 00:00:00-05:00,58.691634547020506,58.789678126044464,57.484919999511305,57.82430648803711,1766700,0.0,0.0
2013-11-20 00:00:00-05:00,57.96762411669701,57.97516770333203,57.09275219729591,57.220970153808594,1270100,0.0,0.0
2013-11-21 00:00:00-05:00,57.46231046374618,57.84694705316155,57.10029312504126,57.65839767456055,909000,0.0,0.0
2013-11-22 00:00:00-05:00,57.80921195019497,57.975136241698536,57.49245053227046,57.643287658691406,1269300,0.0,0.0
2013-11-25 00:00:00-05:00,57.70363495926417,57.80922211714203,57.137987004603424,57.23603057861328,1056100,0.0,0.0
2013-11-26 00:00:00-05:00,56.92681318588364,57.67346688141577,56.84385102481689,56.90418243408203,1278500,0.0,0.0
2013-11-27 00:00:00-05:00,57.19077598851148,57.95251102998982,56.99468310217844,57.801673889160156,891600,0.0,0.0
2013-11-29 00:00:00-05:00,57.95252204175058,58.45783864308993,57.94498421112447,58.095821380615234,471900,0.0,0.0
2013-12-02 00:00:00-05:00,58.2315681873492,58.6991725474326,57.59804526794745,57.66592025756836,1228500,0.0,0.0
2013-12-03 00:00:00-05:00,57.3491483698949,57.80920906278785,56.60249484948964,56.88908767700195,1103400,0.0,0.0
2013-12-04 00:00:00-05:00,56.40640852089831,56.87401285008243,55.90863561363122,56.24802780151367,1384600,0.0,0.0
2013-12-05 00:00:00-05:00,56.03686524562332,56.700556840251515,55.908647323399165,56.044403076171875,1351000,0.0,0.0
2013-12-06 00:00:00-05:00,56.94189564277575,57.74134293235247,56.64775915872134,57.47737503051758,1321100,0.0,0.0
2013-12-09 00:00:00-05:00,57.48492150549839,57.50000292033224,56.670387006814735,56.83631134033203,1455300,0.0,0.0
2013-12-10 00:00:00-05:00,56.745786604318326,57.13797230761712,56.57986232631246,56.798580169677734,1476400,0.0,0.0
2013-12-11 00:00:00-05:00,56.94188399779848,56.94188399779848,56.14243687171378,56.225399017333984,1659800,0.0,0.0
2013-12-12 00:00:00-05:00,56.14962150068388,56.48303541503053,55.92229856189166,55.9677619934082,1930900,0.35,0.0
2013-12-13 00:00:00-05:00,56.483039686282936,56.483039686282936,55.0281519556398,55.066036224365234,2751300,0.0,0.0
2013-12-16 00:00:00-05:00,55.51311651671348,56.08900598408739,55.475226465423816,55.64193344116211,1784300,0.0,0.0
2013-12-17 00:00:00-05:00,55.88442531169937,56.27845532609637,55.543437910417566,56.096595764160156,3408600,0.0,0.0
2013-12-18 00:00:00-05:00,56.126898804692125,56.702794081690996,55.50554008887059,56.55881881713867,2012100,0.0,0.0
2013-12-19 00:00:00-05:00,56.505796423067316,57.15746625827065,56.35424771864387,56.839210510253906,2837400,0.0,0.0
2013-12-20 00:00:00-05:00,57.13471820698935,58.06675345720914,57.01347465312062,57.53632736206055,3920200,0.0,0.0
2013-12-23 00:00:00-05:00,57.96823473739932,58.460776450233524,57.67271086594072,58.38500213623047,1611800,0.0,0.0
2013-12-24 00:00:00-05:00,58.35469339783705,59.28672847860773,58.35469339783705,59.271575927734375,1063600,0.0,0.0
2013-12-26 00:00:00-05:00,59.33218013601613,59.885337687954404,59.33218013601613,59.839874267578125,1650100,0.0,0.0
2013-12-27 00:00:00-05:00,59.86263287267461,60.19604685511743,59.76412682386682,59.90809631347656,839200,0.0,0.0
2013-12-30 00:00:00-05:00,59.85505320500053,60.5673446047324,59.77169971008677,60.544612884521484,1547900,0.0,0.0
2013-12-31 00:00:00-05:00,60.52945531091031,61.25689927285431,60.49914442317797,61.150814056396484,2192500,0.0,0.0
2014-01-02 00:00:00-05:00,60.85527031783325,61.021977255489105,60.52943560729013,60.83253860473633,1612900,0.0,0.0
2014-01-03 00:00:00-05:00,60.96894466353452,61.33266947636319,60.71131083123861,60.74919509887695,941700,0.0,0.0
2014-01-06 00:00:00-05:00,61.196261662090905,61.33265771810156,60.02931891204618,60.438507080078125,1291200,0.0,0.0
2014-01-07 00:00:00-05:00,60.42337051231565,60.59765667267921,60.02934053149171,60.20362091064453,1442700,0.0,0.0
2014-01-08 00:00:00-05:00,59.96113281243738,60.22635160665587,59.226115542445555,60.01417541503906,1776600,0.0,0.0
2014-01-09 00:00:00-05:00,60.233931496103104,60.61280892165878,59.82474318275768,60.089962005615234,1045300,0.0,0.0
2014-01-10 00:00:00-05:00,60.552182297428395,60.946212207102114,60.06721395913886,60.18845748901367,973100,0.0,0.0
2014-01-13 00:00:00-05:00,59.945983541286026,60.29455006048785,59.09729607200523,59.23369216918945,1070500,0.0,0.0
2014-01-14 00:00:00-05:00,59.3473703834494,60.26425322448163,59.3473703834494,60.082393646240234,1080800,0.0,0.0
2014-01-15 00:00:00-05:00,60.1354339375395,60.75679277193538,60.10512304547,60.47642135620117,1381900,0.0,0.0
2014-01-16 00:00:00-05:00,60.415787572381504,60.84012837404422,60.211190556429955,60.49156188964844,813800,0.0,0.0
2014-01-17 00:00:00-05:00,60.35518431663601,60.91592137383765,60.0141911125396,60.52946472167969,1024000,0.0,0.0
2014-01-21 00:00:00-05:00,61.11291763554262,61.567569298737546,60.2263460251311,60.34758377075195,2314800,0.0,0.0
2014-01-22 00:00:00-05:00,60.355168008212644,60.43094232824429,58.48351281925962,58.991207122802734,3149400,0.0,0.0
2014-01-23 00:00:00-05:00,58.36227980675351,58.36227980675351,56.70280050832806,57.74092102050781,3160100,0.0,0.0
2014-01-24 00:00:00-05:00,57.08924808244402,57.45297295709744,56.467889331702956,56.55124282836914,2957500,0.0,0.0
2014-01-27 00:00:00-05:00,56.604278626286444,56.960424290787714,55.316097838423616,56.36179733276367,2386800,0.0,0.0
2014-01-28 00:00:00-05:00,56.452737108636,57.308998019786145,56.3011884490166,56.998321533203125,1986500,0.0,0.0
2014-01-29 00:00:00-05:00,56.76342101890696,57.64241367631301,56.445159574559895,56.59671401977539,1933300,0.0,0.0
2014-01-30 00:00:00-05:00,56.884639553276735,57.756058529582525,56.54365228399616,57.566619873046875,2259200,0.0,0.0
2014-01-31 00:00:00-05:00,58.498670597576904,60.43852689472957,57.77880582114198,59.07456588745117,3489200,0.0,0.0
2014-02-03 00:00:00-05:00,59.188231556664896,59.52164553930414,57.61210008754753,57.67272186279297,2073400,0.0,0.0
2014-02-04 00:00:00-05:00,58.02885516806333,58.62748206299223,57.30898474854706,58.347110748291016,1762900,0.0,0.0
2014-02-05 00:00:00-05:00,58.20314894388821,59.17307423964908,57.619680245448265,58.968482971191406,2165200,0.0,0.0
2014-02-06 00:00:00-05:00,58.9987829353991,59.62772074020909,58.786612538887226,59.19580078125,1609200,0.0,0.0
2014-02-07 00:00:00-05:00,59.52163679404945,60.08995284575122,59.26399717771553,59.98386764526367,1470300,0.0,0.0
2014-02-10 00:00:00-05:00,59.915663486547025,60.870436020733045,59.832310007622326,60.74161911010742,1599300,0.0,0.0
2014-02-11 00:00:00-05:00,60.62039664822841,60.99169495895958,60.24909833749724,60.47642135620117,1718700,0.0,0.0
2014-02-12 00:00:00-05:00,60.54460710432906,62.03738492191005,60.50671705345449,61.87067794799805,1730600,0.0,0.0
2014-02-13 00:00:00-05:00,61.62064275241444,62.96944586715139,61.37816135854277,62.49964141845703,1845900,0.0,0.0
2014-02-14 00:00:00-05:00,62.31776336274363,62.89365872401594,61.74944716945432,62.77241516113281,859300,0.0,0.0
2014-02-18 00:00:00-05:00,63.00731603863734,63.01489520576867,62.37079896745036,62.75725555419922,1170300,0.0,0.0
2014-02-19 00:00:00-05:00,62.76482245332177,63.18158406471448,62.09799462515825,62.17377471923828,1583800,0.0,0.0
2014-02-20 00:00:00-05:00,62.20409891008204,62.78757343879557,61.37814881824996,62.74968338012695,1280300,0.0,0.0
2014-02-21 00:00:00-05:00,63.5756303551683,64.17425735483909,63.18159461252427,63.90903854370117,1984800,0.0,0.0
2014-02-24 00:00:00-05:00,63.81812396683694,64.49252542202275,63.54533171741217,63.71961212158203,1708200,0.0,0.0
2014-02-25 00:00:00-05:00,63.67414256383644,65.27300584629562,63.62867912036533,65.00021362304688,2156600,0.0,0.0
2014-02-26 00:00:00-05:00,64.98507076778652,65.54580785205903,64.64407754722787,65.09115600585938,1775400,0.0,0.0
2014-02-27 00:00:00-05:00,64.86380290690951,65.79584375668941,64.86380290690951,65.78068542480469,1816500,0.0,0.0
2014-02-28 00:00:00-05:00,65.9625511960643,66.7885010722393,65.68217986627135,66.25049591064453,1746600,0.0,0.0
2014-03-03 00:00:00-05:00,65.57610362089068,66.59149231716424,65.44728668740115,66.04591369628906,1676100,0.0,0.0
2014-03-04 00:00:00-05:00,66.84912816113872,66.89459159832181,66.29596462350024,66.33385467529297,1499300,0.0,0.0
2014-03-05 00:00:00-05:00,66.37176343636723,66.52331791824992,65.84891637220596,66.17475128173828,1276800,0.0,0.0
2014-03-06 00:00:00-05:00,66.52330237510878,67.36441076409288,66.45510142889361,66.65969848632812,1312600,0.0,0.0
2014-03-07 00:00:00-05:00,66.82639644254719,66.91732331691335,65.92466639701455,66.33385467529297,1434600,0.0,0.0
2014-03-10 00:00:00-04:00,66.20502719174667,66.72030059542433,65.47758340676808,66.1671371459961,1505600,0.0,0.0
2014-03-11 00:00:00-04:00,66.34900537513515,66.34900537513515,65.37908020090357,65.5382080078125,1959100,0.0,0.0
2014-03-12 00:00:00-04:00,65.22626987496346,65.43169240169149,64.67846873075544,64.98280334472656,1957600,0.35,0.0
2014-03-13 00:00:00-04:00,65.14258309453179,65.56864810648233,63.92524453804376,64.25240325927734,1864400,0.0,0.0
2014-03-14 00:00:00-04:00,64.22959453333986,64.82304402892595,63.5752769344368,63.681793212890625,1784500,0.0,0.0
2014-03-17 00:00:00-04:00,64.22197385301548,64.67086293892362,63.849161169630385,64.34370422363281,1171000,0.0,0.0
2014-03-18 00:00:00-04:00,64.41216285276072,64.83822772851069,64.35129478345398,64.60237121582031,854400,0.0,0.0
2014-03-19 00:00:00-04:00,64.6480315791883,65.19583269704599,63.95567022059049,64.31326293945312,1272100,0.0,0.0
2014-03-20 00:00:00-04:00,64.1687223909951,65.09694059169715,64.14589830486332,65.0512924194336,997900,0.0,0.0
2014-03-21 00:00:00-04:00,65.51540068496205,66.0784160862771,65.0132475776557,65.4925765991211,2384000,0.0,0.0
2014-03-24 00:00:00-04:00,65.56102619121658,66.01752516432111,64.64802824500751,64.89149475097656,957600,0.0,0.0
2014-03-25 00:00:00-04:00,65.14257781994803,65.65994492315419,64.73172696110491,65.2871322631836,866700,0.0,0.0
2014-03-26 00:00:00-04:00,65.43169234834417,65.59146671449126,64.13827749589642,64.14588165283203,1015200,0.0,0.0
2014-03-27 00:00:00-04:00,64.17631492092698,64.56434169386301,63.64373370685784,64.20674896240234,1339500,0.0,0.0
2014-03-28 00:00:00-04:00,64.35891389228706,65.20343968487187,64.23718353008832,65.12735748291016,735300,0.0,0.0
2014-03-31 00:00:00-04:00,65.43170205059117,65.78168487662326,65.16541140086032,65.59147644042969,865300,0.0,0.0
2014-04-01 00:00:00-04:00,65.65994528214699,66.48925116132195,64.93714984321745,65.52299499511719,1486800,0.0,0.0
2014-04-02 00:00:00-04:00,65.61430991702467,66.55013811113373,65.53061772874248,66.46644592285156,1009400,0.0,0.0
2014-04-03 00:00:00-04:00,66.626200051057,67.36420959320108,65.99470675162442,66.32947540283203,967400,0.0,0.0
2014-04-04 00:00:00-04:00,66.89252079680301,67.06751516278845,65.38607279702622,65.81974792480469,1159500,0.0,0.0
2014-04-07 00:00:00-04:00,65.68276455428388,65.71319859414038,63.98610311165614,64.4045639038086,838500,0.0,0.0
2014-04-08 00:00:00-04:00,64.45021930727725,65.02084455816711,64.20675276575224,64.43500518798828,936300,0.0,0.0
2014-04-09 00:00:00-04:00,64.76215726818313,65.75123745232808,64.3056524704397,65.7055892944336,1182200,0.0,0.0
2014-04-10 00:00:00-04:00,65.79688751555385,65.92622782505615,63.970885846894674,64.0013198852539,975100,0.0,0.0
2014-04-11 00:00:00-04:00,63.72741906186097,64.71649918299926,63.62850698645766,64.41217041015625,1887700,0.0,0.0
2014-04-14 00:00:00-04:00,64.70130424642429,65.04367711971601,64.31327739991293,64.75456237792969,1175000,0.0,0.0
2014-04-15 00:00:00-04:00,64.93712495252437,65.78926039016027,64.78496060512765,65.62948608398438,1325900,0.0,0.0
2014-04-16 00:00:00-04:00,66.36751202567235,67.3261581034736,66.29903398885841,67.28050994873047,1989500,0.0,0.0
2014-04-17 00:00:00-04:00,67.14358439679465,67.78268201726102,66.80881565957816,67.39466094970703,1469600,0.0,0.0
2014-04-21 00:00:00-04:00,67.37942837949633,67.38703834156003,66.2990459544611,66.68707275390625,1387500,0.0,0.0
2014-04-22 00:00:00-04:00,67.00661819193881,67.75223771041743,66.66424537709963,67.37942504882812,929300,0.0,0.0
2014-04-23 00:00:00-04:00,67.50117721978476,67.76746789497908,67.09793622524745,67.39466094970703,1038200,0.0,0.0
2014-04-24 00:00:00-04:00,67.85874602994295,67.85874602994295,66.08600246928756,66.42837524414062,1858800,0.0,0.0
2014-04-25 00:00:00-04:00,63.91763121966109,65.20343603349909,62.76116091768537,64.18392181396484,3026300,0.0,0.0
2014-04-28 00:00:00-04:00,64.65564008335248,65.43168777969501,63.795894424262734,64.54911804199219,1636600,0.0,0.0
2014-04-29 00:00:00-04:00,64.5871772209335,65.8425540819651,64.5871772209335,65.57626342773438,1566200,0.0,0.0
2014-04-30 00:00:00-04:00,65.44691655334233,66.35231057241158,65.44691655334233,66.3218765258789,1241000,0.0,0.0
2014-05-01 00:00:00-04:00,66.2229551213597,66.43598759379049,65.26430319072166,65.41647338867188,1047600,0.0,0.0
2014-05-02 00:00:00-04:00,65.4697548864914,66.14689654625826,65.15781022282046,65.30997467041016,886400,0.0,0.0
2014-05-05 00:00:00-04:00,65.1730076441106,65.59907259398939,64.83062904821548,65.35560607910156,1222200,0.0,0.0
2014-05-06 00:00:00-04:00,65.28715750681363,65.48497595341824,64.693707971702,64.99043273925781,972400,0.0,0.0
2014-05-07 00:00:00-04:00,65.27952810395249,65.7968952071406,64.70890287858472,65.74363708496094,798100,0.0,0.0
2014-05-08 00:00:00-04:00,65.65994137435591,66.35990688653828,64.58716322235279,64.91432189941406,1111300,0.0,0.0
2014-05-09 00:00:00-04:00,64.83064496339763,65.38605617057922,64.23719555046723,65.29475402832031,1166400,0.0,0.0
2014-05-12 00:00:00-04:00,65.56105990408948,65.76648832067671,65.20346701978768,65.67518615722656,1124700,0.0,0.0
2014-05-13 00:00:00-04:00,65.84254295169006,66.04796547745667,65.03606116243608,65.12735748291016,840000,0.0,0.0
2014-05-14 00:00:00-04:00,65.34039304755996,65.63711771247515,64.95997621513534,65.15018463134766,785100,0.0,0.0
2014-05-15 00:00:00-04:00,65.051281701035,65.23388016470422,63.62852058466521,63.84916305541992,1464700,0.0,0.0
2014-05-16 00:00:00-04:00,63.74264716719376,64.06980589402556,63.232889975644355,64.04698181152344,1399100,0.0,0.0
2014-05-19 00:00:00-04:00,64.11547028739022,65.88821466996454,63.81114137073195,65.0969467163086,1218400,0.0,0.0
2014-05-20 00:00:00-04:00,65.06649469934072,65.62951581005713,64.41978722293986,64.4730453491211,1114100,0.0,0.0
2014-05-21 00:00:00-04:00,64.70890540208865,65.46973906558316,64.61760327277723,64.65564727783203,1692500,0.0,0.0
2014-05-22 00:00:00-04:00,64.54154961766243,65.0208729480031,64.42742335671386,64.73175811767578,1020900,0.0,0.0
2014-05-23 00:00:00-04:00,64.9067131763987,65.76645886759117,64.64803253619195,65.65994262695312,953300,0.0,0.0
2014-05-27 00:00:00-04:00,65.87298891728297,66.57295458955346,65.21867141351241,65.51539611816406,1141000,0.0,0.0
2014-05-28 00:00:00-04:00,65.51541277958486,66.27624673981258,65.49258868953042,65.85018157958984,666700,0.0,0.0
2014-05-29 00:00:00-04:00,65.99469746990376,67.16638177964079,65.6827587471778,66.9761734008789,902300,0.0,0.0
2014-05-30 00:00:00-04:00,66.89249000521832,67.19682461201063,66.60337532135051,67.15117645263672,1207900,0.0,0.0
2014-06-02 00:00:00-04:00,67.15119393133932,67.89680781712062,66.91533150221554,67.80551147460938,1073500,0.0,0.0
2014-06-03 00:00:00-04:00,67.4783553814691,68.43700184409768,67.4783553814691,68.16310119628906,1841800,0.0,0.0
2014-06-04 00:00:00-04:00,67.89679006361722,68.89348604479451,67.61528534154638,68.62718963623047,1065600,0.0,0.0
2014-06-05 00:00:00-04:00,68.60437348194918,68.61959340661386,67.46312292951916,68.10222625732422,1110000,0.0,0.0
2014-06-06 00:00:00-04:00,68.398932689159,68.5510970670085,68.15546620178043,68.38371276855469,858600,0.0,0.0
2014-06-09 00:00:00-04:00,68.38373944942562,68.77937627371584,68.10983881867121,68.23157501220703,709800,0.0,0.0
2014-06-10 00:00:00-04:00,68.00329940884787,68.46740833053092,67.53158633118258,68.45219421386719,716300,0.0,0.0
2014-06-11 00:00:00-04:00,68.07795366742606,68.35292399870606,67.94046850178604,67.99393463134766,951800,0.35,0.0
2014-06-12 00:00:00-04:00,67.97101035687967,68.42165837051746,67.38288302732573,67.50508880615234,758200,0.0,0.0
2014-06-13 00:00:00-04:00,67.57380315431551,67.91751294046892,67.16134791451096,67.85640716552734,1140900,0.0,0.0
2014-06-16 00:00:00-04:00,67.60439511607422,67.77243318060324,66.47396093575124,67.13847351074219,1122400,0.0,0.0
2014-06-17 00:00:00-04:00,66.89404364844015,67.4439841836956,66.65726013459032,66.947509765625,616800,0.0,0.0
2014-06-18 00:00:00-04:00,66.8253147352753,67.35234218345147,66.5121576362313,67.27596282958984,759800,0.0,0.0
2014-06-19 00:00:00-04:00,67.41344045368179,67.58911236516808,66.71837500836769,66.87113952636719,833700,0.0,0.0
2014-06-20 00:00:00-04:00,66.87112476904936,67.48980490514629,66.79473961322124,67.29121398925781,1123200,0.0,0.0
2014-06-23 00:00:00-04:00,67.29120986429174,67.29884954488008,66.6343371905472,66.97041320800781,608100,0.0,0.0
2014-06-24 00:00:00-04:00,66.89403438745151,67.29121037050007,66.58087158203125,66.58087158203125,963400,0.0,0.0
2014-06-25 00:00:00-04:00,66.57326077423761,67.08500883464814,66.12261269803767,66.61908721923828,1014800,0.0,0.0
2014-06-26 00:00:00-04:00,66.69546805557124,66.69546805557124,65.98512900538456,66.54270935058594,845900,0.0,0.0
2014-06-27 00:00:00-04:00,66.19897083885057,66.8405700001478,65.80943452640949,66.76419067382812,1564700,0.0,0.0
2014-06-30 00:00:00-04:00,66.76420079490842,66.9016801067035,66.0309428344483,66.71836853027344,884900,0.0,0.0
2014-07-01 00:00:00-04:00,66.76422433228132,67.36762539356316,66.34412908468306,66.99336242675781,700400,0.0,0.0
2014-07-02 00:00:00-04:00,67.13082631958125,67.23011887962025,66.7336502520551,66.95515441894531,720500,0.0,0.0
2014-07-03 00:00:00-04:00,67.44398983407781,67.73423366205908,67.29886500640208,67.63494110107422,412900,0.0,0.0
2014-07-07 00:00:00-04:00,67.55853894496403,67.6349240944519,66.86347953810046,67.04679107666016,644700,0.0,0.0
2014-07-08 00:00:00-04:00,66.98568252710226,67.18427341832181,66.59614625213933,66.83292388916016,725900,0.0,0.0
2014-07-09 00:00:00-04:00,67.01626168885129,67.09264103776111,66.37466816516373,66.65727233886719,791700,0.0,0.0
2014-07-10 00:00:00-04:00,66.27534167720297,67.17663159803159,65.59555585349146,66.26770782470703,803500,0.0,0.0
2014-07-11 00:00:00-04:00,66.35170461526208,66.44335743348664,65.80940407375681,66.32115173339844,784800,0.0,0.0
2014-07-14 00:00:00-04:00,66.6878282019488,67.06973079080865,66.04623464980234,66.28301239013672,676500,0.0,0.0
2014-07-15 00:00:00-04:00,65.80177842179435,66.59613603746354,65.5726346726593,65.60318756103516,1232500,0.0,0.0
2014-07-16 00:00:00-04:00,66.01566365949702,66.03857687617254,65.66431407327696,66.03093719482422,1270300,0.0,0.0
2014-07-17 00:00:00-04:00,65.70252259182897,66.17608392703026,65.4046390216226,65.7789077758789,1245700,0.0,0.0
2014-07-18 00:00:00-04:00,65.90108977920988,66.2524393549294,65.71013854279475,66.092041015625,754900,0.0,0.0
2014-07-21 00:00:00-04:00,65.83237853697584,66.20664149017526,65.61087430787404,66.1531753540039,630700,0.0,0.0
2014-07-22 00:00:00-04:00,66.43575534757194,66.95514293284882,66.28299086521453,66.79473876953125,1087300,0.0,0.0
2014-07-23 00:00:00-04:00,66.787119729929,67.36760740953711,66.787119729929,67.22248840332031,870400,0.0,0.0
2014-07-24 00:00:00-04:00,67.21484589785406,67.55092199210179,67.06208721539792,67.19193267822266,812500,0.0,0.0
2014-07-25 00:00:00-04:00,66.88641893879719,67.78006959493996,66.88641893879719,67.75715637207031,1111700,0.0,0.0
2014-07-28 00:00:00-04:00,67.71895916271326,67.99392362210129,66.68018381882027,67.72659301757812,1868600,0.0,0.0
2014-07-29 00:00:00-04:00,63.785360908589396,64.15962374879375,62.25011113722251,62.265384674072266,5154500,0.0,0.0
2014-07-30 00:00:00-04:00,62.45631035535086,63.02916390420184,61.822356856755185,62.08968734741211,3176900,0.0,0.0
2014-07-31 00:00:00-04:00,61.707819270575285,61.78419862072345,60.057997335994656,60.172569274902344,3219000,0.0,0.0
2014-08-01 00:00:00-04:00,60.157309365523005,60.50101943274879,59.73721410347176,59.928165435791016,1949200,0.0,0.0
2014-08-04 00:00:00-04:00,60.248945024467965,60.69959306994113,59.76011021988827,60.49336242675781,1691800,0.0,0.0
2014-08-05 00:00:00-04:00,60.164920659194166,60.97455796719909,59.92050327858532,60.287132263183594,1764000,0.0,0.0
2014-08-06 00:00:00-04:00,60.126733166287835,60.91345141837163,60.06562736504232,60.63848114013672,1105500,0.0,0.0
2014-08-07 00:00:00-04:00,60.84469996515065,61.08911729537205,60.09616861345267,60.31767272949219,916700,0.0,0.0
2014-08-08 00:00:00-04:00,60.50098506414719,61.050925521203276,60.149635511554436,60.997459411621094,995000,0.0,0.0
2014-08-11 00:00:00-04:00,60.997459411621094,61.32589574973132,60.79122882654061,60.997459411621094,1035100,0.0,0.0
2014-08-12 00:00:00-04:00,60.768316979083465,61.22660458851897,60.66138475751359,61.104393005371094,742100,0.0,0.0
2014-08-13 00:00:00-04:00,61.463371864007854,62.150797334669306,61.1043826833642,61.883460998535156,1033200,0.0,0.0
2014-08-14 00:00:00-04:00,61.86821548014278,62.05152707953126,61.69253773634125,61.9293212890625,457000,0.0,0.0
2014-08-15 00:00:00-04:00,61.936951097712445,62.29594041744623,61.30299731054735,61.6085205078125,1068200,0.0,0.0
2014-08-18 00:00:00-04:00,62.21189904068187,62.34175028634085,61.59321901334614,62.06678009033203,1516300,0.0,0.0
2014-08-19 00:00:00-04:00,62.34176884903313,62.41814818680734,62.03624567056635,62.295936584472656,664200,0.0,0.0
2014-08-20 00:00:00-04:00,62.34939057878395,62.754212062265935,62.12025261002098,62.647274017333984,964300,0.0,0.0
2014-08-21 00:00:00-04:00,62.57853651571009,62.92988607506127,62.18899437990746,62.62436294555664,570500,0.0,0.0
2014-08-22 00:00:00-04:00,62.56324674708441,62.58615995606196,62.03621963113082,62.127872467041016,911300,0.0,0.0
2014-08-25 00:00:00-04:00,62.41048588839889,62.891680786633124,62.27300079927942,62.55561065673828,568200,0.0,0.0
2014-08-26 00:00:00-04:00,62.76950866002299,62.845888011008924,62.22720769244064,62.24248123168945,800700,0.0,0.0
2014-08-27 00:00:00-04:00,62.47925861730119,62.63201730416809,61.998057681666765,62.16609573364258,1248200,0.0,0.0
2014-08-28 00:00:00-04:00,62.08971621076481,63.09793869233544,62.03625008777888,62.97572708129883,1330800,0.0,0.0
2014-08-29 00:00:00-04:00,63.029195517867805,63.47220388308129,62.7236781338025,62.99100875854492,673300,0.0,0.0
2014-09-02 00:00:00-04:00,63.250700265933745,63.60204992264635,62.97572995592029,63.44929122924805,1149600,0.0,0.0
2014-09-03 00:00:00-04:00,63.678425562358164,63.9152032498848,63.25069079561908,63.32707595825195,1350300,0.0,0.0
2014-09-04 00:00:00-04:00,63.31944753772338,63.89230139513215,62.99101109304752,63.06739044189453,944100,0.0,0.0
2014-09-05 00:00:00-04:00,63.14376804169745,63.68606897907185,63.01392256951709,63.67079544067383,830700,0.0,0.0
2014-09-08 00:00:00-04:00,63.73188267161459,64.1214189746086,63.49509919018631,63.68605041503906,1128100,0.0,0.0
2014-09-09 00:00:00-04:00,63.556208498605685,63.831178743803044,63.28123825340833,63.365257263183594,1080800,0.0,0.0
2014-09-10 00:00:00-04:00,63.35761561084677,63.854089972971174,63.09028505504719,63.8311767578125,1148400,0.0,0.0
2014-09-11 00:00:00-04:00,63.670121820026736,65.35755791319039,62.86475113581565,63.15621566772461,5640400,0.35,0.0
2014-09-12 00:00:00-04:00,63.35563289613287,64.80529524136882,63.16387855573786,63.7007942199707,2240900,0.0,0.0
2014-09-15 00:00:00-04:00,63.73913711283683,63.869528650722486,63.17154594354576,63.60874557495117,1126800,0.0,0.0
2014-09-16 00:00:00-04:00,63.67010956547751,64.46780828293028,63.39398286128702,64.21469116210938,1296500,0.0,0.0
2014-09-17 00:00:00-04:00,64.37577089698883,64.58286302106603,63.96925260951546,64.09197235107422,1234300,0.0,0.0
2014-09-18 00:00:00-04:00,64.46783865863662,64.92804809850122,64.3757944299115,64.91270446777344,956000,0.0,0.0
2014-09-19 00:00:00-04:00,65.15045146803871,65.33453398189,64.78228058845849,65.05073547363281,1728400,0.0,0.0
2014-09-22 00:00:00-04:00,64.98171730703507,65.05841787930659,64.24538127984708,64.299072265625,1027600,0.0,0.0
2014-09-23 00:00:00-04:00,64.33741607225978,64.33741607225978,63.478360347261464,63.49369812011719,756600,0.0,0.0
2014-09-24 00:00:00-04:00,63.739161948070745,64.6058955888677,63.55507936098428,64.5445327758789,957300,0.0,0.0
2014-09-25 00:00:00-04:00,64.21468138697462,64.38342610850125,63.06415557861328,63.06415557861328,1029600,0.0,0.0
2014-09-26 00:00:00-04:00,63.125558547343736,63.52440517333556,62.926132308407524,63.40935134887695,707600,0.0,0.0
2014-09-29 00:00:00-04:00,63.02581289591353,63.47068435384129,62.71133883212174,63.186885833740234,679900,0.0,0.0
2014-09-30 00:00:00-04:00,63.14851661287349,63.30191768572312,61.92129047444898,62.044010162353516,1047400,0.0,0.0
2014-10-01 00:00:00-04:00,61.890641273639176,61.890641273639176,60.44864469073747,60.586708068847656,1410300,0.0,0.0
2014-10-02 00:00:00-04:00,60.425637486328576,60.58671045849699,59.3288022313806,60.264564514160156,1798200,0.0,0.0
2014-10-03 00:00:00-04:00,60.62505500231864,61.21565581579018,60.34125646230448,60.52534484863281,1879300,0.0,0.0
2014-10-06 00:00:00-04:00,60.901181604598236,61.33838128044133,60.732436843417,60.947200775146484,1015000,0.0,0.0
2014-10-07 00:00:00-04:00,60.43328640943303,60.50998695971663,59.520534060990606,59.52820587158203,1297900,0.0,0.0
2014-10-08 00:00:00-04:00,59.42851188889957,60.22620485084481,58.65382266122525,60.103485107421875,1507600,0.0,0.0
2014-10-09 00:00:00-04:00,60.01143441298255,60.095806787646914,58.331670435296246,58.33933639526367,1350600,0.0,0.0
2014-10-10 00:00:00-04:00,58.12456568893558,58.27797264853175,56.575193434215784,57.20414733886719,2636400,0.0,0.0
2014-10-13 00:00:00-04:00,57.19648312292688,57.5569822110014,54.81105871431431,54.834068298339844,1878700,0.0,0.0
2014-10-14 00:00:00-04:00,55.07952440663977,56.98940218126983,55.033505229571745,55.85421371459961,2120400,0.0,0.0
2014-10-15 00:00:00-04:00,55.11019021869974,56.54451463431884,53.98267388446003,56.352760314941406,1667200,0.0,0.0
2014-10-16 00:00:00-04:00,55.24825715399858,57.196481867738,55.24825715399858,57.02006530761719,1350500,0.0,0.0
2014-10-17 00:00:00-04:00,57.718062266785125,58.42371690599462,57.37290676009402,57.633689880371094,1246800,0.0,0.0
2014-10-20 00:00:00-04:00,57.388234136624,58.20894241333008,57.127451063594776,58.20894241333008,1632900,0.0,0.0
2014-10-21 00:00:00-04:00,59.198409499423065,60.095818548981654,57.9941922866649,59.9040641784668,1093200,0.0,0.0
2014-10-22 00:00:00-04:00,60.27221464048241,60.68640464211535,59.51286337821685,59.54354476928711,1473300,0.0,0.0
2014-10-23 00:00:00-04:00,60.11116829386521,60.50234303617692,59.26744429622135,59.827369689941406,1364500,0.0,0.0
2014-10-24 00:00:00-04:00,59.80434043984284,59.81967821117636,58.45438833926458,59.48986053466797,1566300,0.0,0.0
2014-10-27 00:00:00-04:00,58.845570291954225,59.12169699795684,56.52917468625205,57.02006530761719,2857900,0.0,0.0
2014-10-28 00:00:00-04:00,57.51863589319004,58.715187072753906,57.15813676193138,58.715187072753906,1604600,0.0,0.0
2014-10-29 00:00:00-04:00,58.65383365526574,58.952970035034774,56.82066215796134,57.158145904541016,2805600,0.0,0.0
2014-10-30 00:00:00-04:00,56.76695508985281,58.29331796109784,56.75928327791105,58.11690139770508,1922100,0.0,0.0
2014-10-31 00:00:00-04:00,60.072805025768176,62.619302665322756,59.4054977534118,61.95966720581055,3363000,0.0,0.0
2014-11-03 00:00:00-05:00,63.28659738273161,63.708453375414535,62.68065302958009,62.918426513671875,2486300,0.0,0.0
2014-11-04 00:00:00-05:00,63.25593390696927,63.36331588838719,61.36139975328591,61.76024627685547,2611900,0.0,0.0
2014-11-05 00:00:00-05:00,62.14374827504096,63.09485408125738,62.11307272815001,62.926109313964844,1125500,0.0,0.0
2014-11-06 00:00:00-05:00,63.064177941956615,64.16101316895427,62.58862499918792,63.248260498046875,1593900,0.0,0.0
2014-11-07 00:00:00-05:00,63.22525426598856,63.263607482654315,62.31250154663265,63.25593566894531,1808000,0.0,0.0
2014-11-10 00:00:00-05:00,63.19455185726826,64.40644053777369,63.12552311247004,64.30672454833984,2632900,0.0,0.0
2014-11-11 00:00:00-05:00,64.25303015783626,64.88198404624875,63.99991892182267,64.68256378173828,1416900,0.0,0.0
2014-11-12 00:00:00-05:00,64.55987442410863,64.70560965072512,63.9769452214032,64.47550201416016,1261500,0.0,0.0
2014-11-13 00:00:00-05:00,64.64421381622999,64.65188562736509,63.716123632710584,64.0996322631836,737400,0.0,0.0
2014-11-14 00:00:00-05:00,64.33741259804381,64.59052972558175,64.0075949066126,64.56752014160156,723600,0.0,0.0
2014-11-17 00:00:00-05:00,64.29138026560985,64.49080637239969,64.1303073588523,64.3910903930664,650900,0.0,0.0
2014-11-18 00:00:00-05:00,64.50615025111135,65.64900432742537,64.19934217742323,65.57230377197266,951400,0.0,0.0
2014-11-19 00:00:00-05:00,65.53397713446529,65.61067771416187,64.95871400892224,65.40357971191406,1475200,0.0,0.0
2014-11-20 00:00:00-05:00,65.18113067129568,65.96348571777344,65.02005189372807,65.96348571777344,1220200,0.0,0.0
2014-11-21 00:00:00-05:00,66.9299317755031,68.21084927236754,66.9299317755031,67.3824691772461,1812800,0.0,0.0
2014-11-24 00:00:00-05:00,67.42084259085587,67.45918995653169,66.56178084378182,66.9452896118164,1574000,0.0,0.0
2014-11-25 00:00:00-05:00,66.6308162601922,67.19840760513092,66.18594467951183,66.27031707763672,908200,0.0,0.0
2014-11-26 00:00:00-05:00,66.33164574112278,66.58475695332756,65.58763816893786,66.5464096069336,642000,0.0,0.0
2014-11-28 00:00:00-05:00,65.88679233915802,65.88679233915802,63.44000509020762,63.601078033447266,1212400,0.0,0.0
2014-12-01 00:00:00-05:00,63.65478186302031,63.65478186302031,62.412217235256335,63.01816177368164,1451600,0.0,0.0
2014-12-02 00:00:00-05:00,63.4016759625907,64.27607553551466,63.01049535832059,64.16869354248047,1264400,0.0,0.0
2014-12-03 00:00:00-05:00,63.98459527915479,64.88967611844038,63.73147811222976,64.69792175292969,1402500,0.0,0.0
2014-12-04 00:00:00-05:00,64.42945698000662,64.57519214815757,63.48602307083023,63.83118438720703,1553900,0.0,0.0
2014-12-05 00:00:00-05:00,62.841730502718676,62.98746566899764,61.46109695870184,61.752567291259766,2519100,0.0,0.0
2014-12-08 00:00:00-05:00,62.01334371532881,62.335489557037775,60.786117281287105,61.069915771484375,1963200,0.0,0.0
2014-12-09 00:00:00-05:00,60.33359037761628,61.00856357046298,59.74298371348195,60.947200775146484,1598000,0.0,0.0
2014-12-10 00:00:00-05:00,60.7784484961503,60.8091298900135,57.77941393152208,58.18593215942383,2225800,0.0,0.0
2014-12-11 00:00:00-05:00,58.5868959858489,59.566168925337635,58.17821700498645,58.378700256347656,1774800,0.4,0.0
2014-12-12 00:00:00-05:00,57.73871935709413,57.792694956490315,55.811010974517416,55.949806213378906,2645500,0.0,0.0
2014-12-15 00:00:00-05:00,56.39702309673102,56.944491446468646,55.53340782062358,55.55654525756836,2908300,0.0,0.0
2014-12-16 00:00:00-05:00,55.194129104103126,56.71316373569426,54.79316260208157,55.18641662597656,2396400,0.0,0.0
2014-12-17 00:00:00-05:00,55.57197076011281,56.35076650619191,55.28666783377334,56.211971282958984,3208000,0.0,0.0
2014-12-18 00:00:00-05:00,56.74400360161243,57.68472594305254,56.3276238965167,57.66159439086914,1753800,0.0,0.0
2014-12-19 00:00:00-05:00,57.9854506790939,58.556056447278394,57.638465613841845,58.301597595214844,2387600,0.0,0.0
2014-12-22 00:00:00-05:00,58.301601034163724,58.98786460931345,57.9854540993947,58.98015213012695,1387800,0.0,0.0
2014-12-23 00:00:00-05:00,59.34255732182803,59.63556679507844,58.95701575459976,59.1883430480957,1506700,0.0,0.0
2014-12-24 00:00:00-05:00,59.40423552042316,59.465923572831784,58.79507923940502,59.21917724609375,431000,0.0,0.0
2014-12-26 00:00:00-05:00,58.94162243948673,59.64330533939013,58.88764683180185,59.18065643310547,611500,0.0,0.0
2014-12-29 00:00:00-05:00,59.13437135427642,59.535332022096966,58.648585182555976,58.87220001220703,922000,0.0,0.0
2014-12-30 00:00:00-05:00,58.82593428309356,59.2885829970146,58.51749984618034,59.0495491027832,914100,0.0,0.0
2014-12-31 00:00:00-05:00,59.06496169926585,59.29628897230391,58.44809877599257,58.494361877441406,1022000,0.0,0.0
2015-01-02 00:00:00-05:00,58.625466844447125,59.11895972358311,58.31703232426234,58.97245788574219,1566100,0.0,0.0
2015-01-05 00:00:00-05:00,58.34786264941825,58.40955071553475,56.84425280593984,56.9367790222168,2099000,0.0,0.0
2015-01-06 00:00:00-05:00,56.875097999835745,57.40714140298078,56.026907663564366,56.69774627685547,1497400,0.0,0.0
2015-01-07 00:00:00-05:00,57.19895392323964,57.229797958218384,56.15799274502422,56.3353385925293,1670200,0.0,0.0
2015-01-08 00:00:00-05:00,56.990755907430525,58.08569251987246,56.68232148455888,58.077980041503906,2297600,0.0,0.0
2015-01-09 00:00:00-05:00,58.38642641425751,58.52522163881194,56.94449857488078,57.39944076538086,1161100,0.0,0.0
2015-01-12 00:00:00-05:00,57.23751379342559,57.360884057675406,55.66450321467569,55.96522521972656,1697600,0.0,0.0
2015-01-13 00:00:00-05:00,56.51269394185235,56.92136713641925,54.59269823393496,55.31751251220703,1913700,0.0,0.0
2015-01-14 00:00:00-05:00,54.415332324047455,54.71605425242592,53.3512397992388,54.5772590637207,2089000,0.0,0.0
2015-01-15 00:00:00-05:00,54.99366116342526,55.05534923981759,53.78306060799495,53.821617126464844,2436300,0.0,0.0
2015-01-16 00:00:00-05:00,53.61341911331964,54.939683286193976,53.4746238886491,54.80088806152344,2255600,0.0,0.0
2015-01-20 00:00:00-05:00,54.99365493920675,55.20955729924516,53.44377602193372,53.86787414550781,2474100,0.0,0.0
2015-01-21 00:00:00-05:00,53.59029002942537,55.03221793654987,52.74209956525163,54.9396858215332,1943200,0.0,0.0
2015-01-22 00:00:00-05:00,55.39462003224419,55.98064497247621,54.88570812636003,55.888118743896484,1720400,0.0,0.0
2015-01-23 00:00:00-05:00,55.109331733893356,55.217282939642644,53.281861951595474,53.312705993652344,2868100,0.0,0.0
2015-01-26 00:00:00-05:00,53.45918558113583,54.10689247467084,53.01966850826666,53.798458099365234,1606300,0.0,0.0
2015-01-27 00:00:00-05:00,53.143035937745275,54.669782779735044,53.050509748040255,54.22255325317383,1328300,0.0,0.0
2015-01-28 00:00:00-05:00,54.60811714911207,54.85486356111351,52.79607263445475,52.93486785888672,1472500,0.0,0.0
2015-01-29 00:00:00-05:00,53.22015639059114,53.39750810345299,52.26401493241211,52.927146911621094,2675100,0.0,0.0
2015-01-30 00:00:00-05:00,52.27944227014305,55.3020869419434,51.76281206544779,54.662086486816406,4057000,0.0,0.0
2015-02-02 00:00:00-05:00,54.777751726413435,55.20955643976812,53.0042579973101,53.86016082763672,2598700,0.0,0.0
2015-02-03 00:00:00-05:00,54.24570324595443,56.497264832122845,54.237990766557814,56.38160705566406,3249200,0.0,0.0
2015-02-04 00:00:00-05:00,55.55654705327435,56.042327352656244,54.87028347417541,55.371482849121094,1757400,0.0,0.0
2015-02-05 00:00:00-05:00,55.703044443657944,57.35316189432266,55.695337847936216,57.01388931274414,1592500,0.0,0.0
2015-02-06 00:00:00-05:00,57.09098825606761,57.553636897560565,56.3276177034594,56.443275451660156,1468400,0.0,0.0
2015-02-09 00:00:00-05:00,56.44329043942614,58.10883305053948,56.44329043942614,57.507389068603516,1845800,0.0,0.0
2015-02-10 00:00:00-05:00,57.66159073946343,57.66159073946343,56.62834225471993,57.314605712890625,1137600,0.0,0.0
2015-02-11 00:00:00-05:00,57.121834267741626,57.24520449774076,56.21966850305291,56.95990753173828,1214200,0.0,0.0
2015-02-12 00:00:00-05:00,57.33004028025576,58.16281162857887,57.33004028025576,57.91606521606445,1040000,0.0,0.0
2015-02-13 00:00:00-05:00,58.09340338486471,58.679428243100475,57.91605754963532,58.347862243652344,1254300,0.0,0.0
2015-02-17 00:00:00-05:00,58.06257322069907,58.8028124620665,57.59991854730821,58.50209045410156,1328700,0.0,0.0
2015-02-18 00:00:00-05:00,58.15509812579519,58.44811352999526,57.8312445681094,58.23991775512695,982500,0.0,0.0
2015-02-19 00:00:00-05:00,57.761859593533345,58.23992753048333,57.33004889457604,57.592220306396484,1671900,0.0,0.0
2015-02-20 00:00:00-05:00,57.414861150153314,58.34787122644939,57.11413913725204,58.19365692138672,926800,0.0,0.0
2015-02-23 00:00:00-05:00,57.94689142688681,58.67170548154418,57.700145090278546,58.525203704833984,1177100,0.0,0.0
2015-02-24 00:00:00-05:00,58.81050118598345,58.97243380219622,58.27845788591564,58.47893524169922,661900,0.0,0.0
2015-02-25 00:00:00-05:00,58.54064143265972,59.018715185956644,58.54064143265972,58.78738784790039,747900,0.0,0.0
2015-02-26 00:00:00-05:00,58.42496431349151,58.97243849532949,57.75412577678104,58.054847717285156,1315900,0.0,0.0
2015-02-27 00:00:00-05:00,58.031744165697106,58.32475376931235,57.399455949443116,57.41487503051758,1295400,0.0,0.0
2015-03-02 00:00:00-05:00,57.41485586933344,58.162807534180565,56.69003575982828,58.14738845825195,1261100,0.0,0.0
2015-03-03 00:00:00-05:00,57.83123295717776,58.09339838945963,56.99846179069907,57.3068962097168,1393300,0.0,0.0
2015-03-04 00:00:00-05:00,57.56909525576249,57.59993341791141,56.944513638595694,57.41487503051758,1299800,0.0,0.0
2015-03-05 00:00:00-05:00,57.653870104995434,57.653870104995434,56.29676833639405,56.71315383911133,2105100,0.0,0.0
2015-03-06 00:00:00-05:00,56.389308242193884,56.62063553871418,55.494854853636944,55.61822509765625,1562600,0.0,0.0
2015-03-09 00:00:00-04:00,55.610536809315214,55.91896546234934,55.440897520406764,55.59511184692383,997900,0.0,0.0
2015-03-10 00:00:00-04:00,54.87799887495918,55.109326225815195,54.55414529007989,54.71607208251953,1011700,0.0,0.0
2015-03-11 00:00:00-04:00,54.55415231434535,55.33294822074438,54.18402968189938,54.26114273071289,1340100,0.0,0.0
2015-03-12 00:00:00-04:00,54.56355695725399,55.005586669368334,54.36192760469353,54.76518630981445,937400,0.4,0.0
2015-03-13 00:00:00-04:00,54.54030559168141,54.687644918258506,53.439109344595465,54.00521469116211,1434300,0.0,0.0
2015-03-16 00:00:00-04:00,53.63298014733274,53.91990813640106,52.84973229231722,53.69501495361328,2239900,0.0,0.0
2015-03-17 00:00:00-04:00,53.2374774106343,53.66399406355789,52.632595160522676,53.44685745239258,1462600,0.0,0.0
2015-03-18 00:00:00-04:00,53.09014729294648,55.37785076411293,52.80321330846605,54.88153076171875,1505500,0.0,0.0
2015-03-19 00:00:00-04:00,54.4705030741719,54.4705030741719,53.3072662134629,53.46236801147461,1697100,0.0,0.0
2015-03-20 00:00:00-04:00,53.50887924895826,54.082740935000736,53.299499281255876,53.865604400634766,1778200,0.0,0.0
2015-03-23 00:00:00-04:00,53.85011171535393,54.586826000974156,53.81909135685551,53.9664306640625,1373400,0.0,0.0
2015-03-24 00:00:00-04:00,53.788076037827565,54.11378095778409,53.547675632601894,53.69501495361328,728200,0.0,0.0
2015-03-25 00:00:00-04:00,53.819093042658466,54.144797942301516,53.24523118378329,53.39257049560547,1491400,0.0,0.0
2015-03-26 00:00:00-04:00,53.361562053848466,54.01297791514968,53.14442540559137,53.3770751953125,1515100,0.0,0.0
2015-03-27 00:00:00-04:00,53.43910601464364,53.749297788021714,52.787690274186275,53.28400421142578,1990900,0.0,0.0
2015-03-30 00:00:00-04:00,53.819090404846264,54.99008377220223,53.78807004689656,54.594581604003906,1379900,0.0,0.0
2015-03-31 00:00:00-04:00,53.98970283539941,54.377448459540815,53.516652700624604,53.71052551269531,1652400,0.0,0.0
2015-04-01 00:00:00-04:00,53.485635639583876,53.757056409917745,52.5783122430982,52.88850402832031,1621500,0.0,0.0
2015-04-02 00:00:00-04:00,52.83421679074644,53.29175970534535,52.5317756762356,52.787689208984375,1305800,0.0,0.0
2015-04-06 00:00:00-04:00,53.392566984639416,54.1913219597521,52.927273456241835,53.88113021850586,2323000,0.0,0.0
2015-04-07 00:00:00-04:00,53.92766569849629,54.35418236347217,53.881138113797235,54.214599609375,1659200,0.0,0.0
2015-04-08 00:00:00-04:00,54.23010740737942,54.780705526099055,53.81909796076681,54.43948745727539,1823000,0.0,0.0
2015-04-09 00:00:00-04:00,54.633361781410414,55.88190329487918,54.2921496197656,55.75782775878906,1557400,0.0,0.0
2015-04-10 00:00:00-04:00,55.83536632594334,56.07576670433542,55.354559652630854,56.068016052246094,1470700,0.0,0.0
2015-04-13 00:00:00-04:00,56.12230145397872,56.199849392303584,55.796590646568795,55.928428649902344,1119800,0.0,0.0
2015-04-14 00:00:00-04:00,56.00596747944923,57.02185891429633,55.95943990732722,56.76594543457031,1693100,0.0,0.0
2015-04-15 00:00:00-04:00,57.06066165533385,58.627151763061406,56.95984398141292,58.41001510620117,2549800,0.0,0.0
2015-04-16 00:00:00-04:00,58.22387044345972,58.782224955593094,57.94469318739303,58.433250427246094,2379100,0.0,0.0
2015-04-17 00:00:00-04:00,59.472425017535244,60.224652466077316,58.12306600165357,58.828765869140625,2767700,0.0,0.0
2015-04-20 00:00:00-04:00,59.21651866994749,59.51895981653981,58.34796624690866,58.71244812011719,1715800,0.0,0.0
2015-04-21 00:00:00-04:00,58.70468277063583,58.83652077411069,57.27002520223864,57.797359466552734,1934900,0.0,0.0
2015-04-22 00:00:00-04:00,57.96796963043767,59.24753134739184,57.83613754087711,58.99937438964844,1761500,0.0,0.0
2015-04-23 00:00:00-04:00,58.88304661071301,59.30181256555335,58.38673271976037,58.39448928833008,1531400,0.0,0.0
2015-04-24 00:00:00-04:00,58.588369764158166,59.1001909427898,58.22388790848841,58.526329040527344,1120300,0.0,0.0
2015-04-27 00:00:00-04:00,58.57285086338542,59.162225846845416,58.41775498609365,58.898555755615234,1279700,0.0,0.0
2015-04-28 00:00:00-04:00,58.58836953165148,58.766729215720964,57.929197199615764,58.743465423583984,1246700,0.0,0.0
2015-04-29 00:00:00-04:00,58.301446914454445,59.232034279331494,58.262669975697,59.1622428894043,1123700,0.0,0.0
2015-04-30 00:00:00-04:00,59.06142452983602,59.32508875101749,58.433272508055765,59.10795211791992,1639200,0.0,0.0
2015-05-01 00:00:00-04:00,59.67404951346652,61.5972704229457,59.14671522510358,61.06217956542969,2892100,0.0,0.0
2015-05-04 00:00:00-04:00,61.26381297644917,61.57401068115473,60.829539739778845,61.00014877319336,1986900,0.0,0.0
2015-05-05 00:00:00-04:00,61.57401834723733,62.76051924266831,61.52748483999406,61.682586669921875,2239600,0.0,0.0
2015-05-06 00:00:00-04:00,61.94624502532971,62.27970653235606,61.015657800224645,61.24055099487305,1683100,0.0,0.0
2015-05-07 00:00:00-04:00,61.06219462019572,61.13974258125954,60.55812399848563,60.72873306274414,1780400,0.0,0.0
2015-05-08 00:00:00-04:00,61.66707348469203,62.22542823897432,61.38014545345741,62.10135269165039,1738300,0.0,0.0
2015-05-11 00:00:00-04:00,61.95399934399129,62.45031330154994,61.52747676334133,62.116851806640625,2125300,0.0,0.0
2015-05-12 00:00:00-04:00,61.77563524696613,61.86093384047549,60.8372856365481,61.031158447265625,1160600,0.0,0.0
2015-05-13 00:00:00-04:00,61.0699261114375,61.14747404065441,60.49606433539906,60.7054443359375,1633400,0.0,0.0
2015-05-14 00:00:00-04:00,60.992394532495,61.10871941576753,60.5813850725908,60.65117645263672,1454300,0.0,0.0
2015-05-15 00:00:00-04:00,60.53485612782201,60.744242116785834,60.02303488602224,60.68220138549805,1311700,0.0,0.0
2015-05-18 00:00:00-04:00,60.697688958605674,60.86054730464163,59.95321817377104,60.434024810791016,1019900,0.0,0.0
2015-05-19 00:00:00-04:00,60.18586768740412,60.550349468871644,59.44139690498289,59.75159454345703,1425000,0.0,0.0
2015-05-20 00:00:00-04:00,59.88342947746044,60.240154707961075,59.580988392546246,59.937713623046875,958700,0.0,0.0
2015-05-21 00:00:00-04:00,59.922222531251755,60.72098370520814,59.922222531251755,60.58914566040039,1065800,0.0,0.0
2015-05-22 00:00:00-04:00,60.5115872810604,61.12422613919061,60.35649138231852,60.53485107421875,839300,0.0,0.0
2015-05-26 00:00:00-04:00,60.36425079908193,60.36425079908193,58.95285661612584,59.2475471496582,1398200,0.0,0.0
2015-05-27 00:00:00-04:00,59.13895853969051,59.62751584897891,58.96059296653741,59.387115478515625,934300,0.0,0.0
2015-05-28 00:00:00-04:00,59.278552001238445,59.40262752246242,58.9916181138321,59.33283615112305,805100,0.0,0.0
2015-05-29 00:00:00-04:00,59.51121343655456,60.8528162758353,59.29407677274736,59.53447723388672,1970500,0.0,0.0
2015-06-01 00:00:00-04:00,60.04631111882306,60.12385909073081,58.86756656284466,59.45693588256836,1912300,0.0,0.0
2015-06-02 00:00:00-04:00,59.34058410958369,59.99199979515384,58.797742635382164,59.67404556274414,1700400,0.0,0.0
2015-06-03 00:00:00-04:00,59.898941656100654,61.01565093378041,59.705068846310624,60.697696685791016,1551000,0.0,0.0
2015-06-04 00:00:00-04:00,60.30994920374843,60.66668036929088,59.68180321271598,60.325462341308594,1567700,0.0,0.0
2015-06-05 00:00:00-04:00,60.092814608830686,60.340971569291064,59.61201382598606,59.929962158203125,1645000,0.0,0.0
2015-06-08 00:00:00-04:00,60.21688543208453,60.7907471926377,60.13158093728949,60.379737854003906,1532300,0.0,0.0
2015-06-09 00:00:00-04:00,60.48832400699269,60.72097377363132,60.09282177031876,60.36424255371094,1379500,0.0,0.0
2015-06-10 00:00:00-04:00,60.77525536380098,61.22503582163001,60.68219427776958,60.93035125732422,1055400,0.0,0.0
2015-06-11 00:00:00-04:00,60.98491227722624,61.19536968162415,60.61077503110333,60.782257080078125,761800,0.4,0.0
2015-06-12 00:00:00-04:00,60.68871464531039,60.84460416016597,60.23662672670388,60.657535552978516,696300,0.0,0.0
2015-06-15 00:00:00-04:00,60.0807526936577,60.55622356733309,59.46497884173702,60.532840728759766,999800,0.0,0.0
2015-06-16 00:00:00-04:00,60.49386469239467,61.10963853745253,60.221055000737465,61.055076599121094,712100,0.0,0.0
2015-06-17 00:00:00-04:00,61.2031698162327,61.577313069196826,60.86800192494588,61.53833770751953,1051500,0.0,0.0
2015-06-18 00:00:00-04:00,61.647432527546094,62.81662146512375,61.57728404575662,62.645145416259766,1730300,0.0,0.0
2015-06-19 00:00:00-04:00,62.754301723643714,63.33110023296765,62.5360539604836,62.730918884277344,2578500,0.0,0.0
2015-06-22 00:00:00-04:00,63.954647571913455,65.10044792009636,63.603887266025964,64.72631072998047,2482700,0.0,0.0
2015-06-23 00:00:00-04:00,64.60941124370417,64.87443062250225,64.47690452770779,64.69515228271484,1456000,0.0,0.0
2015-06-24 00:00:00-04:00,64.77308619384675,65.39665620080633,64.00142291900761,64.17290496826172,1303600,0.0,0.0
2015-06-25 00:00:00-04:00,64.25865613062949,65.03811578889795,64.25085986894133,64.80427551269531,1606000,0.0,0.0
2015-06-26 00:00:00-04:00,64.8042685635805,65.39665950544651,64.75750289207686,65.27973937988281,3164600,0.0,0.0
2015-06-29 00:00:00-04:00,64.43013343626677,64.80427071432203,64.08716930904544,64.38336181640625,2607200,0.0,0.0
2015-06-30 00:00:00-04:00,64.76530179960396,65.22518610202704,63.34668542331793,63.775390625,2121100,0.0,0.0
2015-07-01 00:00:00-04:00,64.53144773201528,64.53144773201528,62.956936333473756,63.17518997192383,1463900,0.0,0.0
2015-07-02 00:00:00-04:00,63.29988282751875,63.52592671595248,62.06833582714267,62.50483703613281,1928600,0.0,0.0
2015-07-06 00:00:00-04:00,61.756597544651605,62.23985877536625,60.97713780808645,61.156410217285156,1572100,0.0,0.0
2015-07-07 00:00:00-04:00,60.93035286296493,61.218755043310196,59.27790238856651,61.070655822753906,2675400,0.0,0.0
2015-07-08 00:00:00-04:00,60.89136726138163,60.89136726138163,59.07522552781455,59.12978744506836,1511000,0.0,0.0
2015-07-09 00:00:00-04:00,60.19765933590618,60.626358489507346,59.496144601972276,59.519527435302734,1087000,0.0,0.0
2015-07-10 00:00:00-04:00,60.21323141468086,60.6887020672918,59.90924276095289,60.166465759277344,1064300,0.0,0.0
2015-07-13 00:00:00-04:00,60.44710154546612,60.76667692712293,60.09634111568023,60.6887321472168,1019900,0.0,0.0
2015-07-14 00:00:00-04:00,60.40812145945712,61.82673775134249,60.3067938481814,61.779972076416016,1179700,0.0,0.0
2015-07-15 00:00:00-04:00,61.67085892468346,62.091767912608454,61.335690986899074,61.78777313232422,1756200,0.0,0.0
2015-07-16 00:00:00-04:00,61.912466044760414,62.247633855299846,61.1096237407902,62.068355560302734,1711200,0.0,0.0
2015-07-17 00:00:00-04:00,62.24765248420841,62.66076517615159,60.6263748714303,60.93815994262695,1639600,0.0,0.0
2015-07-20 00:00:00-04:00,60.63415866966907,60.7510787906845,59.8469028647565,59.93264389038086,1029600,0.0,0.0
2015-07-21 00:00:00-04:00,59.82351238516307,60.36134130502313,59.57408560071271,59.69100570678711,1448200,0.0,0.0
2015-07-22 00:00:00-04:00,59.628647294185235,59.8313084141463,58.85698411195373,59.00507736206055,1191100,0.0,0.0
2015-07-23 00:00:00-04:00,59.02845912049372,59.02845912049372,56.916119051369364,58.08530807495117,2619700,0.0,0.0
2015-07-24 00:00:00-04:00,58.08529402317527,58.29575132671658,56.95508061918432,57.3292236328125,1723600,0.0,0.0
2015-07-27 00:00:00-04:00,56.8304029517197,56.93952682124503,55.85607844038289,56.20683288574219,2550900,0.0,0.0
2015-07-28 00:00:00-04:00,57.5864637920997,61.148593350025834,57.47733994149571,60.033966064453125,4745700,0.0,0.0
2015-07-29 00:00:00-04:00,59.96382312189267,61.616279500544465,59.96382312189267,60.86020278930664,1677600,0.0,0.0
2015-07-30 00:00:00-04:00,60.93815322534481,61.38244497011343,60.35355851134373,61.257728576660156,1298800,0.0,0.0
2015-07-31 00:00:00-04:00,61.73319466352549,61.73319466352549,60.84461124244962,61.1096305847168,1416000,0.0,0.0
2015-08-03 00:00:00-04:00,60.9848977970893,61.17976263432791,60.01836986949063,60.44707489013672,1242500,0.0,0.0
2015-08-04 00:00:00-04:00,60.74328165179452,61.17198677371728,60.509441413144955,60.68092346191406,1223200,0.0,0.0
2015-08-05 00:00:00-04:00,61.30450117159867,61.56951459168992,60.080749788719274,60.096336364746094,899100,0.0,0.0
2015-08-06 00:00:00-04:00,60.174278578267106,60.43929793388767,59.59748014093499,60.11971664428711,1146000,0.0,0.0
2015-08-07 00:00:00-04:00,60.00280979700219,60.40032995882012,59.54292548569163,59.761173248291016,1048600,0.0,0.0
2015-08-10 00:00:00-04:00,60.21324793245423,62.208662401089605,59.776752504141285,62.16969299316406,1098900,0.0,0.0
2015-08-11 00:00:00-04:00,61.00830269315203,61.156401925998715,60.072953514806265,60.50944900512695,1504600,0.0,0.0
2015-08-12 00:00:00-04:00,59.90927212699495,60.58740419676228,59.47277660446268,60.40032958984375,1400300,0.0,0.0
2015-08-13 00:00:00-04:00,60.236630820682485,60.40031660644688,59.77675255784026,60.36134719848633,1206200,0.0,0.0
2015-08-14 00:00:00-04:00,60.166479613476746,60.3457519650053,59.48055146000001,59.6286506652832,1047100,0.0,0.0
2015-08-17 00:00:00-04:00,59.33245962971928,60.46267353264322,58.56079043848302,60.33796310424805,907000,0.0,0.0
2015-08-18 00:00:00-04:00,59.862500174977825,60.25222997833887,59.50394352269739,59.94044494628906,802300,0.0,0.0
2015-08-19 00:00:00-04:00,59.28569891381457,59.355853374461326,58.03856466658782,58.537418365478516,1255500,0.0,0.0
2015-08-20 00:00:00-04:00,58.23341771257437,58.888166775706175,57.32924779762584,57.594261169433594,1682700,0.0,0.0
2015-08-21 00:00:00-04:00,57.29027902511224,57.633243142661826,56.097706821384364,56.10550308227539,1222700,0.0,0.0
2015-08-24 00:00:00-04:00,54.024341635874514,55.95740401262371,49.768493038826925,53.712562561035156,1591600,0.0,0.0
2015-08-25 00:00:00-04:00,55.55208321629387,55.59885483623977,52.80838803392959,52.823974609375,1913100,0.0,0.0
2015-08-26 00:00:00-04:00,54.086691346521285,54.788206048492476,53.096780450875734,54.46083450317383,2516200,0.0,0.0
2015-08-27 00:00:00-04:00,55.49752082538441,57.04085344119383,55.302655926493586,56.61214828491211,1789900,0.0,0.0
2015-08-28 00:00:00-04:00,56.113283943502104,57.34483129741367,56.113283943502104,56.674495697021484,1391600,0.0,0.0
2015-08-31 00:00:00-04:00,56.31595896468083,56.9317327936206,55.08441130680129,56.479644775390625,944600,0.0,0.0
2015-09-01 00:00:00-04:00,54.6790895039347,55.466345327239814,54.0789023105421,54.58555221557617,1403000,0.0,0.0
2015-09-02 00:00:00-04:00,55.78591619779642,55.80150277120841,53.923008467850536,54.79600524902344,1053400,0.0,0.0
2015-09-03 00:00:00-04:00,55.41176838233234,55.96518981439591,54.99865583325117,55.544281005859375,1520200,0.0,0.0
2015-09-04 00:00:00-04:00,54.29715722083255,54.98307951068058,54.04772444619182,54.195823669433594,1592900,0.0,0.0
2015-09-08 00:00:00-04:00,55.34941106524209,55.87164741153552,54.79599563079343,55.591041564941406,1170100,0.0,0.0
2015-09-09 00:00:00-04:00,56.627732229318845,57.149968652007075,54.819386479404315,54.89733123779297,1172600,0.0,0.0
2015-09-10 00:00:00-04:00,54.82678316859072,55.62637042666872,54.58376648815508,54.999244689941406,880600,0.4,0.0
2015-09-11 00:00:00-04:00,54.599443064652775,54.90516810419132,54.16828930080572,54.77973937988281,1133300,0.0,0.0
2015-09-14 00:00:00-04:00,54.717040192763754,54.74055658733044,53.705793360993965,54.160457611083984,728100,0.0,0.0
2015-09-15 00:00:00-04:00,54.348589612465176,55.06978680859494,54.14477093329092,55.00707244873047,937300,0.0,0.0
2015-09-16 00:00:00-04:00,54.88165365731744,56.08103746733501,54.88165365731744,55.924251556396484,868800,0.0,0.0
2015-09-17 00:00:00-04:00,55.759627652494366,56.60625358092048,55.29712269836216,55.446067810058594,868100,0.0,0.0
2015-09-18 00:00:00-04:00,54.2859001159668,54.99142203565027,53.85474617038988,54.2859001159668,1528600,0.0,0.0
2015-09-21 00:00:00-04:00,54.630815932182266,55.76748566394539,54.44267279169691,55.59502410888672,1137500,0.0,0.0
2015-09-22 00:00:00-04:00,54.49753708969658,54.78758656292472,53.862570545916846,54.450504302978516,1161000,0.0,0.0
2015-09-23 00:00:00-04:00,54.57592359742608,54.842450650400586,53.07080889442566,53.157039642333984,1037400,0.0,0.0
2015-09-24 00:00:00-04:00,52.48288569381663,53.03946826146845,51.032650251295344,52.796451568603516,1867500,0.0,0.0
2015-09-25 00:00:00-04:00,53.211925019423816,53.556848087600486,51.855761102768724,52.208518981933594,1637500,0.0,0.0
2015-09-28 00:00:00-04:00,51.70680573282208,51.87926723278832,49.57456832502574,49.62160110473633,1944300,0.0,0.0
2015-09-29 00:00:00-04:00,49.84109484921952,50.39767129925002,49.26099902061213,49.723506927490234,1477300,0.0,0.0
2015-09-30 00:00:00-04:00,50.26441451524272,51.44028192858096,50.09979080468241,50.73476028442383,1558800,0.0,0.0
2015-10-01 00:00:00-04:00,51.056164823967485,51.53435142028576,50.44471467936941,51.346214294433594,1263400,0.0,0.0
2015-10-02 00:00:00-04:00,50.66420341107788,52.11444462295252,50.044915533752466,51.996856689453125,1665600,0.0,0.0
2015-10-05 00:00:00-04:00,52.53774926225929,53.8704024809731,52.37312855503833,53.62739181518555,1083100,0.0,0.0
2015-10-06 00:00:00-04:00,53.799842319247965,54.983550319861074,53.64306241672182,54.85812759399414,1559600,0.0,0.0
2015-10-07 00:00:00-04:00,55.09330881328198,55.97129199855409,54.57593024359692,55.234413146972656,1716000,0.0,0.0
2015-10-08 00:00:00-04:00,55.18737349182715,56.28485084158837,55.101142744153535,56.04967498779297,1020400,0.0,0.0
2015-10-09 00:00:00-04:00,56.488673250728624,56.520030435345745,54.873817117961195,55.516624450683594,1288900,0.0,0.0
2015-10-12 00:00:00-04:00,55.60285112609823,55.822345421512715,54.9678846313962,55.665565490722656,653100,0.0,0.0
2015-10-13 00:00:00-04:00,55.05410893120829,56.143745470496064,54.6935043672925,55.57148742675781,996400,0.0,0.0
2015-10-14 00:00:00-04:00,54.936547909645846,55.73613542370702,54.72488834540071,55.352020263671875,1434500,0.0,0.0
2015-10-15 00:00:00-04:00,55.477418231085494,55.79098404989115,53.893919518234235,54.81893539428711,2304000,0.0,0.0
2015-10-16 00:00:00-04:00,55.08545728600583,55.47741302755659,53.65090381731521,54.105567932128906,1736000,0.0,0.0
2015-10-19 00:00:00-04:00,53.70579889826414,54.17614478040756,53.306002207094664,54.08207321166992,1232000,0.0,0.0
2015-10-20 00:00:00-04:00,54.07423529163044,55.69693237925354,53.82338377018824,54.82678985595703,1227800,0.0,0.0
2015-10-21 00:00:00-04:00,55.11681446302228,55.618517333745665,54.027177979972755,54.105567932128906,803900,0.0,0.0
2015-10-22 00:00:00-04:00,55.13249944654845,56.30052595388403,54.84245002681208,55.963443756103516,1510100,0.0,0.0
2015-10-23 00:00:00-04:00,56.394599315534805,57.38232357104428,55.979127147313605,57.068763732910156,1520000,0.0,0.0
2015-10-26 00:00:00-04:00,57.01387855499805,57.06875211357619,56.128054848390384,56.19076919555664,789300,0.0,0.0
2015-10-27 00:00:00-04:00,55.75963275813195,56.684648731866204,55.453907697223876,56.57490158081055,1682100,0.0,0.0
2015-10-28 00:00:00-04:00,56.55137019072062,57.78211089896164,56.35539233284294,57.75859451293945,1098100,0.0,0.0
2015-10-29 00:00:00-04:00,57.335290405793586,57.86835050011455,56.91981824036719,57.78211975097656,1471900,0.0,0.0
2015-10-30 00:00:00-04:00,57.060928950322165,57.11580252584999,55.6734019993352,56.57490158081055,1869600,0.0,0.0
2015-11-02 00:00:00-05:00,56.5905881932151,57.04525243910209,56.02617080574522,56.59842300415039,1202100,0.0,0.0
2015-11-03 00:00:00-05:00,56.45731099670642,57.44504129075561,56.22214110435149,56.98253631591797,1369900,0.0,0.0
2015-11-04 00:00:00-05:00,57.16282922512756,57.42936226415422,55.82234118213056,55.88505554199219,1347200,0.0,0.0
2015-11-05 00:00:00-05:00,55.7361180843375,55.96345318446807,54.873816450554486,55.39120101928711,1322700,0.0,0.0
2015-11-06 00:00:00-05:00,55.03059662033402,55.90073904899564,54.873816679273226,55.73611831665039,803000,0.0,0.0
2015-11-09 00:00:00-05:00,55.6263636930668,55.74395162346012,54.06638136010913,54.29371643066406,1212900,0.0,0.0
2015-11-10 00:00:00-05:00,54.176126235494436,54.53672482106108,53.157038855714994,53.79201126098633,1535700,0.0,0.0
2015-11-11 00:00:00-05:00,53.807706411556765,54.050717159945954,52.39666275464938,52.84349822998047,1792600,0.0,0.0
2015-11-12 00:00:00-05:00,52.31825823494042,53.18840058483762,51.74600611917395,52.851318359375,1489300,0.0,0.0
2015-11-13 00:00:00-05:00,52.98459176536461,54.04287740156943,52.52208670840442,53.776344299316406,1597700,0.0,0.0
2015-11-16 00:00:00-05:00,53.77633987734458,54.622965924382484,53.61955993416191,54.568092346191406,1010000,0.0,0.0
2015-11-17 00:00:00-05:00,54.49752734096561,55.32063684591947,54.105571573039086,54.56024169921875,1471000,0.0,0.0
2015-11-18 00:00:00-05:00,54.75622611846199,56.19862662658599,54.63080336775661,56.14375305175781,1293900,0.0,0.0
2015-11-19 00:00:00-05:00,56.04968772210926,56.5435499503591,55.28929240028444,55.579341888427734,986800,0.0,0.0
2015-11-20 00:00:00-05:00,55.72826117794301,56.135898474358285,55.48525054635251,55.83017349243164,963800,0.0,0.0
2015-11-23 00:00:00-05:00,55.76746745493966,56.31620315025278,55.65772031587704,55.955604553222656,765300,0.0,0.0
2015-11-24 00:00:00-05:00,55.80667152342093,56.731687497155185,55.4617484882339,56.57490158081055,914400,0.0,0.0
2015-11-25 00:00:00-05:00,56.4651573339201,56.67681683667882,55.43823494732264,55.60285568237305,974400,0.0,0.0
2015-11-27 00:00:00-05:00,55.493094763627866,56.19861629657155,55.27360050466094,55.861534118652344,296800,0.0,0.0
2015-11-30 00:00:00-05:00,55.89290002998953,57.00605307771121,55.88505923929546,56.95117950439453,1301800,0.0,0.0
2015-12-01 00:00:00-05:00,57.07661326019179,57.186360427992426,55.289295406556214,56.864959716796875,1707700,0.0,0.0
2015-12-02 00:00:00-05:00,56.44163800063518,57.13147808978755,55.963451422445885,56.2691764831543,1013500,0.0,0.0
2015-12-03 00:00:00-05:00,56.3710866008555,56.84143236949134,55.62636698480872,55.76747131347656,1159200,0.0,0.0
2015-12-04 00:00:00-05:00,55.7988370661353,57.78997357394224,55.79099627423527,57.46856689453125,1396000,0.0,0.0
2015-12-07 00:00:00-05:00,56.48867636944245,57.02957736760068,55.1481880521028,55.579341888427734,1266300,0.0,0.0
2015-12-08 00:00:00-05:00,54.65431459045462,55.29712182654646,53.90959502448435,54.01934814453125,1196900,0.0,0.0
2015-12-09 00:00:00-05:00,53.619549407707304,55.97128397838946,53.619549407707304,55.57148742675781,1700200,0.0,0.0
2015-12-10 00:00:00-05:00,55.46103498012936,55.57939093069822,54.648333349968254,54.76668930053711,999700,0.46,0.0
2015-12-11 00:00:00-05:00,53.78039948685776,54.58520911115448,53.13338776283772,53.235965728759766,1483000,0.0,0.0
2015-12-14 00:00:00-05:00,52.93612837416163,53.39376815746595,51.98140083854412,52.6284065246582,1591000,0.0,0.0
2015-12-15 00:00:00-05:00,53.25963179829888,53.62258560372952,52.55739417173019,53.03870391845703,1322900,0.0,0.0
2015-12-16 00:00:00-05:00,53.2990823376474,54.072329867075716,52.825658603086396,54.06443786621094,1056600,0.0,0.0
2015-12-17 00:00:00-05:00,53.953990611203906,54.04078458804687,52.67576298830704,52.70732498168945,938100,0.0,0.0
2015-12-18 00:00:00-05:00,52.36802480934046,53.57524208697732,52.18654490872753,52.51793670654297,1781400,0.0,0.0
2015-12-21 00:00:00-05:00,52.73884836643337,53.441091750545596,52.328554745663276,52.65994644165039,961700,0.0,0.0
2015-12-22 00:00:00-05:00,52.857235673387294,53.79618538980959,52.486389784721865,53.2596435546875,991200,0.0,0.0
2015-12-23 00:00:00-05:00,53.78041154743485,54.67201533368982,53.22019365979342,54.64045333862305,982900,0.0,0.0
2015-12-24 00:00:00-05:00,54.545751386933176,54.79824125372415,54.27748353714481,54.372169494628906,424500,0.0,0.0
2015-12-28 00:00:00-05:00,53.96976504394697,54.088120993176815,53.417439287485585,53.819847106933594,500800,0.0,0.0
2015-12-29 00:00:00-05:00,54.27748139898035,54.743007126980395,54.04076952451159,54.498409271240234,532500,0.0,0.0
2015-12-30 00:00:00-05:00,53.985541265106264,54.21436115418989,53.370097573007826,53.49634552001953,704300,0.0,0.0
2015-12-31 00:00:00-05:00,53.220178730002516,53.85140641459039,53.08604480347343,53.26752471923828,565000,0.0,0.0
2016-01-04 00:00:00-05:00,52.47060919624331,52.59685716052164,51.38174759359694,52.57318115234375,1415500,0.0,0.0
2016-01-05 00:00:00-05:00,52.967689909771885,53.7409435377236,52.15498831314755,52.95191192626953,1335200,0.0,0.0
2016-01-06 00:00:00-05:00,52.020852491493784,52.64418816424619,51.42907880443136,51.92616653442383,1458900,0.0,0.0
2016-01-07 00:00:00-05:00,50.91620184261508,51.88671323845316,50.43489214498119,51.0818977355957,1699100,0.0,0.0
2016-01-08 00:00:00-05:00,51.26338017434349,51.863045830967806,50.07983286301894,50.2297477722168,1304600,0.0,0.0
2016-01-11 00:00:00-05:00,50.40333256321299,50.64004140888363,48.71480565153514,49.117210388183594,1510800,0.0,0.0
2016-01-12 00:00:00-05:00,49.78788612388248,50.087718934718986,48.4780939627541,49.71687316894531,1002400,0.0,0.0
2016-01-13 00:00:00-05:00,50.166634734396695,50.49013759683662,49.18823414486889,49.48017501831055,1187400,0.0,0.0
2016-01-14 00:00:00-05:00,49.622193846705166,50.68738523843253,49.05409016582843,50.46645736694336,1225100,0.0,0.0
2016-01-15 00:00:00-05:00,49.11722957031644,49.614320447298944,47.90211987543365,48.71482467651367,1525200,0.0,0.0
2016-01-19 00:00:00-05:00,49.38547945155097,49.50383537511598,47.58648867682621,48.28083419799805,1433000,0.0,0.0
2016-01-20 00:00:00-05:00,47.38134375811409,48.47020813489461,46.43450530047523,47.95733642578125,1433800,0.0,0.0
2016-01-21 00:00:00-05:00,47.89421925233411,49.30658655435379,47.36556650932346,48.32818603515625,1491100,0.0,0.0
2016-01-22 00:00:00-05:00,49.46439598908881,50.4822476003464,48.91996520186401,49.36182403564453,1134800,0.0,0.0
2016-01-25 00:00:00-05:00,49.02254210174874,49.40916596290197,47.83899450978902,47.941566467285156,1021000,0.0,0.0
2016-01-26 00:00:00-05:00,48.05991041408463,49.495947559151695,47.83898254866398,49.448604583740234,1522200,0.0,0.0
2016-01-27 00:00:00-05:00,49.093551967471385,49.89047263787392,48.47021621948225,48.91207504272461,1337400,0.0,0.0
2016-01-28 00:00:00-05:00,49.9772679394213,50.324440803441476,49.25135721112103,49.75634002685547,1697400,0.0,0.0
2016-01-29 00:00:00-05:00,45.653368589470624,48.47021114413435,44.20943932519061,48.29662322998047,5854600,0.0,0.0
2016-02-01 00:00:00-05:00,46.41083791622456,48.430759871640284,46.158348048037176,47.70484924316406,2574700,0.0,0.0
2016-02-02 00:00:00-05:00,46.71066725245773,46.91581412622159,45.874292745754325,46.347713470458984,1943700,0.0,0.0
2016-02-03 00:00:00-05:00,46.836917377254466,48.55700654716768,45.81906586654204,48.367637634277344,1817600,0.0,0.0
2016-02-04 00:00:00-05:00,48.47020999691879,49.32236253458839,48.154596162275766,48.41497802734375,2667600,0.0,0.0
2016-02-05 00:00:00-05:00,47.98890005884896,48.998859509742445,47.34978340075235,47.64961624145508,1889300,0.0,0.0
2016-02-08 00:00:00-05:00,47.19987394235223,47.554938793456564,45.85063051807266,46.37139129638672,2043400,0.0,0.0
2016-02-09 00:00:00-05:00,45.55868814927526,46.62387965770256,45.04581638008178,46.103118896484375,2323500,0.0,0.0
2016-02-10 00:00:00-05:00,46.25302988696679,47.168306389676616,45.70859918610273,46.276702880859375,1221700,0.0,0.0
2016-02-11 00:00:00-05:00,45.045812460002644,46.426617707757245,44.97479949829288,46.11100387573242,1231300,0.0,0.0
2016-02-12 00:00:00-05:00,46.450292087739,47.98890439712012,45.763835399522875,47.8626594543457,1827500,0.0,0.0
2016-02-16 00:00:00-05:00,48.43075566467378,49.235568178329295,47.8153090307511,49.20400619506836,1479200,0.0,0.0
2016-02-17 00:00:00-05:00,49.764217935041714,50.813631305818085,49.71687496007257,50.379661560058594,1147200,0.0,0.0
2016-02-18 00:00:00-05:00,50.57692493866019,50.62427092869229,49.33814555318326,50.07194519042969,926700,0.0,0.0
2016-02-19 00:00:00-05:00,49.70898671739562,49.79578066785389,49.06987009031633,49.23556900024414,1115900,0.0,0.0
2016-02-22 00:00:00-05:00,50.14295142518079,50.9398719190306,50.11928144325857,50.90830993652344,849100,0.0,0.0
2016-02-23 00:00:00-05:00,50.52958006287139,50.884641844557564,49.48016667990329,49.6458625793457,838300,0.0,0.0
2016-02-24 00:00:00-05:00,49.00674898623249,50.450675126171774,48.549109252425836,50.38755416870117,869800,0.0,0.0
2016-02-25 00:00:00-05:00,50.38756102704938,50.93988076728102,49.71688232689879,50.924102783203125,1064800,0.0,0.0
2016-02-26 00:00:00-05:00,51.2712812466607,51.89461097679016,51.026677332223144,51.413307189941406,1104800,0.0,0.0
2016-02-29 00:00:00-05:00,51.40541813936701,51.894613956664564,50.608494410762674,50.61638641357422,1316000,0.0,0.0
2016-03-01 00:00:00-05:00,51.41331230334144,52.644199920971666,51.05824439990877,52.454833984375,1367000,0.0,0.0
2016-03-02 00:00:00-05:00,52.297020649744525,53.20440831802723,51.94984477183325,53.133392333984375,1136100,0.0,0.0
2016-03-03 00:00:00-05:00,53.21229193335446,54.12756544017238,53.00714203603036,54.040771484375,1777700,0.0,0.0
2016-03-04 00:00:00-05:00,54.19068136494578,55.405790545846266,53.7882736314411,54.97182083129883,1552800,0.0,0.0
2016-03-07 00:00:00-05:00,54.774585706250924,55.73720545830715,54.63255974250763,55.539947509765625,1233400,0.0,0.0
2016-03-08 00:00:00-05:00,54.88503052932033,55.22431432324672,54.206462941467564,54.34060287475586,1232400,0.0,0.0
2016-03-09 00:00:00-05:00,54.664102753218,55.53992822217752,54.427396909070936,55.516258239746094,1421600,0.0,0.0
2016-03-10 00:00:00-05:00,55.358454092729886,55.60305193652302,54.04076688496942,54.75089645385742,1450200,0.0,0.0
2016-03-11 00:00:00-05:00,55.37045532701888,56.82402061127588,55.148053087680296,56.72076416015625,1700100,0.46,0.0
2016-03-14 00:00:00-04:00,56.0376690253232,56.26007126831419,55.298972398242164,55.70405960083008,1439600,0.0,0.0
2016-03-15 00:00:00-04:00,54.77472758663424,55.537252079579716,54.369634366629896,55.4101676940918,951900,0.0,0.0
2016-03-16 00:00:00-04:00,55.27514121012576,56.784307155938976,55.14805680479784,56.625450134277344,1137700,0.0,0.0
2016-03-17 00:00:00-04:00,57.15763051349266,58.714452427088894,56.974945535982755,58.55559539794922,1702200,0.0,0.0
2016-03-18 00:00:00-04:00,58.95272229965066,59.556389695870514,58.094880114496924,58.37288284301758,1955300,0.0,0.0
2016-03-21 00:00:00-04:00,58.57941324090168,58.63501379750975,57.63419771855838,58.46821212768555,1019100,0.0,0.0
2016-03-22 00:00:00-04:00,58.06311055052088,58.357002627500805,57.48327712351316,57.92808151245117,1186300,0.0,0.0
2016-03-23 00:00:00-04:00,57.729517544256325,58.1266661222823,57.41179746983427,57.68980026245117,939700,0.0,0.0
2016-03-24 00:00:00-04:00,56.91138847145634,57.864542568198495,56.30772097818313,57.856597900390625,1089500,0.0,0.0
2016-03-28 00:00:00-04:00,57.951923598254254,58.21404313143056,57.36414536083416,57.88043975830078,669900,0.0,0.0
2016-03-29 00:00:00-04:00,57.45151807856587,58.380844350560935,56.95110696287104,58.18227005004883,926200,0.0,0.0
2016-03-30 00:00:00-04:00,58.54763948909215,58.88124282224792,58.166380268344426,58.19814682006836,758500,0.0,0.0
2016-03-31 00:00:00-04:00,58.05517554223032,58.063120210498916,57.18144989288069,57.37208557128906,1685900,0.0,0.0
2016-04-01 00:00:00-04:00,57.10995863302144,58.61912422749735,56.625436951742245,58.5079231262207,1556300,0.0,0.0
2016-04-04 00:00:00-04:00,58.269628498674344,58.349056986801266,57.39590300926778,57.58653259277344,837500,0.0,0.0
2016-04-05 00:00:00-04:00,57.173506134318785,57.475336841266426,56.81606881450646,57.30059051513672,762400,0.0,0.0
2016-04-06 00:00:00-04:00,57.32442227768156,57.51505795162038,56.347440203771335,57.395912170410156,1249900,0.0,0.0
2016-04-07 00:00:00-04:00,56.911396498431046,57.23705520441433,56.02972610758812,56.5460205078125,1354600,0.0,0.0
2016-04-08 00:00:00-04:00,57.10996224323664,57.72156833892098,56.89549863435609,57.14967346191406,885200,0.0,0.0
2016-04-11 00:00:00-04:00,57.38002036175455,57.928087295701786,57.141734869607944,57.340309143066406,666100,0.0,0.0
2016-04-12 00:00:00-04:00,57.65802209256966,58.47615317486616,57.451509215102156,58.17431640625,920400,0.0,0.0
2016-04-13 00:00:00-04:00,58.690621291354496,59.10365924069797,58.36496258130183,59.063941955566406,934400,0.0,0.0
2016-04-14 00:00:00-04:00,59.07981151653492,59.54844992025055,58.73826354772707,58.90507125854492,1170000,0.0,0.0
2016-04-15 00:00:00-04:00,58.93684612086217,59.54845832011998,58.682671275198324,59.286338806152344,950400,0.0,0.0
2016-04-18 00:00:00-04:00,58.69856172234434,59.53257010982978,58.50793209949144,59.39754104614258,1019500,0.0,0.0
2016-04-19 00:00:00-04:00,59.83439390291177,60.98612211810181,59.83439390291177,60.922576904296875,2306100,0.0,0.0
2016-04-20 00:00:00-04:00,60.771668429409814,61.37532981861445,60.168000980199665,61.113216400146484,1077200,0.0,0.0
2016-04-21 00:00:00-04:00,61.18468921349373,61.31971823203991,60.279191232647875,60.42216491699219,853500,0.0,0.0
2016-04-22 00:00:00-04:00,60.827278137371295,61.27208260901362,60.56515861943645,60.79550552368164,651700,0.0,0.0
2016-04-25 00:00:00-04:00,60.43806726615973,60.72401472510909,59.80263318183273,60.326866149902344,737600,0.0,0.0
2016-04-26 00:00:00-04:00,60.66048493008184,61.20854592773245,60.43807660320102,61.073516845703125,657900,0.0,0.0
2016-04-27 00:00:00-04:00,61.18471477580319,61.88370021796144,60.866994671186426,61.708953857421875,1161800,0.0,0.0
2016-04-28 00:00:00-04:00,61.15291650079258,62.582653341675346,60.97817021357308,62.1219596862793,2192300,0.0,0.0
2016-04-29 00:00:00-04:00,58.849473840870964,60.78756085591597,58.81770728718739,60.66841506958008,2665200,0.0,0.0
2016-05-02 00:00:00-04:00,60.34276833008804,61.93136296903728,59.85030181041103,61.20854949951172,2086700,0.0,0.0
2016-05-03 00:00:00-04:00,60.60485972158415,60.676343538296685,60.14416603608735,60.517486572265625,1033300,0.0,0.0
2016-05-04 00:00:00-04:00,60.12829186229897,61.26413702979052,59.77880523692134,60.326866149902344,1110900,0.0,0.0
2016-05-05 00:00:00-04:00,60.93848817286013,61.11323454372195,59.77087020392645,59.802642822265625,793900,0.0,0.0
2016-05-06 00:00:00-04:00,59.683481394960815,60.509551075514594,59.683481394960815,60.26332092285156,660300,0.0,0.0
2016-05-09 00:00:00-04:00,59.87411293052814,60.048859261294766,59.1830783352313,59.389591217041016,786700,0.0,0.0
2016-05-10 00:00:00-04:00,59.56434560557521,60.35864280923406,59.31811541164313,60.22361373901367,1150800,0.0,0.0
2016-05-11 00:00:00-04:00,60.25538411492082,60.46190307699857,59.794690299519125,59.87411880493164,787300,0.0,0.0
2016-05-12 00:00:00-04:00,60.46983209938778,60.84315268165207,59.2625032524958,59.413421630859375,1063600,0.0,0.0
2016-05-13 00:00:00-04:00,59.31015935750467,59.611996115358146,57.69773731320213,57.78511047363281,1912100,0.0,0.0
2016-05-16 00:00:00-04:00,58.0789978029612,59.0003791555985,57.9836799830311,58.68265914916992,921600,0.0,0.0
2016-05-17 00:00:00-04:00,58.6111931713511,60.35864464865109,58.2299278355729,59.73909378051758,1736000,0.0,0.0
2016-05-18 00:00:00-04:00,59.17513630893561,59.47696703736554,58.00751855578918,58.33318328857422,1072400,0.0,0.0
2016-05-19 00:00:00-04:00,58.03135299932642,58.66679319982551,57.67392167404998,57.99958038330078,869300,0.0,0.0
2016-05-20 00:00:00-04:00,58.47616467521519,58.96862508295633,58.03135410240795,58.20610046386719,725000,0.0,0.0
2016-05-23 00:00:00-04:00,58.10283010439484,58.579407119809126,57.88042790120188,58.11871337890625,708600,0.0,0.0
2016-05-24 00:00:00-04:00,58.26963940697496,58.833589656256535,58.11078240098247,58.21403884887695,658300,0.0,0.0
2016-05-25 00:00:00-04:00,58.47614595994835,59.373699367446385,58.34111086748878,59.17512512207031,1121900,0.0,0.0
2016-05-26 00:00:00-04:00,59.27046279116291,59.58023823289315,58.317302458140816,58.51587677001953,637600,0.0,0.0
2016-05-27 00:00:00-04:00,58.484090256640066,58.99243988946117,58.25374338239212,58.58735275268555,614900,0.0,0.0
2016-05-31 00:00:00-04:00,58.563522513955924,58.93683702654,58.05516684106434,58.269630432128906,869400,0.0,0.0
2016-06-01 00:00:00-04:00,57.991632191962985,58.75415667056087,57.62625625805187,58.714439392089844,790300,0.0,0.0
2016-06-02 00:00:00-04:00,58.4681980136673,58.73825606342793,57.840702706276474,58.54762649536133,860800,0.0,0.0
2016-06-03 00:00:00-04:00,58.48409855471762,58.54764378283785,57.364142694129455,57.801002502441406,986300,0.0,0.0
2016-06-06 00:00:00-04:00,58.07900535659454,58.96067561059963,57.936031638107075,58.714439392089844,1125000,0.0,0.0
2016-06-07 00:00:00-04:00,58.706520405249,59.55641833253068,58.64297516245967,59.222808837890625,957100,0.0,0.0
2016-06-08 00:00:00-04:00,59.43726084012656,59.67554636376062,58.4046720576922,58.47616195678711,1450200,0.0,0.0
2016-06-09 00:00:00-04:00,57.66597185787242,57.75334502914244,56.80019087347763,57.0146484375,1780700,0.0,0.0
2016-06-10 00:00:00-04:00,56.54601143942003,58.039287778121476,56.395093054017266,57.904258728027344,1982000,0.0,0.0
2016-06-13 00:00:00-04:00,57.7603920537428,59.27114630921068,57.39269586390029,58.00019073486328,1686000,0.46,0.0
2016-06-14 00:00:00-04:00,57.688442127067965,58.2959430327732,56.5613744175434,57.09693145751953,1150900,0.0,0.0
2016-06-15 00:00:00-04:00,57.24879394076309,58.09609329125832,57.16086595927924,57.28875732421875,1121400,0.0,0.0
2016-06-16 00:00:00-04:00,56.625306661226205,57.36869394521799,56.02580098376467,57.312740325927734,1092200,0.0,0.0
2016-06-17 00:00:00-04:00,57.3766915133654,57.960213081027796,56.865113801285645,57.06494903564453,2480900,0.0,0.0
2016-06-20 00:00:00-04:00,57.808336376347974,58.62366144954966,57.488598781538286,57.528568267822266,1307700,0.0,0.0
2016-06-21 00:00:00-04:00,57.72042014462699,57.760389639053905,56.945058301258335,57.60851287841797,1146100,0.0,0.0
2016-06-22 00:00:00-04:00,57.74439310494683,58.07212584774063,57.15288246256129,57.21683120727539,525100,0.0,0.0
2016-06-23 00:00:00-04:00,57.82431930277059,58.35988235473633,57.752381547148374,58.35988235473633,666400,0.0,0.0
2016-06-24 00:00:00-04:00,55.714055257382554,56.59333507830188,54.61896218703409,54.68291091918945,3050900,0.0,0.0
2016-06-27 00:00:00-04:00,53.85159781944498,53.97948919031039,52.10903443968396,52.60462188720703,2148900,0.0,0.0
2016-06-28 00:00:00-04:00,53.30805857926439,53.49989873089679,52.364835860879765,53.16417694091797,1545800,0.0,0.0
2016-06-29 00:00:00-04:00,53.931539763823444,54.11538478384512,53.13219874132359,53.80364227294922,2469400,0.0,0.0
2016-06-30 00:00:00-04:00,54.03545995808969,54.28325985898397,53.25210905439391,54.275264739990234,2829100,0.0,0.0
2016-07-01 00:00:00-04:00,54.37916739901533,55.37834365167543,54.291239400902214,54.48308563232422,1621000,0.0,0.0
2016-07-05 00:00:00-04:00,54.131372598663894,54.363182216640766,52.31686514358169,52.46074676513672,2208900,0.0,0.0
2016-07-06 00:00:00-04:00,52.21296410134226,52.85243946597097,51.309710789906575,52.820465087890625,2704600,0.0,0.0
2016-07-07 00:00:00-04:00,53.08423085678082,53.96350460655275,52.9323541378112,53.54784393310547,1783600,0.0,0.0
2016-07-08 00:00:00-04:00,54.2912438992395,55.91390529224814,54.17134151928812,54.77084732055664,1334700,0.0,0.0
2016-07-11 00:00:00-04:00,54.97866626394141,55.762023031237725,54.882749258732915,55.23445510864258,1157800,0.0,0.0
2016-07-12 00:00:00-04:00,55.86593553721953,56.4254717330739,55.86593553721953,56.24162673950195,1090700,0.0,0.0
2016-07-13 00:00:00-04:00,56.52140419793092,56.69726020246211,56.21765679823314,56.54538345336914,1043500,0.0,0.0
2016-07-14 00:00:00-04:00,57.19284406922512,57.47261216567641,56.7052456303441,57.312740325927734,1248200,0.0,0.0
2016-07-15 00:00:00-04:00,57.52057654657162,57.54455580036266,56.74521481539337,57.03297805786133,1073900,0.0,0.0
2016-07-18 00:00:00-04:00,56.90507947570101,57.67244599241773,56.7132332726566,57.55254364013672,840300,0.0,0.0
2016-07-19 00:00:00-04:00,57.14487857931878,57.536560006746136,57.03297134247869,57.072940826416016,788400,0.0,0.0
2016-07-20 00:00:00-04:00,57.12889365140138,57.73639442758677,56.80915607980449,57.47261047363281,972200,0.0,0.0
2016-07-21 00:00:00-04:00,57.47262164458988,57.63248741221797,56.96104386999423,57.568538665771484,894100,0.0,0.0
2016-07-22 00:00:00-04:00,57.50459240746494,57.95222140751032,57.17685967636905,57.49659729003906,1075200,0.0,0.0
2016-07-25 00:00:00-04:00,57.32073862802759,57.65646036242624,56.85711941472234,57.64047622680664,1008200,0.0,0.0
2016-07-26 00:00:00-04:00,57.496584945754826,57.496584945754826,55.298397709136,55.94586181640625,1969000,0.0,0.0
2016-07-27 00:00:00-04:00,56.001829206249916,56.545381336961924,55.69008670024473,56.209659576416016,2048500,0.0,0.0
2016-07-28 00:00:00-04:00,55.82597032355152,56.60932715616742,55.45028519101354,56.24962615966797,1391900,0.0,0.0
2016-07-29 00:00:00-04:00,52.75650782173721,53.172162472755545,51.42959878864349,52.14101791381836,3741800,0.0,0.0
2016-08-01 00:00:00-04:00,52.117031652808116,52.64459964911384,51.72535626367954,52.10104751586914,1938600,0.0,0.0
2016-08-02 00:00:00-04:00,51.86923204587115,51.90120641463445,50.87805100815786,51.25374221801758,1748500,0.0,0.0
2016-08-03 00:00:00-04:00,51.27772907500332,52.05309086166785,51.01394506744955,51.893218994140625,1130100,0.0,0.0
2016-08-04 00:00:00-04:00,51.917189897432884,52.164989727613055,51.68538639916428,51.78130340576172,1241800,0.0,0.0
2016-08-05 00:00:00-04:00,52.06107203130251,52.43676324023376,51.96515502373692,52.2529182434082,1065800,0.0,0.0
2016-08-08 00:00:00-04:00,52.39679613851076,52.90837380421586,52.18896580604093,52.40478515625,949400,0.0,0.0
2016-08-09 00:00:00-04:00,52.492708950213384,53.01228169068121,52.25291036894955,52.34882736206055,807000,0.0,0.0
2016-08-10 00:00:00-04:00,52.42876360465099,52.54067693464389,51.70136659986086,51.82925796508789,815000,0.0,0.0
2016-08-11 00:00:00-04:00,52.07706135479098,52.47673180862899,51.71735428724447,52.212947845458984,1212000,0.0,0.0
2016-08-12 00:00:00-04:00,52.14100328683217,52.460734729389074,51.59745129660452,51.78929138183594,1005400,0.0,0.0
2016-08-15 00:00:00-04:00,51.90920506180316,52.836437425051116,51.90920506180316,52.76449966430664,1259800,0.0,0.0
2016-08-16 00:00:00-04:00,52.84441706354875,53.17214359731301,52.29286999877941,52.32484436035156,1110800,0.0,0.0
2016-08-17 00:00:00-04:00,52.44476175852728,52.44476175852728,51.46956479511202,51.757328033447266,1362200,0.0,0.0
2016-08-18 00:00:00-04:00,51.933180426109914,52.33285088517065,51.573473353862916,51.861236572265625,1508400,0.0,0.0
2016-08-19 00:00:00-04:00,51.75733330290008,53.09223140089754,51.5734821769449,53.036277770996094,1132400,0.0,0.0
2016-08-22 00:00:00-04:00,52.66058082126479,53.403968166077846,52.45275656031875,53.26808166503906,984100,0.0,0.0
2016-08-23 00:00:00-04:00,53.53186777922139,54.03545041408056,53.37999103761034,53.60380554199219,1097500,0.0,0.0
2016-08-24 00:00:00-04:00,53.42795570228871,54.107400509791844,53.42795570228871,53.8436164855957,1126000,0.0,0.0
2016-08-25 00:00:00-04:00,53.86758601379121,54.49906609471669,53.811632391354145,54.14735412597656,1223300,0.0,0.0
2016-08-26 00:00:00-04:00,54.363188642944856,54.866771328672385,53.50789392995388,53.75568771362305,1087500,0.0,0.0
2016-08-29 00:00:00-04:00,53.69172432654248,54.547018806370936,53.41995136028242,54.40313720703125,859100,0.0,0.0
2016-08-30 00:00:00-04:00,54.40313552791169,55.498234672335656,54.37915627850965,54.56300735473633,1116500,0.0,0.0
2016-08-31 00:00:00-04:00,54.331210250535186,54.77883927141677,53.81963248424537,54.26726150512695,1355200,0.0,0.0
2016-09-01 00:00:00-04:00,54.25926130506671,54.63495252604046,53.61979220634513,54.17133331298828,1107300,0.0,0.0
2016-09-02 00:00:00-04:00,54.53905275309901,54.99467699310733,54.53905275309901,54.81882095336914,942700,0.0,0.0
2016-09-06 00:00:00-04:00,54.79481631332231,54.87474917659207,53.86757802363073,54.602970123291016,1304600,0.0,0.0
2016-09-07 00:00:00-04:00,53.71571186280089,54.13137259100673,53.06025249769574,53.38798522949219,2332400,0.0,0.0
2016-09-08 00:00:00-04:00,53.515867063091434,53.515867063091434,52.56465560576127,52.644588470458984,1654500,0.0,0.0
2016-09-09 00:00:00-04:00,52.24493050360723,52.692559531417956,51.41361509589579,51.709373474121094,1587700,0.0,0.0
2016-09-12 00:00:00-04:00,51.373636261090894,52.25291611792419,51.3256777592589,52.09304428100586,1521400,0.0,0.0
2016-09-13 00:00:00-04:00,51.585879832539646,52.02059302763751,50.957959749314064,51.706634521484375,1593300,0.46,0.0
2016-09-14 00:00:00-04:00,51.69859214193819,52.20575455918986,51.33633107895852,51.48123550415039,2652100,0.0,0.0
2016-09-15 00:00:00-04:00,51.52952791886085,52.18964658403405,51.440974890692864,52.117191314697266,2878800,0.0,0.0
2016-09-16 00:00:00-04:00,51.610021938994066,51.65832135072125,50.79694703783943,51.312164306640625,2681300,0.0,0.0
2016-09-19 00:00:00-04:00,52.02864965202863,52.294308794565026,51.61004027074938,52.16550827026367,1057900,0.0,0.0
2016-09-20 00:00:00-04:00,52.358700574347225,52.44725360231955,51.650282492407136,51.76298522949219,788900,0.0,0.0
2016-09-21 00:00:00-04:00,52.17355630726302,52.68072489954003,51.76299886055515,52.6163215637207,902600,0.0,0.0
2016-09-22 00:00:00-04:00,53.09932170728576,53.17982278705069,52.60020518580131,52.94636535644531,681600,0.0,0.0
2016-09-23 00:00:00-04:00,52.89002093587188,52.99467788097244,52.47946353257426,52.60021209716797,864500,0.0,0.0
2016-09-26 00:00:00-04:00,52.57605534170272,52.74510945132867,52.29429849232613,52.39090347290039,761600,0.0,0.0
2016-09-27 00:00:00-04:00,52.14940902865528,52.91418485810629,52.05281016225251,52.729026794433594,1807500,0.0,0.0
2016-09-28 00:00:00-04:00,53.03492978882744,53.83190723280852,52.61632039894891,53.751399993896484,1330800,0.0,0.0
2016-09-29 00:00:00-04:00,53.695049981848626,54.226368291393165,53.21203724525188,53.437442779541016,1137100,0.0,0.0
2016-09-30 00:00:00-04:00,53.82385939805095,54.822086590156026,53.74335829482063,54.483978271484375,1686000,0.0,0.0
2016-10-03 00:00:00-04:00,54.516165503728594,54.58861463489717,53.952645646671286,54.08950424194336,1182500,0.0,0.0
2016-10-04 00:00:00-04:00,53.71116349556088,54.6449874677945,53.40525066557849,53.51795959472656,876400,0.0,0.0
2016-10-05 00:00:00-04:00,53.89628553517106,54.363200333115145,53.847986122224384,54.065345764160156,831900,0.0,0.0
2016-10-06 00:00:00-04:00,53.912398221437336,54.556413019102344,53.783591576801015,54.49201583862305,990600,0.0,0.0
2016-10-07 00:00:00-04:00,54.66106710423412,54.67716486305517,53.21202313679827,53.509883880615234,1284600,0.0,0.0
2016-10-10 00:00:00-04:00,54.06536129387166,54.34711818672211,53.07518005118051,53.27643585205078,1356000,0.0,0.0
2016-10-11 00:00:00-04:00,53.03492420984398,53.06712587365335,52.23795299153992,52.5760612487793,1164900,0.0,0.0
2016-10-12 00:00:00-04:00,52.57606116882628,52.81757057610963,51.80323966409465,51.81934356689453,1264100,0.0,0.0
2016-10-13 00:00:00-04:00,51.118976407452436,51.344381934901136,50.47495842122758,50.85331726074219,3568300,0.0,0.0
2016-10-14 00:00:00-04:00,51.25582424331527,51.91594300326808,50.94186569540109,51.30412673950195,2356700,0.0,0.0
2016-10-17 00:00:00-04:00,51.33633694100172,51.72274776199726,50.99822555330548,51.110931396484375,1617300,0.0,0.0
2016-10-18 00:00:00-04:00,52.02060519825939,52.8336742675779,51.85155105092069,52.60826873779297,1891600,0.0,0.0
2016-10-19 00:00:00-04:00,52.89001801797428,53.276431828874536,52.46335673504303,53.21202850341797,1567900,0.0,0.0
2016-10-20 00:00:00-04:00,52.9705310144416,54.05731114705999,52.57606520944039,53.84800338745117,1340900,0.0,0.0
2016-10-21 00:00:00-04:00,53.413278492697906,54.17805408036336,53.364979074766495,53.83189392089844,1390100,0.0,0.0
2016-10-24 00:00:00-04:00,54.11366159090319,54.20221463605732,53.622596937535675,53.88825607299805,727100,0.0,0.0
2016-10-25 00:00:00-04:00,53.944597737538636,54.00899491545724,53.389129852850196,53.45353317260742,1094700,0.0,0.0
2016-10-26 00:00:00-04:00,53.340837849943256,54.06535994334594,53.21203119252079,53.99290466308594,1305600,0.0,0.0
2016-10-27 00:00:00-04:00,54.32296039890565,54.9911248906828,53.85604553624598,54.153900146484375,1787600,0.0,0.0
2016-10-28 00:00:00-04:00,56.383831772050655,58.4768910903856,55.82031178591108,57.9536247253418,4626400,0.0,0.0
2016-10-31 00:00:00-04:00,58.219269836364454,58.29977091729155,57.65575612803599,57.88921356201172,2369400,0.0,0.0
2016-11-01 00:00:00-04:00,58.267583513765445,58.93575431844551,57.599418850925666,58.018028259277344,1921400,0.0,0.0
2016-11-02 00:00:00-04:00,57.94557972302262,58.29173998701887,56.858793356676934,56.890995025634766,1839500,0.0,0.0
2016-11-03 00:00:00-04:00,57.19689521506258,57.937515012487246,56.90708640009832,57.47060012817383,1057400,0.0,0.0
2016-11-04 00:00:00-04:00,57.526953711769465,57.921413336581594,57.03588909764368,57.36595153808594,1111100,0.0,0.0
2016-11-07 00:00:00-05:00,58.31588725244533,58.887453033284956,57.92947338303144,58.25148391723633,1477200,0.0,0.0
2016-11-08 00:00:00-05:00,58.25146602830876,58.87938299916399,57.655750715168956,58.476871490478516,999400,0.0,0.0
2016-11-09 00:00:00-05:00,57.55914854366986,59.805163608478445,57.52694688438705,59.45900344848633,1771400,0.0,0.0
2016-11-10 00:00:00-05:00,59.877607067628134,61.044894074243395,59.5234011327224,60.97243881225586,1985200,0.0,0.0
2016-11-11 00:00:00-05:00,60.69875946602968,61.02077002191854,59.660278647754396,60.54580307006836,1555700,0.0,0.0
2016-11-14 00:00:00-05:00,60.60214888101431,60.78730692971311,59.4590173475311,59.77297592163086,1631300,0.0,0.0
2016-11-15 00:00:00-05:00,59.72466557992347,60.34453066270366,59.394603161804994,60.255977630615234,1110700,0.0,0.0
2016-11-16 00:00:00-05:00,59.893707476612406,60.16741232590138,59.58779483112758,59.70854949951172,977400,0.0,0.0
2016-11-17 00:00:00-05:00,59.92592734423564,60.16743061256635,59.37851133744417,59.950077056884766,1130100,0.0,0.0
2016-11-18 00:00:00-05:00,59.797114851117456,59.99837062600239,59.55561160635883,59.71661376953125,629900,0.0,0.0
2016-11-21 00:00:00-05:00,60.255967459767724,61.11734178318312,60.167414442626516,60.93218994140625,1615900,0.0,0.0
2016-11-22 00:00:00-05:00,60.96442140850843,61.26227611923642,60.41700528114792,61.18982696533203,1473400,0.0,0.0
2016-11-23 00:00:00-05:00,60.9160878260444,61.89016490127577,60.81143704901288,61.64060974121094,855400,0.0,0.0
2016-11-25 00:00:00-05:00,61.35887129110914,61.66477790603996,60.336488354280704,60.489444732666016,959000,0.0,0.0
2016-11-28 00:00:00-05:00,60.4733458541841,60.50554751966233,59.386559605272865,59.66027069091797,2132000,0.0,0.0
2016-11-29 00:00:00-05:00,59.35434520992722,59.89370911605756,59.18528498445927,59.3221435546875,1731100,0.0,0.0
2016-11-30 00:00:00-05:00,60.21576231525586,61.05298137905593,59.829348319635585,60.47336959838867,1980300,0.0,0.0
2016-12-01 00:00:00-05:00,60.87586426185517,61.205920621666344,59.71662874247073,59.90178680419922,1111200,0.0,0.0
2016-12-02 00:00:00-05:00,59.861526744469906,60.62629634180162,59.83737703072002,60.078880310058594,1127100,0.0,0.0
2016-12-05 00:00:00-05:00,60.553835732013255,61.077101950902865,60.21572751987112,60.481380462646484,1985500,0.0,0.0
2016-12-06 00:00:00-05:00,60.23986094132885,61.21393784636934,59.8212456226674,60.7067756652832,2170800,0.0,0.0
2016-12-07 00:00:00-05:00,60.81948551913228,61.93041496427336,60.368668496687434,61.90626525878906,1889200,0.0,0.0
2016-12-08 00:00:00-05:00,62.107529502108456,62.77570010728649,61.73721963633035,62.60663986206055,1868600,0.0,0.0
2016-12-09 00:00:00-05:00,62.38123115194803,62.526135539019144,61.84991916057936,62.14777374267578,1449100,0.0,0.0
2016-12-12 00:00:00-05:00,62.284654767599,62.67106251114808,61.69698505774099,61.914344787597656,1300400,0.0,0.0
2016-12-13 00:00:00-05:00,61.99536086382922,62.62746943632407,61.96294424692724,62.4572868347168,1489600,0.51,0.0
2016-12-14 00:00:00-05:00,62.23851042015316,62.69233089542461,61.217408167952144,61.29844665527344,1869400,0.0,0.0
2016-12-15 00:00:00-05:00,61.063412522841894,62.343841262726656,60.812191432134306,62.29521942138672,1762800,0.0,0.0
2016-12-16 00:00:00-05:00,62.562645885124866,62.562645885124866,61.4199893309632,61.61448287963867,2338500,0.0,0.0
2016-12-19 00:00:00-05:00,61.47672297637379,61.80088304490441,61.387578802956895,61.76036071777344,888800,0.0,0.0
2016-12-20 00:00:00-05:00,62.00346346733338,62.10070713034552,61.565848435267256,61.808963775634766,664500,0.0,0.0
2016-12-21 00:00:00-05:00,61.922442330105476,62.30332375476843,61.50913809825891,61.90623092651367,739000,0.0,0.0
2016-12-22 00:00:00-05:00,61.703629901451315,62.10882841994408,61.1606653705523,61.533447265625,602500,0.0,0.0
2016-12-23 00:00:00-05:00,61.51725690732526,62.10884342485676,61.27413526435821,62.044010162353516,597700,0.0,0.0
2016-12-27 00:00:00-05:00,62.003497940988545,62.27903004983373,61.76037628260935,61.97918701171875,490700,0.0,0.0
2016-12-28 00:00:00-05:00,62.30331393817782,62.67609578514778,61.22549071702383,61.24980163574219,615200,0.0,0.0
2016-12-29 00:00:00-05:00,61.39567923853247,61.711733577958476,61.06341349650904,61.20117950439453,515800,0.0,0.0
2016-12-30 00:00:00-05:00,61.39569116076575,61.4767296409739,60.714954324769884,60.94997024536133,569900,0.0,0.0
2017-01-03 00:00:00-05:00,61.4605001662991,62.10071448255279,60.69873125688919,61.525333404541016,1270600,0.0,0.0
2017-01-04 00:00:00-05:00,61.80897212390145,62.684202306247215,61.73603936679164,62.54643630981445,980600,0.0,0.0
2017-01-05 00:00:00-05:00,62.61938102330867,63.22717884662714,62.26281050462581,62.78956985473633,2053800,0.0,0.0
2017-01-06 00:00:00-05:00,62.903020745069696,63.129930928005514,62.37626143020368,62.80577087402344,1112200,0.0,0.0
2017-01-09 00:00:00-05:00,62.65993039600332,63.47843354920822,62.01971567051056,62.08454895019531,1233300,0.0,0.0
2017-01-10 00:00:00-05:00,62.25469887060495,62.91111847873437,62.035894395508,62.66800308227539,1021700,0.0,0.0
2017-01-11 00:00:00-05:00,62.878696641640126,64.14292009317543,62.75714204491007,64.07808685302734,1656700,0.0,0.0
2017-01-12 00:00:00-05:00,63.78635696590548,64.20776693328958,62.39247292167093,63.47030258178711,1367400,0.0,0.0
2017-01-13 00:00:00-05:00,63.47030482464211,63.74584307195141,62.88681788477736,63.12183380126953,857900,0.0,0.0
2017-01-17 00:00:00-05:00,63.04889742071956,63.12993589488126,62.2871221613533,62.35195541381836,1475900,0.0,0.0
2017-01-18 00:00:00-05:00,62.57077065416617,62.83820322936653,62.254716222689495,62.5545654296875,1265800,0.0,0.0
2017-01-19 00:00:00-05:00,62.66800479286287,62.805770806233944,61.45240922887124,61.606380462646484,1933400,0.0,0.0
2017-01-20 00:00:00-05:00,61.99538296847481,62.89492431401711,61.60638960979178,62.189876556396484,2367000,0.0,0.0
2017-01-23 00:00:00-05:00,62.31953938935591,62.716632244570086,61.784674325613324,62.21418380737305,1018600,0.0,0.0
2017-01-24 00:00:00-05:00,62.61937088110524,63.65668419181096,62.4086721214584,63.389251708984375,1293900,0.0,0.0
2017-01-25 00:00:00-05:00,63.67288475650071,64.39413750933957,63.27579200313541,64.33740997314453,1630400,0.0,0.0
2017-01-26 00:00:00-05:00,64.33740641873135,65.2207422139247,63.91600277068318,65.06676483154297,2245600,0.0,0.0
2017-01-27 00:00:00-05:00,62.068300970635356,63.583745530505986,60.601484433299476,62.96784210205078,3752300,0.0,0.0
2017-01-30 00:00:00-05:00,62.39246865526506,63.0083721593358,62.092625696539834,62.90302276611328,1359100,0.0,0.0
2017-01-31 00:00:00-05:00,62.88680934180927,63.681001164923394,62.24659493547534,62.80577087402344,1626800,0.0,0.0
2017-02-01 00:00:00-05:00,63.048899182830404,63.68100795493293,62.8543994199993,63.454097747802734,1377700,0.0,0.0
2017-02-02 00:00:00-05:00,63.11372155255832,63.50271486640273,62.53024085605017,62.90302276611328,1151000,0.0,0.0
2017-02-03 00:00:00-05:00,63.00835257086595,63.770127557947625,62.87058659574945,63.129913330078125,1012800,0.0,0.0
2017-02-06 00:00:00-05:00,63.073210807050586,63.72152480849343,62.8625058197329,63.575653076171875,962300,0.0,0.0
2017-02-07 00:00:00-05:00,63.18666897920702,63.79446686291184,62.74905376099878,62.95975875854492,1104100,0.0,0.0
2017-02-08 00:00:00-05:00,62.91110912316028,63.10560883080953,62.514016373342315,63.08939743041992,711300,0.0,0.0
2017-02-09 00:00:00-05:00,63.08941003580382,63.83497384891133,63.08941003580382,63.5999641418457,665100,0.0,0.0
2017-02-10 00:00:00-05:00,63.95654125832054,64.42657308673418,63.92412463054999,64.31311798095703,789500,0.0,0.0
2017-02-13 00:00:00-05:00,64.54002107275514,65.16403026853119,64.44277120017165,64.88038635253906,916700,0.0,0.0
2017-02-14 00:00:00-05:00,64.50760412775428,65.35041780410316,64.48329320543903,65.30179595947266,812300,0.0,0.0
2017-02-15 00:00:00-05:00,65.13161618240754,65.5773308710632,64.8884945828942,65.54491424560547,1358700,0.0,0.0
2017-02-16 00:00:00-05:00,65.52870575700682,65.70699409671519,65.14781815541872,65.31800079345703,917600,0.0,0.0
2017-02-17 00:00:00-05:00,65.34230377840247,65.34230377840247,64.57242914991282,65.03435516357422,878800,0.0,0.0
2017-02-21 00:00:00-05:00,65.01814336734155,65.68266855104454,64.96141583395853,65.58541870117188,1046700,0.0,0.0
2017-02-22 00:00:00-05:00,65.21264213850678,66.00682766985767,65.11539228079859,65.20453643798828,996000,0.0,0.0
2017-02-23 00:00:00-05:00,65.58540455857828,65.81231464318036,64.75880265283698,64.9451904296875,728800,0.0,0.0
2017-02-24 00:00:00-05:00,64.37795408007563,65.02626811560403,64.30501511866028,64.96144104003906,643700,0.0,0.0
2017-02-27 00:00:00-05:00,65.03434420026736,65.40712599206054,64.65345670915518,64.80743408203125,803400,0.0,0.0
2017-02-28 00:00:00-05:00,64.4832849908871,65.17212116103649,64.34551899342485,65.03435516357422,983600,0.0,0.0
2017-03-01 00:00:00-05:00,65.80425294404299,66.53361169139257,65.77994201627136,66.02306365966797,1434400,0.0,0.0
2017-03-02 00:00:00-05:00,65.93390472605533,66.22564815975956,64.57243742971524,64.59674835205078,1410100,0.0,0.0
2017-03-03 00:00:00-05:00,64.66969512769518,65.19644832961227,64.59675616902322,65.11540985107422,1133700,0.0,0.0
2017-03-06 00:00:00-05:00,64.49949617154428,64.88038376207342,64.19965322968496,64.45087432861328,836800,0.0,0.0
2017-03-07 00:00:00-05:00,64.4103465362402,64.53190112158026,63.948420563435405,63.956520080566406,980500,0.0,0.0
2017-03-08 00:00:00-05:00,63.96464532265726,64.24828307983536,63.45409735973667,63.47030258178711,914700,0.0,0.0
2017-03-09 00:00:00-05:00,63.210993097434766,63.47842570595962,62.61130079155205,62.83821105957031,1175600,0.0,0.0
2017-03-10 00:00:00-05:00,63.129928208429156,63.46218776688925,62.765245844844955,62.91111755371094,1386100,0.0,0.0
2017-03-13 00:00:00-04:00,63.22110237727933,63.645292841887624,62.56034187950898,63.3271484375,2277600,0.51,0.0
2017-03-14 00:00:00-04:00,63.06610977646702,63.237417831473394,62.53587322590125,63.05795669555664,851300,0.0,0.0
2017-03-15 00:00:00-04:00,63.8492375944753,64.37948039047126,63.25373902989573,64.15106964111328,997400,0.0,0.0
2017-03-16 00:00:00-04:00,64.37945978149534,64.722075795855,63.74317111947763,64.35498809814453,970800,0.0,0.0
2017-03-17 00:00:00-04:00,64.68947973573896,65.08103929053006,64.39580695778217,64.58342742919922,1355700,0.0,0.0
2017-03-20 00:00:00-04:00,64.58340724092213,64.79550556397436,64.09395483856885,64.3060531616211,994500,0.0,0.0
2017-03-21 00:00:00-04:00,64.37132674837486,64.59157819084358,62.97637812574394,63.221107482910156,1176400,0.0,0.0
2017-03-22 00:00:00-04:00,63.14768282203158,63.64528831825758,62.68269586927138,63.482139587402344,1261500,0.0,0.0
2017-03-23 00:00:00-04:00,63.47398266729191,64.02054400600399,63.017161224762766,63.65345001220703,854000,0.0,0.0
2017-03-24 00:00:00-04:00,63.66161090890793,64.02869868816359,62.65007502211803,62.960060119628906,816800,0.0,0.0
2017-03-27 00:00:00-04:00,62.43797223740631,63.75949935140836,62.01377558286117,63.57187271118164,954500,0.0,0.0
2017-03-28 00:00:00-04:00,63.57189542281002,65.43997829397581,63.57189542281002,65.12183380126953,2743300,0.0,0.0
2017-03-29 00:00:00-04:00,65.17890556089046,65.97018987566834,65.0402285347627,65.63572692871094,1436900,0.0,0.0
2017-03-30 00:00:00-04:00,65.63573895718739,66.73700851284555,65.48890260151794,66.14151000976562,1927700,0.0,0.0
2017-03-31 00:00:00-04:00,65.9375881501106,66.32099463555825,65.61944366723428,65.91311645507812,1583300,0.0,0.0
2017-04-03 00:00:00-04:00,65.94573807862915,66.2312577702913,64.77921251302583,65.22787475585938,969300,0.0,0.0
2017-04-04 00:00:00-04:00,65.21970242549408,65.84783815323865,64.9749793120184,65.46443176269531,835700,0.0,0.0
2017-04-05 00:00:00-04:00,65.96203538333266,66.1496557914879,64.86891902868655,65.03207397460938,1076600,0.0,0.0
2017-04-06 00:00:00-04:00,65.11365643780493,65.66021157127346,64.99129176906817,65.43180084228516,827600,0.0,0.0
2017-04-07 00:00:00-04:00,65.14629752351671,65.66838104886422,64.917886759143,65.53785705566406,673000,0.0,0.0
2017-04-10 00:00:00-04:00,65.6439142530111,65.8560126459203,65.35840077624506,65.52970886230469,493100,0.0,0.0
2017-04-11 00:00:00-04:00,65.49705526090393,65.80704032532427,64.81997623268926,65.39916229248047,681700,0.0,0.0
2017-04-12 00:00:00-04:00,65.3910267475855,65.41549844032227,63.816616869679606,64.19186401367188,1127800,0.0,0.0
2017-04-13 00:00:00-04:00,64.03685343622818,64.46104386704823,63.44950805222727,63.57187271118164,585100,0.0,0.0
2017-04-17 00:00:00-04:00,63.71055913715135,64.07765316808162,63.539251078874294,63.86555480957031,607700,0.0,0.0
2017-04-18 00:00:00-04:00,63.57188257973011,64.33869541940321,63.310840837843145,64.2326431274414,985700,0.0,0.0
2017-04-19 00:00:00-04:00,64.52633294292202,64.8526367625736,63.99609001395419,64.10214233398438,1024800,0.0,0.0
2017-04-20 00:00:00-04:00,64.57525271019489,65.23601312733808,64.31420479616567,64.96681213378906,828600,0.0,0.0
2017-04-21 00:00:00-04:00,65.12997400995259,65.18708292047378,64.51000376009875,64.69762420654297,643300,0.0,0.0
2017-04-24 00:00:00-04:00,65.48073891231466,66.67990136602282,65.47258583245855,66.26387023925781,1388700,0.0,0.0
2017-04-25 00:00:00-04:00,66.79411085002545,67.21014822623219,66.49228505984006,66.59017181396484,1080300,0.0,0.0
2017-04-26 00:00:00-04:00,66.45965998416696,66.67991142428232,66.11704386677594,66.43518829345703,929900,0.0,0.0
2017-04-27 00:00:00-04:00,66.21492952036307,66.8185935918166,65.87231340871168,66.61465454101562,1450400,0.0,0.0
2017-04-28 00:00:00-04:00,66.95727798639619,67.05516475831746,64.9668306409758,65.05656433105469,1826600,0.0,0.0
2017-05-01 00:00:00-04:00,65.36655377854913,65.83153464692043,65.09735891434354,65.56233978271484,1138200,0.0,0.0
2017-05-02 00:00:00-04:00,65.2849511245754,65.96203009246526,64.8281297600831,65.20337677001953,1179600,0.0,0.0
2017-05-03 00:00:00-04:00,65.10551926653291,65.31761768286559,63.62084279965958,64.10214233398438,1111200,0.0,0.0
2017-05-04 00:00:00-04:00,64.11028282480922,64.17554482066639,63.408738152387286,63.71872329711914,965700,0.0,0.0
2017-05-05 00:00:00-04:00,63.93081633842799,64.96682398539517,63.81661096706864,64.94235229492188,914500,0.0,0.0
2017-05-08 00:00:00-04:00,65.03208382053522,65.17076087777187,64.567103045775,64.67314910888672,1919300,0.0,0.0
2017-05-09 00:00:00-04:00,64.67315853514634,65.02393399345848,63.82477123542098,63.94713592529297,1138500,0.0,0.0
2017-05-10 00:00:00-04:00,64.02056685833632,64.59975317220673,63.996088937698765,64.24897766113281,1108300,0.0,0.0
2017-05-11 00:00:00-04:00,64.17553447544726,64.31421152649389,63.10689591639018,63.506614685058594,1286800,0.0,0.0
2017-05-12 00:00:00-04:00,63.44136308653941,63.849241226085375,63.172168244471216,63.229270935058594,899600,0.0,0.0
2017-05-15 00:00:00-04:00,63.64529927135563,64.52631750653389,63.58819658335665,64.13475799560547,866100,0.0,0.0
2017-05-16 00:00:00-04:00,64.21632573720602,65.1462872591912,64.21632573720602,64.90155792236328,1286000,0.0,0.0
2017-05-17 00:00:00-04:00,64.90157308629857,64.90157308629857,62.911131828361874,63.02533721923828,1289500,0.0,0.0
2017-05-18 00:00:00-04:00,62.723512393852666,63.46585374424749,62.087223364215816,63.01718521118164,862300,0.0,0.0
2017-05-19 00:00:00-04:00,63.38424595202867,64.40394106852672,63.20478483945408,64.09395599365234,1025300,0.0,0.0
2017-05-22 00:00:00-04:00,64.70578203246784,65.04839814540745,63.94712851168676,64.44474029541016,1521300,0.0,0.0
2017-05-23 00:00:00-04:00,64.66501408092924,65.26051905575335,64.4366032600306,64.92605590820312,1093500,0.0,0.0
2017-05-24 00:00:00-04:00,64.9097298253634,65.5052346745767,64.55079505467447,64.86078643798828,861600,0.0,0.0
2017-05-25 00:00:00-04:00,64.9749824753042,65.38286057467997,64.59157606609485,64.99129486083984,1108300,0.0,0.0
2017-05-26 00:00:00-04:00,65.12997909771293,65.59496615701585,64.77920986837479,65.18708801269531,832300,0.0,0.0
2017-05-30 00:00:00-04:00,65.04840736923524,65.35023944889646,64.63237612612669,65.22787475585938,1536200,0.0,0.0
2017-05-31 00:00:00-04:00,65.16261591316953,65.40734531109946,64.11028946003425,65.3502426147461,1594600,0.0,0.0
2017-06-01 00:00:00-04:00,65.71733178750158,67.0143876642166,65.55418300147338,66.1986312866211,1724200,0.0,0.0
2017-06-02 00:00:00-04:00,65.83153726359552,66.3617801544315,65.66022917093662,66.16600036621094,1379400,0.0,0.0
2017-06-05 00:00:00-04:00,65.9375817261929,66.29651025791264,65.3420769022686,65.70101165771484,1392400,0.0,0.0
2017-06-06 00:00:00-04:00,65.44814565844194,65.88049560054401,65.2034162229704,65.48892974853516,967700,0.0,0.0
2017-06-07 00:00:00-04:00,65.66022783165113,66.17415832287234,65.29313995825922,65.88048553466797,1095700,0.0,0.0
2017-06-08 00:00:00-04:00,65.88047742297483,66.69623368449454,65.55417367362169,66.36177062988281,956600,0.0,0.0
2017-06-09 00:00:00-04:00,66.7044056886771,67.65884551544188,66.34547706392178,67.3488540649414,1075400,0.0,0.0
2017-06-12 00:00:00-04:00,67.40593908236312,68.45826542895067,67.28358061951404,67.77303314208984,1792400,0.0,0.0
2017-06-13 00:00:00-04:00,67.92898363687014,69.0042228880192,67.81407285867868,68.81543731689453,1653600,0.51,0.0
2017-06-14 00:00:00-04:00,68.70053266661502,68.79903031192246,67.46934028002931,68.02748107910156,1384300,0.0,0.0
2017-06-15 00:00:00-04:00,67.15742840155656,67.87152211190444,66.80448639697089,67.55961608886719,1212200,0.0,0.0
2017-06-16 00:00:00-04:00,67.756617649008,68.17521851545632,67.27234542920355,68.1670150756836,1709700,0.0,0.0
2017-06-19 00:00:00-04:00,69.59517245009667,70.81815460789407,69.56233991578569,70.58833312988281,2223600,0.0,0.0
2017-06-20 00:00:00-04:00,69.93173060630252,70.53912340734418,69.57878851030165,69.87427520751953,1741300,0.0,0.0
2017-06-21 00:00:00-04:00,70.06304908150551,70.06304908150551,68.21626066414144,68.31475830078125,1144000,0.0,0.0
2017-06-22 00:00:00-04:00,68.32294755969463,68.57739816932609,67.89613708051144,68.00283813476562,966500,0.0,0.0
2017-06-23 00:00:00-04:00,68.19162153130783,68.4871081084754,67.57602553923644,68.10133361816406,1772700,0.0,0.0
2017-06-26 00:00:00-04:00,68.48713502552135,68.80724456623571,67.74841829226949,68.72516632080078,920500,0.0,0.0
2017-06-27 00:00:00-04:00,68.77439825809495,69.07809459383881,68.53636701043095,68.55278015136719,597800,0.0,0.0
2017-06-28 00:00:00-04:00,69.119144513711,69.69370475700701,69.06168911559828,69.16018676757812,725900,0.0,0.0
2017-06-29 00:00:00-04:00,69.62802919286497,69.75935311360233,68.19984163352649,68.45429229736328,783500,0.0,0.0
2017-06-30 00:00:00-04:00,68.8564822499543,69.31612538064773,68.51995960417318,68.93856048583984,708700,0.0,0.0
2017-07-03 00:00:00-04:00,69.44745804632727,69.85785550256976,69.25867246110171,69.35717010498047,376500,0.0,0.0
2017-07-05 00:00:00-04:00,69.38999107136873,69.58698006407947,67.77302436170704,68.58560943603516,1290000,0.0,0.0
2017-07-06 00:00:00-04:00,68.42144973734486,69.30790955570734,68.15879567214489,68.61843872070312,1239200,0.0,0.0
2017-07-07 00:00:00-04:00,68.93854594726754,69.02883386635106,68.43786067313775,68.86467742919922,897300,0.0,0.0
2017-07-10 00:00:00-04:00,68.64308693111451,69.66908073096947,68.36401962339518,69.47209167480469,634500,0.0,0.0
2017-07-11 00:00:00-04:00,69.48849562058663,70.00559412627345,69.23404495656519,69.76756286621094,790700,0.0,0.0
2017-07-12 00:00:00-04:00,70.16155545979657,70.63761177411631,69.75115798258295,70.42420959472656,1278900,0.0,0.0
2017-07-13 00:00:00-04:00,70.46523995246056,70.64581582994707,69.83323064342581,69.89068603515625,739900,0.0,0.0
2017-07-14 00:00:00-04:00,70.20259495488492,70.35033830454424,69.82503000845972,70.09589385986328,653300,0.0,0.0
2017-07-17 00:00:00-04:00,70.0219939528139,70.26002516761284,69.80859183926998,69.96453857421875,505900,0.0,0.0
2017-07-18 00:00:00-04:00,69.80039651867071,69.94813984580486,69.34075339521686,69.8332290649414,593000,0.0,0.0
2017-07-19 00:00:00-04:00,69.96453775308535,70.84278782254175,69.85783669756567,70.71146392822266,828100,0.0,0.0
2017-07-20 00:00:00-04:00,70.66220613306722,70.66220613306722,69.76754299926921,70.32568359375,536800,0.0,0.0
2017-07-21 00:00:00-04:00,69.9235291009821,70.39958544886258,69.86607370060848,70.30109405517578,610100,0.0,0.0
2017-07-24 00:00:00-04:00,70.2928793961773,70.58015637779314,69.9481470182383,70.42420959472656,526900,0.0,0.0
2017-07-25 00:00:00-04:00,70.99874361275208,71.0808218327034,70.20257172867396,70.68684387207031,765100,0.0,0.0
2017-07-26 00:00:00-04:00,70.71968412317482,70.7689298080816,69.71831344895378,69.80860137939453,915400,0.0,0.0
2017-07-27 00:00:00-04:00,69.85785612234872,69.99738975578873,69.1273491447295,69.78398132324219,1347300,0.0,0.0
2017-07-28 00:00:00-04:00,68.94676863941146,69.29150097968822,67.23131037791428,68.15059661865234,1683700,0.0,0.0
2017-07-31 00:00:00-04:00,68.61844679887828,69.07809616371607,68.23267222535112,68.2573013305664,1074000,0.0,0.0
2017-08-01 00:00:00-04:00,68.39685311020034,68.83187348533065,68.04391098774514,68.66771697998047,952600,0.0,0.0
2017-08-02 00:00:00-04:00,68.50354187450874,69.19301284957346,68.21626491080184,68.84827423095703,961900,0.0,0.0
2017-08-03 00:00:00-04:00,68.95498594732328,69.29150862266455,68.74157750554068,68.88111114501953,947000,0.0,0.0
2017-08-04 00:00:00-04:00,69.33255356123362,69.73474135149927,68.84007782141484,69.00423431396484,1366200,0.0,0.0
2017-08-07 00:00:00-04:00,69.0698892597838,69.86606128213626,69.03705671366777,69.31612396240234,867100,0.0,0.0
2017-08-08 00:00:00-04:00,69.06989567347993,69.67728217760781,68.74157644400027,69.04527282714844,657700,0.0,0.0
2017-08-09 00:00:00-04:00,69.00423371748555,69.47208660559454,68.77441212503464,69.16018676757812,803700,0.0,0.0
2017-08-10 00:00:00-04:00,68.75797200468494,69.02883576940292,68.20804103668192,68.33116149902344,1003900,0.0,0.0
2017-08-11 00:00:00-04:00,68.17521174614421,68.6594839178639,67.57603506950576,68.29833221435547,1083800,0.0,0.0
2017-08-14 00:00:00-04:00,68.71695672692191,69.47208660559454,68.69233387946913,69.16018676757812,546200,0.0,0.0
2017-08-15 00:00:00-04:00,69.18478948898402,69.73472046268209,68.16700576327663,69.63622283935547,766900,0.0,0.0
2017-08-16 00:00:00-04:00,69.7675620356947,70.26824739363015,69.7675620356947,69.98917388916016,974200,0.0,0.0
2017-08-17 00:00:00-04:00,69.56235594643441,69.66085357206613,67.86331104283119,67.93717956542969,1426700,0.0,0.0
2017-08-18 00:00:00-04:00,67.90435829010201,68.33116884162693,67.63349449627806,68.04389190673828,1015400,0.0,0.0
2017-08-21 00:00:00-04:00,68.06851717984115,68.48712430686408,67.78124023469513,68.23267364501953,1616700,0.0,0.0
2017-08-22 00:00:00-04:00,68.53637541010036,69.43103886170883,68.53637541010036,69.06168365478516,798500,0.0,0.0
2017-08-23 00:00:00-04:00,68.7661837608734,69.70188928317069,68.7661837608734,69.25865936279297,684100,0.0,0.0
2017-08-24 00:00:00-04:00,69.24223199364245,69.87424107149667,69.08627901791907,69.61979675292969,809300,0.0,0.0
2017-08-25 00:00:00-04:00,69.89068735495302,70.13692206894697,69.603410390876,69.6608657836914,445700,0.0,0.0
2017-08-28 00:00:00-04:00,69.9481172827422,70.19435190709298,69.44743207241332,70.1204833984375,738600,0.0,0.0
2017-08-29 00:00:00-04:00,69.6444409993105,69.88247225463634,69.06988711553619,69.41461944580078,661400,0.0,0.0
2017-08-30 00:00:00-04:00,69.64443923223902,70.47344375393726,69.36537199924868,70.3831558227539,1962400,0.0,0.0
2017-08-31 00:00:00-04:00,70.62117854238025,71.23677458309608,70.4898483811875,70.75250244140625,1004000,0.0,0.0
2017-09-01 00:00:00-04:00,71.06442793252097,71.83597092353983,71.03159538321849,71.66360473632812,1251400,0.0,0.0
2017-09-05 00:00:00-04:00,71.64718298788118,71.85238169975086,69.84964026800903,69.98917388916016,1519400,0.0,0.0
2017-09-06 00:00:00-04:00,69.88245995590248,70.44060059998411,69.46385290729961,69.82500457763672,1699400,0.0,0.0
2017-09-07 00:00:00-04:00,69.81680817896894,69.90709611375514,69.42283015641804,69.6280288696289,744200,0.0,0.0
2017-09-08 00:00:00-04:00,69.42283015641804,69.9809709068383,69.34075192356725,69.6280288696289,1009300,0.0,0.0
2017-09-11 00:00:00-04:00,70.2764677934765,70.52270252790302,70.0302267968813,70.25183868408203,983600,0.0,0.0
2017-09-12 00:00:00-04:00,70.48164494273801,70.9330782819629,70.39135702245969,70.75250244140625,1401400,0.0,0.0
2017-09-13 00:00:00-04:00,70.64582254897881,70.8017755965802,69.87427327621651,70.26004791259766,885900,0.0,0.0
2017-09-14 00:00:00-04:00,70.26827930692991,70.46644895706865,70.0866211694279,70.22699737548828,1066700,0.51,0.0
2017-09-15 00:00:00-04:00,70.18573166711522,70.29307228294881,69.70681575087004,70.15270233154297,2069500,0.0,0.0
2017-09-18 00:00:00-04:00,70.25177424334228,70.76371307817118,70.18571558733204,70.52426147460938,798500,0.0,0.0
2017-09-19 00:00:00-04:00,70.60683377638792,71.72154685648803,70.26828787888991,71.56465911865234,1499600,0.0,0.0
2017-09-20 00:00:00-04:00,71.70504327827645,72.0518481518039,70.63161822123914,71.052734375,2109700,0.0,0.0
2017-09-21 00:00:00-04:00,70.90409797393053,71.00317967037073,70.6316107093181,70.84629821777344,671300,0.0,0.0
2017-09-22 00:00:00-04:00,70.84629746883849,71.48209477984535,70.71418014204694,71.40778350830078,617700,0.0,0.0
2017-09-25 00:00:00-04:00,71.399538774237,72.55554041434162,71.20962165419823,72.38214111328125,1292900,0.0,0.0
2017-09-26 00:00:00-04:00,72.48121357870573,72.64636024890396,71.63898760964938,71.70503997802734,1937500,0.0,0.0
2017-09-27 00:00:00-04:00,72.13441857681113,72.57204624993261,71.47384446285689,72.12615966796875,805500,0.0,0.0
2017-09-28 00:00:00-04:00,73.06746410586487,74.28126525878906,72.60506606654167,74.28126525878906,1593100,0.0,0.0
2017-09-29 00:00:00-04:00,74.30604534205237,75.11524831576406,73.9344763406786,74.71890258789062,2036800,0.0,0.0
2017-10-02 00:00:00-04:00,74.62805576280013,75.19780064262514,73.90142945061905,75.12348937988281,1344700,0.0,0.0
2017-10-03 00:00:00-04:00,75.30515342797551,75.46204118543791,74.51246833185695,75.36295318603516,1036700,0.0,0.0
2017-10-04 00:00:00-04:00,75.3546927564162,75.45377444583404,73.29865950518888,74.06657409667969,2186900,0.0,0.0
2017-10-05 00:00:00-04:00,74.38860065165895,75.42900246698086,74.06657256829509,74.9996337890625,1361600,0.0,0.0
2017-10-06 00:00:00-04:00,74.4546701457597,75.17304398226909,74.33081171881653,75.1400146484375,971700,0.0,0.0
2017-10-09 00:00:00-04:00,75.2225592039682,75.45375816231595,73.96747644449509,74.02527618408203,956200,0.0,0.0
2017-10-10 00:00:00-04:00,73.48030688454176,73.7362825772713,72.70413979931229,73.3069076538086,1359100,0.0,0.0
2017-10-11 00:00:00-04:00,73.13354178372474,73.16657112365006,72.29956827479202,72.7867431640625,1090100,0.0,0.0
2017-10-12 00:00:00-04:00,72.47294640786822,73.1170088986619,72.4481759850878,72.96012115478516,829000,0.0,0.0
2017-10-13 00:00:00-04:00,73.40601356697528,73.63721259778542,73.1170147784626,73.1995849609375,787600,0.0,0.0
2017-10-16 00:00:00-04:00,73.48856628425924,73.5628775409156,72.20870671111419,72.55551147460938,1298000,0.0,0.0
2017-10-17 00:00:00-04:00,72.33256461284444,72.63808114298435,71.49033887797435,72.08485412597656,2031000,0.0,0.0
2017-10-18 00:00:00-04:00,72.1261610574688,72.99316381127372,71.8701915757386,72.71241760253906,1261400,0.0,0.0
2017-10-19 00:00:00-04:00,72.50599017270909,73.65373285449964,72.08488030220593,73.31519317626953,1555900,0.0,0.0
2017-10-20 00:00:00-04:00,74.04180652058221,74.04180652058221,73.31518013821677,73.33995056152344,1194800,0.0,0.0
2017-10-23 00:00:00-04:00,73.41425566411512,73.70325438645042,73.01791005941267,73.21607971191406,726500,0.0,0.0
2017-10-24 00:00:00-04:00,73.49684264563042,75.15652410211891,73.49684264563042,74.70238494873047,1127800,0.0,0.0
2017-10-25 00:00:00-04:00,74.47117789142622,75.16477490898745,74.06657333148173,74.83448791503906,1518500,0.0,0.0
2017-10-26 00:00:00-04:00,75.19781272225647,75.69324011922353,74.95835478212048,75.17304229736328,1868200,0.0,0.0
2017-10-27 00:00:00-04:00,77.3116253379154,78.4098268361269,74.76017125078191,76.79142761230469,2843000,0.0,0.0
2017-10-30 00:00:00-04:00,76.3868455111406,77.08044262508172,75.77581228253385,75.81710052490234,1593900,0.0,0.0
2017-10-31 00:00:00-04:00,76.06482168286648,76.06482168286648,74.94184946368881,74.9831314086914,1298100,0.0,0.0
2017-11-01 00:00:00-04:00,75.51982871390881,75.59414627635127,74.5537445000578,75.12348937988281,957000,0.0,0.0
2017-11-02 00:00:00-04:00,75.21430038929603,75.42072893088444,74.10784643023776,75.24732971191406,1119300,0.0,0.0
2017-11-03 00:00:00-04:00,75.42074735533677,75.70149351632374,75.02440798649725,75.40423583984375,556300,0.0,0.0
2017-11-06 00:00:00-05:00,75.2556132595326,75.2556132595326,74.4298988228033,74.61155700683594,883700,0.0,0.0
2017-11-07 00:00:00-05:00,74.66109016255933,75.23909398852147,74.44640896691965,74.81797790527344,722300,0.0,0.0
2017-11-08 00:00:00-05:00,74.61155710264887,75.23084293099112,74.23172921722978,74.80146789550781,859100,0.0,0.0
2017-11-09 00:00:00-05:00,74.16565795708505,74.55374468490196,73.49683139194534,74.29777526855469,848300,0.0,0.0
2017-11-10 00:00:00-05:00,74.28952985942189,74.95835654608156,74.25650052555334,74.93358612060547,798200,0.0,0.0
2017-11-13 00:00:00-05:00,74.52072812110703,75.66021177905533,74.52072812110703,75.49507141113281,870800,0.0,0.0
2017-11-14 00:00:00-05:00,74.89227896589401,75.0243962680048,73.97573565652434,74.512451171875,1002500,0.0,0.0
2017-11-15 00:00:00-05:00,74.39687294612985,74.39687294612985,73.36472985226095,73.94273376464844,2355700,0.0,0.0
2017-11-16 00:00:00-05:00,74.21520970698164,74.58678497532803,73.99226958573468,74.43815612792969,814700,0.0,0.0
2017-11-17 00:00:00-05:00,74.06658766863613,74.51247425182217,73.73630691045534,74.09961700439453,1590900,0.0,0.0
2017-11-20 00:00:00-05:00,73.96749642044071,74.47118270131108,73.78583824705127,74.35558319091797,698300,0.0,0.0
2017-11-21 00:00:00-05:00,74.5785246987973,75.19781050164372,74.16566749689967,75.14826965332031,857800,0.0,0.0
2017-11-22 00:00:00-05:00,75.3794698298488,75.45378110346903,75.05744171142578,75.05744171142578,704500,0.0,0.0
2017-11-24 00:00:00-05:00,75.338177782509,75.46203619865217,74.90055017187711,75.25560760498047,242300,0.0,0.0
2017-11-27 00:00:00-05:00,75.25561532138101,75.29690356422917,74.90055785187153,75.04918670654297,621400,0.0,0.0
2017-11-28 00:00:00-05:00,75.16478799340506,75.70976257324219,74.91707742959852,75.70976257324219,847900,0.0,0.0
2017-11-29 00:00:00-05:00,75.71800539612744,75.75103472697309,74.76018000040617,75.47855377197266,840400,0.0,0.0
2017-11-30 00:00:00-05:00,75.75105129320575,76.79145339342028,75.5859109025631,76.27125549316406,1304500,0.0,0.0
2017-12-01 00:00:00-05:00,76.49420238565479,76.69237213181482,75.07397222215222,75.94923400878906,1275300,0.0,0.0
2017-12-04 00:00:00-05:00,76.39509487978891,76.53547111806735,75.46203985902616,75.47029876708984,1172300,0.0,0.0
2017-12-05 00:00:00-05:00,75.31339654075406,75.52808401124985,74.01702541070229,75.30513763427734,1179400,0.0,0.0
2017-12-06 00:00:00-05:00,75.1565175135979,75.65195116433704,74.69411949258865,74.81797790527344,1421400,0.0,0.0
2017-12-07 00:00:00-05:00,74.93357830360287,75.63543425091413,74.5042096075056,75.55286407470703,968700,0.0,0.0
2017-12-08 00:00:00-05:00,76.04830595056578,76.50245145595986,75.65196650922353,76.11436462402344,1016200,0.0,0.0
2017-12-11 00:00:00-05:00,76.24646283846825,77.13823588094994,76.15564005237732,76.62629699707031,905100,0.0,0.0
2017-12-12 00:00:00-05:00,76.8079605102539,77.38596444377829,76.6345612201071,76.8079605102539,869300,0.0,0.0
2017-12-13 00:00:00-05:00,76.79969841270396,77.17952628224724,76.62629914397992,76.85749816894531,942100,0.0,0.0
2017-12-14 00:00:00-05:00,76.80795106916403,76.87400973339588,75.06569947288098,75.14826965332031,1342700,0.0,0.0
2017-12-15 00:00:00-05:00,75.4224277560731,75.6135206378229,74.85746548926457,74.9654769897461,2292800,0.56,0.0
2017-12-18 00:00:00-05:00,75.70492329474516,76.42773839163071,75.38090142261632,76.22003173828125,2014600,0.0,0.0
2017-12-19 00:00:00-05:00,76.31142078592727,77.1505574140491,76.2200293542158,76.71022033691406,1175400,0.0,0.0
2017-12-20 00:00:00-05:00,77.34995142886441,78.32201698228047,77.16716857156493,77.29179382324219,1228700,0.0,0.0
2017-12-21 00:00:00-05:00,77.59921144355116,77.62413522920079,76.69360708648662,77.19210815429688,585800,0.0,0.0
2017-12-22 00:00:00-05:00,77.33335285115477,77.51613574429653,76.91793948990711,76.9760971069336,496500,0.0,0.0
2017-12-26 00:00:00-05:00,77.04256036006322,77.33334842856584,76.93454883554476,77.2502670288086,725900,0.0,0.0
2017-12-27 00:00:00-05:00,77.14226047878931,77.73214669542028,76.81823856174842,76.87639617919922,628700,0.0,0.0
2017-12-28 00:00:00-05:00,77.04256335010665,77.61582946777344,76.82654663139053,77.61582946777344,564000,0.0,0.0
2017-12-29 00:00:00-05:00,77.85676533713922,77.89830920550848,76.8930097102751,76.96778106689453,632400,0.0,0.0
2018-01-02 00:00:00-05:00,77.62413773820461,78.33033915548947,77.18380060761658,78.32202911376953,1199000,0.0,0.0
2018-01-03 00:00:00-05:00,78.51312079848196,79.44364895654573,78.45496318477201,79.21932220458984,1332300,0.0,0.0
2018-01-04 00:00:00-05:00,79.57656118750636,80.62340435276025,79.44363224357905,80.18306732177734,1206000,0.0,0.0
2018-01-05 00:00:00-05:00,80.50711436017792,81.05545672598116,80.11662476855017,80.68158721923828,825300,0.0,0.0
2018-01-08 00:00:00-05:00,80.72310367599404,81.26313581593861,80.38246177730605,80.98896789550781,971100,0.0,0.0
2018-01-09 00:00:00-05:00,81.10530858993812,81.62041711164431,80.77297662640525,80.81451416015625,848600,0.0,0.0
2018-01-10 00:00:00-05:00,80.68990738717193,80.96407543512535,79.8175366436943,80.79791259765625,755600,0.0,0.0
2018-01-11 00:00:00-05:00,81.25485051099258,81.3711657371945,80.74804573738231,81.00559997558594,1182600,0.0,0.0
2018-01-12 00:00:00-05:00,81.38776287142665,81.38776287142665,80.57355645418095,80.94742584228516,887400,0.0,0.0
2018-01-16 00:00:00-05:00,81.11360488107587,81.50409442714007,79.8673648857413,80.43232727050781,1118700,0.0,0.0
2018-01-17 00:00:00-05:00,81.03883169575181,81.1883807453664,80.23292883609004,80.47386932373047,820900,0.0,0.0
2018-01-18 00:00:00-05:00,80.36587793958148,80.70651362631138,80.05015970357705,80.44895935058594,745200,0.0,0.0
2018-01-19 00:00:00-05:00,80.85604704823277,81.52901458740234,80.71480804299789,81.52901458740234,1153500,0.0,0.0
2018-01-22 00:00:00-05:00,81.43761079995512,81.82810026943045,80.97234998800315,81.22990417480469,1095800,0.0,0.0
2018-01-23 00:00:00-05:00,81.0471360023007,81.46254929531362,80.54033127772864,81.38777160644531,662500,0.0,0.0
2018-01-24 00:00:00-05:00,81.73669638064919,82.5093651619082,81.37944078633153,81.95271301269531,944800,0.0,0.0
2018-01-25 00:00:00-05:00,82.62571230942719,83.48146913007038,82.2269190453707,83.31529998779297,1260600,0.0,0.0
2018-01-26 00:00:00-05:00,83.34853348879409,85.16804597267927,82.97466401287188,85.00187683105469,1681700,0.0,0.0
2018-01-29 00:00:00-05:00,84.79418041942513,84.99358341350538,84.02151124880398,84.10459899902344,1157000,0.0,0.0
2018-01-30 00:00:00-05:00,83.43990796929803,83.58945699700563,82.54261380305245,83.0992660522461,1012000,0.0,0.0
2018-01-31 00:00:00-05:00,83.28205661395448,83.48976326396644,81.76164875328199,82.40138244628906,1417800,0.0,0.0
2018-02-01 00:00:00-05:00,81.94442368867493,82.61739753195704,81.37946135807098,81.76995086669922,1124200,0.0,0.0
2018-02-02 00:00:00-05:00,84.9686302135634,85.74960921488724,80.14152988793406,82.47615051269531,3279700,0.0,0.0
2018-02-05 00:00:00-05:00,82.30169686673096,86.47245075411516,80.64004334573123,80.68158721923828,3491000,0.0,0.0
2018-02-06 00:00:00-05:00,79.25254957303852,82.7669489113813,78.35525531575476,82.26844787597656,2947900,0.0,0.0
2018-02-07 00:00:00-05:00,81.91948848934669,83.40666862793411,81.72009191183359,82.2352066040039,1598200,0.0,0.0
2018-02-08 00:00:00-05:00,81.64533866041786,82.31000256925441,77.72384188213766,77.7404556274414,1894100,0.0,0.0
2018-02-09 00:00:00-05:00,78.22232866999806,79.46025857683232,75.51383207485969,78.76236724853516,2705400,0.0,0.0
2018-02-12 00:00:00-05:00,79.77595421379209,81.45422721926344,79.37716106109792,81.0221939086914,1763600,0.0,0.0
2018-02-13 00:00:00-05:00,80.50710968907275,81.4791754211681,79.92552718724377,81.33793640136719,1102000,0.0,0.0
2018-02-14 00:00:00-05:00,80.87265337493707,83.19066021124274,80.75633816497508,82.83340454101562,1585200,0.0,0.0
2018-02-15 00:00:00-05:00,83.29867463210206,83.92179456670159,82.46784805263603,83.1740493774414,1270800,0.0,0.0
2018-02-16 00:00:00-05:00,82.95804337012342,83.91349532723383,81.84473865291456,83.190673828125,1188900,0.0,0.0
2018-02-20 00:00:00-05:00,82.99957130126846,83.8719353512517,82.38476144622743,83.32359313964844,1015000,0.0,0.0
2018-02-21 00:00:00-05:00,83.39006853140474,85.29266221534591,83.21559570519668,83.9882583618164,1016000,0.0,0.0
2018-02-22 00:00:00-05:00,84.3289244538136,85.46715950916368,83.98828240605195,84.33723449707031,891600,0.0,0.0
2018-02-23 00:00:00-05:00,84.92710243291782,86.05702720072114,84.42860770328798,85.94071197509766,917800,0.0,0.0
2018-02-26 00:00:00-05:00,86.1234783039306,86.63858667878355,85.04340131504628,86.58042907714844,1228300,0.0,0.0
2018-02-27 00:00:00-05:00,86.56383506880256,86.78815548661495,84.83571402813475,85.00187683105469,1631000,0.0,0.0
2018-02-28 00:00:00-05:00,85.10986684439263,85.6083614658516,83.95501854150986,83.97994232177734,1105400,0.0,0.0
2018-03-01 00:00:00-05:00,84.00488546212236,84.19597204734703,82.4761610868026,83.42330932617188,1044900,0.0,0.0
2018-03-02 00:00:00-05:00,82.74202567135809,83.97165194162741,81.86966146424207,83.7057876586914,905200,0.0,0.0
2018-03-05 00:00:00-05:00,83.29036075005114,85.91577566265536,83.29036075005114,85.67483520507812,1328600,0.0,0.0
2018-03-06 00:00:00-05:00,86.25641478176647,88.33348121971952,85.78284388746131,87.9180679321289,1894100,0.0,0.0
2018-03-07 00:00:00-05:00,87.0539940818951,88.42485898686168,86.77981983316123,88.2005386352539,1270900,0.0,0.0
2018-03-08 00:00:00-05:00,88.53290816629335,88.63260967141967,87.0540373698019,87.98456573486328,923300,0.0,0.0
2018-03-09 00:00:00-05:00,88.84860685583959,90.95059733419839,88.59935631728844,90.8010482788086,1731600,0.0,0.0
2018-03-12 00:00:00-04:00,90.86751157913987,92.35469202015376,90.41055439326536,92.08882141113281,2088100,0.0,0.0
2018-03-13 00:00:00-04:00,92.4710223828621,93.42646810097686,90.67643351036139,90.85090637207031,1281200,0.0,0.0
2018-03-14 00:00:00-04:00,91.3018445315226,91.46050982464952,89.33935306769666,89.76525115966797,1106500,0.56,0.0
2018-03-15 00:00:00-04:00,89.94063080603524,90.5836639717814,89.31430327571096,89.33100891113281,1238900,0.0,0.0
2018-03-16 00:00:00-04:00,89.40614942889613,90.45002846247219,88.98025137055613,90.01577758789062,2175000,0.0,0.0
2018-03-19 00:00:00-04:00,89.79031257357126,89.89888009057533,88.12010581432725,88.96356201171875,1393700,0.0,0.0
2018-03-20 00:00:00-04:00,89.12223421104761,89.23079535734998,87.32676066015041,88.5877685546875,1641300,0.0,0.0
2018-03-21 00:00:00-04:00,88.47085845911796,90.75904004867297,88.47085845911796,89.74856567382812,1348600,0.0,0.0
2018-03-22 00:00:00-04:00,88.64620888478733,89.34769253773814,86.70876965159154,86.82568359375,1020000,0.0,0.0
2018-03-23 00:00:00-04:00,87.20985682298259,87.54389948983054,85.63151175274326,85.84864044189453,1493700,0.0,0.0
2018-03-26 00:00:00-04:00,86.73383388370253,88.07835077827468,86.60856710774041,87.92803192138672,1296300,0.0,0.0
2018-03-27 00:00:00-04:00,88.18690511524245,89.10551744920002,87.29334486027781,87.68584442138672,1188200,0.0,0.0
2018-03-28 00:00:00-04:00,88.12009582949625,88.6211628975604,86.50834623459876,87.00106048583984,1149200,0.0,0.0
2018-03-29 00:00:00-04:00,87.42696276717263,88.71302255858944,87.0177575803589,88.17020416259766,1194200,0.0,0.0
2018-04-02 00:00:00-04:00,88.00319101016508,88.30382873366356,84.9049582659258,85.75676727294922,1417800,0.0,0.0
2018-04-03 00:00:00-04:00,85.90707490475322,86.41648840457115,84.68782490609576,85.98223114013672,1253500,0.0,0.0
2018-04-04 00:00:00-04:00,83.57714532675348,86.7254821728182,82.85895593149563,86.55846405029297,1515000,0.0,0.0
2018-04-05 00:00:00-04:00,87.31839893221904,88.37063087326482,86.6169152190769,87.95307922363281,807400,0.0,0.0
2018-04-06 00:00:00-04:00,86.75888142754394,87.47707077608042,85.08032200863124,85.89037322998047,959500,0.0,0.0
2018-04-09 00:00:00-04:00,86.257828021669,87.00942233041522,85.71500955583377,85.75676727294922,1007400,0.0,0.0
2018-04-10 00:00:00-04:00,87.39356599570573,89.0804719427952,87.22654150454204,88.73808288574219,1083000,0.0,0.0
2018-04-11 00:00:00-04:00,87.93638448557505,89.01366219028155,87.45202301796053,87.80276489257812,902000,0.0,0.0
2018-04-12 00:00:00-04:00,88.45413886165376,89.18068101692684,88.29547356921415,88.69631958007812,709700,0.0,0.0
2018-04-13 00:00:00-04:00,89.23079135642153,89.6566958473826,87.71090351967118,88.05329895019531,950300,0.0,0.0
2018-04-16 00:00:00-04:00,88.77149449543388,89.70680623133208,88.23702882596825,89.60659790039062,979100,0.0,0.0
2018-04-17 00:00:00-04:00,90.46673271278615,91.15986990961045,89.59822460556028,90.31641387939453,1043100,0.0,0.0
2018-04-18 00:00:00-04:00,90.75067977079597,91.31019748775083,90.15775715518716,90.50015258789062,833800,0.0,0.0
2018-04-19 00:00:00-04:00,90.38324605775827,90.7840921318895,89.13059092626463,89.74856567382812,1035900,0.0,0.0
2018-04-20 00:00:00-04:00,89.93227537955741,90.70056887758473,88.84663855353394,89.63998413085938,888500,0.0,0.0
2018-04-23 00:00:00-04:00,89.43122602648366,90.30808720363757,89.10553618841706,89.53144073486328,762300,0.0,0.0
2018-04-24 00:00:00-04:00,89.7819481851956,90.26630320637011,86.28286368500652,87.93637084960938,1243600,0.0,0.0
2018-04-25 00:00:00-04:00,88.01155739449463,88.49591895383055,86.82571195308662,87.8111343383789,1003700,0.0,0.0
2018-04-26 00:00:00-04:00,88.12011844562916,88.82996151712462,87.15975451847004,88.43746185302734,1181800,0.0,0.0
2018-04-27 00:00:00-04:00,89.69009850236743,90.1911592237886,85.59809092998455,87.351806640625,1416000,0.0,0.0
2018-04-30 00:00:00-04:00,87.58563818755194,87.87792946090012,85.23064696493508,85.24735260009766,1612700,0.0,0.0
2018-05-01 00:00:00-04:00,84.87991834711806,85.78183164685383,83.66902083325107,85.29747009277344,1867400,0.0,0.0
2018-05-02 00:00:00-04:00,85.23901050538787,86.60022686105806,85.23901050538787,85.71501922607422,1207600,0.0,0.0
2018-05-03 00:00:00-04:00,85.54797932077874,86.24946299542528,84.82143719661009,85.90707397460938,992900,0.0,0.0
2018-05-04 00:00:00-04:00,85.38096054181568,87.76935651564354,85.01351941830322,87.51882934570312,1021000,0.0,0.0
2018-05-07 00:00:00-04:00,87.77770573784233,88.37062829848439,87.37685336248857,87.74430084228516,626500,0.0,0.0
2018-05-08 00:00:00-04:00,87.66916068247723,88.5209633757248,87.45203200720489,88.12846374511719,1157600,0.0,0.0
2018-05-09 00:00:00-04:00,88.31217656727081,89.97403039907891,88.20361542876388,89.73184967041016,1584900,0.0,0.0
2018-05-10 00:00:00-04:00,89.71516056140058,91.01791985626292,89.59824659244286,89.94063568115234,837900,0.0,0.0
2018-05-11 00:00:00-04:00,90.14105902124494,90.42499110636271,89.00531793810778,89.13058471679688,727000,0.0,0.0
2018-05-14 00:00:00-04:00,89.35604942497845,90.01578176940498,88.5961023949938,89.1138687133789,638100,0.0,0.0
2018-05-15 00:00:00-04:00,88.75477829449486,89.85711440296822,88.32052737899492,89.77360534667969,824700,0.0,0.0
2018-05-16 00:00:00-04:00,89.99908381518416,91.36865914933942,89.88216985772368,90.67552185058594,1011600,0.0,0.0
2018-05-17 00:00:00-04:00,90.41663319496256,91.20998516774306,89.94897737695817,90.59201049804688,816000,0.0,0.0
2018-05-18 00:00:00-04:00,90.60035033762897,91.60247806628065,90.24125568317858,90.9844970703125,622400,0.0,0.0
2018-05-21 00:00:00-04:00,91.31019180894475,91.61082950680013,90.29971758000463,90.76737976074219,550000,0.0,0.0
2018-05-22 00:00:00-04:00,91.19329064816316,91.5356861075996,90.44170266943297,90.5586166381836,838400,0.0,0.0
2018-05-23 00:00:00-04:00,89.79866987000712,90.2329272170155,88.96356644873472,90.06590270996094,604000,0.0,0.0
2018-05-24 00:00:00-04:00,89.99909468764687,90.27468035123889,88.98862029247645,89.58154296875,727900,0.0,0.0
2018-05-25 00:00:00-04:00,88.93015308641432,89.14728173926066,88.29547913399097,88.73808288574219,708700,0.0,0.0
2018-05-29 00:00:00-04:00,87.92804532338604,88.59612427812453,86.50836559831576,87.03448486328125,1059600,0.0,0.0
2018-05-30 00:00:00-04:00,87.552237546716,88.23702845236105,87.21820128321434,87.47708129882812,862500,0.0,0.0
2018-05-31 00:00:00-04:00,87.7526445340084,88.10338634388815,87.07620661914692,87.10961151123047,1342900,0.0,0.0
2018-06-01 00:00:00-04:00,87.87790869179562,89.122210621343,87.64407445411497,88.33721160888672,674300,0.0,0.0
2018-06-04 00:00:00-04:00,88.67962142791814,89.04706254725492,88.22031206458145,88.57940673828125,550100,0.0,0.0
2018-06-05 00:00:00-04:00,88.63785661957405,89.70678773814359,88.60445172570225,88.8299331665039,809400,0.0,0.0
2018-06-06 00:00:00-04:00,88.99695883308266,91.86136342003337,88.99695883308266,91.83631134033203,1277000,0.0,0.0
2018-06-07 00:00:00-04:00,91.5273267089569,91.86136932622797,90.17446334744194,90.44169616699219,903900,0.0,0.0
2018-06-08 00:00:00-04:00,90.54189079296178,91.1932702938514,89.88215847578762,91.08470916748047,629100,0.0,0.0
2018-06-11 00:00:00-04:00,91.20164173038587,91.51897872933549,90.49180511324421,91.36031341552734,876100,0.0,0.0
2018-06-12 00:00:00-04:00,91.38534968279158,92.00332430909613,90.89263544799104,91.41875457763672,802400,0.0,0.0
2018-06-13 00:00:00-04:00,91.6442255970281,91.77784517049396,90.29136245801185,90.5752944946289,727400,0.0,0.0
2018-06-14 00:00:00-04:00,90.77677550048668,91.2804367460326,90.08004080187472,90.60049438476562,720000,0.56,0.0
2018-06-15 00:00:00-04:00,90.18078121774033,91.49869798762458,89.97092181868614,91.4315414428711,1393700,0.0,0.0
2018-06-18 00:00:00-04:00,90.75158198541162,90.9446490097962,89.9793010790745,90.51654052734375,765700,0.0,0.0
2018-06-19 00:00:00-04:00,89.49242801955884,89.74426181902773,87.25113154100417,87.46099090576172,980600,0.0,0.0
2018-06-20 00:00:00-04:00,87.78837047213322,87.9394694700219,85.63101647163347,86.47884368896484,1235900,0.0,0.0
2018-06-21 00:00:00-04:00,86.52921686646364,86.60476316545663,84.53135156776435,84.7412109375,1226500,0.0,0.0
2018-06-22 00:00:00-04:00,85.72336965993519,87.14201484302399,85.26167642010118,85.69818115234375,1367100,0.0,0.0
2018-06-25 00:00:00-04:00,85.59744891421161,85.59744891421161,83.55761538970664,84.2039794921875,1021400,0.0,0.0
2018-06-26 00:00:00-04:00,84.4642133414958,84.74122288124586,83.658354016658,84.13683319091797,1220700,0.0,0.0
2018-06-27 00:00:00-04:00,84.1368186327406,85.46312493957029,83.19664638090734,83.21343231201172,1360100,0.0,0.0
2018-06-28 00:00:00-04:00,83.26380130893564,83.94374358254646,82.17253008060278,83.69190979003906,1098400,0.0,0.0
2018-06-29 00:00:00-04:00,83.99412925174005,85.32883844619833,83.8178481136797,83.91018676757812,1179000,0.0,0.0
2018-07-02 00:00:00-04:00,82.91963408386052,84.25434302077544,82.5838578076027,83.4820556640625,776100,0.0,0.0
2018-07-03 00:00:00-04:00,84.12003312199711,84.72442916118248,82.54189288976866,82.70977783203125,544600,0.0,0.0
2018-07-05 00:00:00-04:00,83.3897170279816,83.88498847645185,82.75174914793149,83.4820556640625,817200,0.0,0.0
2018-07-06 00:00:00-04:00,83.10429728295179,84.20395815718732,82.66779268081515,83.72547912597656,583700,0.0,0.0
2018-07-09 00:00:00-04:00,83.90177098301437,84.83354706950038,83.85980295294534,84.6404800415039,725100,0.0,0.0
2018-07-10 00:00:00-04:00,85.9919793508733,86.16826045693831,84.43062509212609,85.5051040649414,1005900,0.0,0.0
2018-07-11 00:00:00-04:00,84.5985053499379,84.87552124602962,82.8944483478456,83.230224609375,894500,0.0,0.0
2018-07-12 00:00:00-04:00,83.82622312144944,83.8430090522838,82.86086878628895,83.26380157470703,839500,0.0,0.0
2018-07-13 00:00:00-04:00,83.15467169927142,84.32148924174143,83.15467169927142,83.50724029541016,616000,0.0,0.0
2018-07-16 00:00:00-04:00,83.59958462523967,83.85981462725273,82.59226210175812,82.77693939208984,514800,0.0,0.0
2018-07-17 00:00:00-04:00,82.81889740768332,84.69083923338142,82.81889740768332,84.49777221679688,716100,0.0,0.0
2018-07-18 00:00:00-04:00,84.55653597295894,85.56385833710037,84.55653597295894,85.11895751953125,676000,0.0,0.0
2018-07-19 00:00:00-04:00,84.85873689640056,85.27006589757309,83.9185709609207,84.54814910888672,517900,0.0,0.0
2018-07-20 00:00:00-04:00,84.18718995882254,84.68245502333126,83.90177787068528,83.93535614013672,662600,0.0,0.0
2018-07-23 00:00:00-04:00,83.93535267635059,84.1955826527603,83.25541036011835,83.4820556640625,595100,0.0,0.0
2018-07-24 00:00:00-04:00,84.14521152987406,84.72442544273912,83.70031068844429,84.12842559814453,552100,0.0,0.0
2018-07-25 00:00:00-04:00,83.92698022822246,85.54709517135443,83.91858405837381,85.37920379638672,991900,0.0,0.0
2018-07-26 00:00:00-04:00,85.47151913058677,86.33613866145511,85.40436259892337,85.93321228027344,935500,0.0,0.0
2018-07-27 00:00:00-04:00,84.78319557974552,85.69817946783054,83.10432041975055,84.69085693359375,1602200,0.0,0.0
2018-07-30 00:00:00-04:00,84.80836339952928,85.87445253304605,84.64047847356414,85.10216522216797,910900,0.0,0.0
2018-07-31 00:00:00-04:00,85.55546587820733,87.23434082748643,85.463127243645,86.98251342773438,1142900,0.0,0.0
2018-08-01 00:00:00-04:00,86.6803088291917,86.98250680942031,85.32881408550242,85.52188110351562,840300,0.0,0.0
2018-08-02 00:00:00-04:00,84.69924604479512,85.12736096815195,83.7506775596241,83.96893310546875,1003600,0.0,0.0
2018-08-03 00:00:00-04:00,83.94374849314032,85.89124320200519,83.94374849314032,85.61422729492188,1009700,0.0,0.0
2018-08-06 00:00:00-04:00,85.286851123841,85.74854432361872,84.61530494754624,85.43795013427734,853200,0.0,0.0
2018-08-07 00:00:00-04:00,85.83250090219785,86.4117149381345,85.11898017068816,85.37920379638672,748100,0.0,0.0
2018-08-08 00:00:00-04:00,85.59744554821239,86.10110678291643,84.74121568525548,85.16093444824219,714300,0.0,0.0
2018-08-09 00:00:00-04:00,85.1525609644356,86.01718075679052,84.90912326683254,85.40438842773438,561800,0.0,0.0
2018-08-10 00:00:00-04:00,84.86711433366465,84.90908876269145,83.35613095467993,83.83460998535156,803800,0.0,0.0
2018-08-13 00:00:00-04:00,83.96894931616443,84.27954356042846,82.59227204626096,82.98680877685547,814600,0.0,0.0
2018-08-14 00:00:00-04:00,83.17985407734011,83.8262245020985,83.03715124749978,83.13788604736328,871300,0.0,0.0
2018-08-15 00:00:00-04:00,82.52511338333481,82.52511338333481,80.46009753133045,81.19880676269531,953900,0.0,0.0
2018-08-16 00:00:00-04:00,81.90392450957154,82.31524713096701,81.56814819634236,81.6856689453125,768700,0.0,0.0
2018-08-17 00:00:00-04:00,81.74441633753517,82.43275478835608,81.57653140978351,82.00464630126953,857000,0.0,0.0
2018-08-20 00:00:00-04:00,82.09699482026457,82.93643236892004,82.09699482026457,82.38240051269531,896100,0.0,0.0
2018-08-21 00:00:00-04:00,82.47472833310464,83.78424868776443,82.47472833310464,83.26380157470703,1144600,0.0,0.0
2018-08-22 00:00:00-04:00,83.27219313353373,83.59957322925803,82.51670454610816,82.58385467529297,1081400,0.0,0.0
2018-08-23 00:00:00-04:00,82.39079696535353,82.44116116903835,81.39186422960287,82.02983856201172,686100,0.0,0.0
2018-08-24 00:00:00-04:00,82.51670922513718,83.41490709846082,82.32363578123402,83.09591674804688,670500,0.0,0.0
2018-08-27 00:00:00-04:00,83.37291688365144,84.16199003768486,83.35613095467993,83.83460998535156,540600,0.0,0.0
2018-08-28 00:00:00-04:00,83.8849901280156,84.38025518183704,82.70977634017498,83.00357818603516,759000,0.0,0.0
2018-08-29 00:00:00-04:00,82.94482805882593,83.36454686313843,82.49153098164037,82.87767791748047,566300,0.0,0.0
2018-08-30 00:00:00-04:00,82.66779755426231,82.66779755426231,81.66046883668793,82.01303100585938,769600,0.0,0.0
2018-08-31 00:00:00-04:00,81.79478735857327,82.12216745244642,81.00571410441773,81.45061492919922,824400,0.0,0.0
2018-09-04 00:00:00-04:00,81.20717370344677,81.55134611757946,80.49365318184391,81.1064453125,916600,0.0,0.0
2018-09-05 00:00:00-04:00,81.11483818312804,82.80210924452,80.77906832790929,82.09698486328125,1371100,0.0,0.0
2018-09-06 00:00:00-04:00,82.05501067645525,82.59225013170362,81.27433359236007,81.80317687988281,778200,0.0,0.0
2018-09-07 00:00:00-04:00,81.35827752608587,81.9794658610126,80.66993906133969,81.5093765258789,856700,0.0,0.0
2018-09-10 00:00:00-04:00,81.90391199224567,82.40757318291494,81.33309426831396,81.3582763671875,857500,0.0,0.0
2018-09-11 00:00:00-04:00,80.7958669087297,81.17361125719215,80.19147082766942,80.47688293457031,1453900,0.0,0.0
2018-09-12 00:00:00-04:00,80.56083168933885,81.57655046967193,80.1075345932198,80.58601379394531,875000,0.0,0.0
2018-09-13 00:00:00-04:00,81.02506000313632,81.97074873397511,80.72108885543733,81.83564758300781,901200,0.56,0.0
2018-09-14 00:00:00-04:00,81.92853500920995,82.5871370714662,81.63300926870754,82.30850219726562,1017500,0.0,0.0
2018-09-17 00:00:00-04:00,82.19874565275397,82.78135824720623,82.19874565275397,82.42672729492188,721000,0.0,0.0
2018-09-18 00:00:00-04:00,82.79823615347533,82.96711262362868,81.49791632219845,82.09741973876953,920700,0.0,0.0
2018-09-19 00:00:00-04:00,82.51114379278502,83.44838712912048,82.09740777466594,83.18663024902344,911200,0.0,0.0
2018-09-20 00:00:00-04:00,84.09853297500915,84.8669062095245,83.5750321657126,84.27584838867188,842500,0.0,0.0
2018-09-21 00:00:00-04:00,84.57982694225953,84.70648266085618,83.81146008220078,84.3349609375,1341400,0.0,0.0
2018-09-24 00:00:00-04:00,84.34340926333073,84.85847114584281,82.95865462765231,83.53282165527344,763400,0.0,0.0
2018-09-25 00:00:00-04:00,83.88745320727459,83.95500378565576,83.0346448706509,83.35550689697266,667500,0.0,0.0
2018-09-26 00:00:00-04:00,83.08530560332525,83.56659216942167,82.35070760581922,82.50269317626953,752200,0.0,0.0
2018-09-27 00:00:00-04:00,82.67157218142266,82.67157218142266,81.40502786895294,81.69210815429688,727000,0.0,0.0
2018-09-28 00:00:00-04:00,81.39658524536998,81.41346966898213,80.72953777807943,80.82241821289062,899000,0.0,0.0
2018-10-01 00:00:00-04:00,81.43035784859262,82.12273514945221,81.43035784859262,81.7934341430664,483700,0.0,0.0
2018-10-02 00:00:00-04:00,81.92008968752329,82.7222383465247,81.67523010361526,82.1480712890625,551100,0.0,0.0
2018-10-03 00:00:00-04:00,82.5955747217311,83.06841586197969,82.15650886892561,82.20716857910156,969700,0.0,0.0
2018-10-04 00:00:00-04:00,82.15652660665552,82.15652660665552,80.8393158798963,81.45570373535156,1244300,0.0,0.0
2018-10-05 00:00:00-04:00,80.23980256077174,80.23980256077174,76.46549949855,76.87924194335938,2518000,0.0,0.0
2018-10-08 00:00:00-04:00,76.93835403385735,77.79960140514908,76.85391258559235,77.05656433105469,1408200,0.0,0.0
2018-10-09 00:00:00-04:00,76.32196958753882,76.33041502113043,73.14716296481272,73.29914855957031,2543000,0.0,0.0
2018-10-10 00:00:00-04:00,73.45959450274215,73.59469569972501,71.09537509137928,71.129150390625,2798900,0.0,0.0
2018-10-11 00:00:00-04:00,70.71540576475356,72.00728020651542,69.23777042041542,69.27999114990234,2146300,0.0,0.0
2018-10-12 00:00:00-04:00,70.71540373778375,71.23891113531309,69.14488798717437,69.65150451660156,1801000,0.0,0.0
2018-10-15 00:00:00-04:00,69.65150525839428,70.47898387078838,69.36442491738697,69.50796508789062,1984200,0.0,0.0
2018-10-16 00:00:00-04:00,69.96390270392314,70.96025107386997,69.77814185566537,70.9011459350586,1274900,0.0,0.0
2018-10-17 00:00:00-04:00,70.67316604353668,71.0615786128989,69.9385745069076,70.36075592041016,1069200,0.0,0.0
2018-10-18 00:00:00-04:00,70.12431595227292,71.17976919392679,68.69734110812477,69.12796783447266,1270200,0.0,0.0
2018-10-19 00:00:00-04:00,69.28841714061198,69.87947503262568,67.96276765240746,68.19918823242188,1328500,0.0,0.0
2018-10-22 00:00:00-04:00,68.52849940545455,68.98444972479858,66.87354237162876,67.28728485107422,940000,0.0,0.0
2018-10-23 00:00:00-04:00,65.89410168468734,66.95800106851185,65.31993447903376,66.62025451660156,1651100,0.0,0.0
2018-10-24 00:00:00-04:00,66.62025598270098,66.62025598270098,63.656539426386296,63.774749755859375,1839100,0.0,0.0
2018-10-25 00:00:00-04:00,65.03282786447745,66.34159293910506,64.01114952630046,65.5816650390625,1652300,0.0,0.0
2018-10-26 00:00:00-04:00,62.44064056895195,66.94954228792565,62.44064056895195,65.98696899414062,2837000,0.0,0.0
2018-10-29 00:00:00-04:00,66.93263214409232,67.28726939386097,63.69872771783108,64.50086975097656,1894100,0.0,0.0
2018-10-30 00:00:00-04:00,64.5008927485194,67.02553645934833,64.16314624078144,66.72156524658203,1855300,0.0,0.0
2018-10-31 00:00:00-04:00,67.48994084675023,67.73480691155339,66.0376353269406,66.15584564208984,1984800,0.0,0.0
2018-11-01 00:00:00-04:00,67.49836275039827,69.01821189046788,66.67932982240532,68.9675521850586,1451600,0.0,0.0
2018-11-02 00:00:00-04:00,69.4150689984693,70.28476170166184,68.97600315174257,69.6599349975586,1726900,0.0,0.0
2018-11-05 00:00:00-05:00,70.09057115137601,70.29321645813205,68.36806993900423,69.24620819091797,1273400,0.0,0.0
2018-11-06 00:00:00-05:00,69.39820696047859,69.99770400321331,69.09423572163007,69.84571838378906,1209900,0.0,0.0
2018-11-07 00:00:00-05:00,70.53809115907579,71.18824788406458,69.55018791999794,71.09536743164062,1176400,0.0,0.0
2018-11-08 00:00:00-05:00,70.52964765426584,71.29802115588947,70.18346213828818,70.65630340576172,965300,0.0,0.0
2018-11-09 00:00:00-05:00,70.03990249611137,70.52963454179165,69.20398499881426,69.93013763427734,1310100,0.0,0.0
2018-11-12 00:00:00-05:00,70.1412388670686,70.29322447496389,68.79025926465427,68.92535400390625,856900,0.0,0.0
2018-11-13 00:00:00-05:00,68.78179432823298,69.71903757084881,67.94587694281078,68.0725326538086,1023200,0.0,0.0
2018-11-14 00:00:00-05:00,68.60449722222867,69.65150559146618,68.17387026667971,69.25465393066406,1583100,0.0,0.0
2018-11-15 00:00:00-05:00,68.65514780568829,70.31854380920304,68.42717264896287,69.93013763427734,904900,0.0,0.0
2018-11-16 00:00:00-05:00,69.75283651850586,70.52120359311515,69.26310437223927,70.23412322998047,752900,0.0,0.0
2018-11-19 00:00:00-05:00,70.10746343576518,70.4874306757558,68.77336826260317,69.08578491210938,962400,0.0,0.0
2018-11-20 00:00:00-05:00,67.9374255188397,68.28361733556797,66.6877722668887,67.53213500976562,994700,0.0,0.0
2018-11-21 00:00:00-05:00,68.10632349251235,69.03512151530434,67.65036669398279,67.78546142578125,944000,0.0,0.0
2018-11-23 00:00:00-05:00,66.95798875662067,67.2112937924922,65.50568335983466,65.55634307861328,940000,0.0,0.0
2018-11-26 00:00:00-05:00,65.9785277882916,67.0339815940193,65.86876291160829,67.00865173339844,1865600,0.0,0.0
2018-11-27 00:00:00-05:00,66.46827884956382,66.78068914225736,64.9399833646039,65.79278564453125,1123700,0.0,0.0
2018-11-28 00:00:00-05:00,65.99540450846885,66.78910121967625,64.9061756414314,66.772216796875,1107000,0.0,0.0
2018-11-29 00:00:00-05:00,66.51891292344014,67.40549660776966,66.27404689213029,66.73844909667969,717100,0.0,0.0
2018-11-30 00:00:00-05:00,66.33315242412732,67.37172170484568,66.17272784143094,66.55268859863281,1307600,0.0,0.0
2018-12-03 00:00:00-05:00,68.46095234114351,70.07368229198795,67.56592319687385,68.35118103027344,1611900,0.0,0.0
2018-12-04 00:00:00-05:00,67.99654345365455,68.23296403545052,65.51411446084145,65.5816650390625,1236700,0.0,0.0
2018-12-06 00:00:00-05:00,64.26447059131877,64.28980045144804,62.52508481466919,63.9436149597168,1810100,0.0,0.0
2018-12-07 00:00:00-05:00,64.29823998735449,65.45501310700426,61.706045986257465,61.80736541748047,1710000,0.0,0.0
2018-12-10 00:00:00-05:00,61.292316834942554,62.06913581450759,60.21153305360969,61.4020881652832,1509000,0.0,0.0
2018-12-11 00:00:00-05:00,63.09924493276298,63.85916642026804,61.11498688300789,61.2585334777832,1276600,0.0,0.0
2018-12-12 00:00:00-05:00,62.39842929964512,63.03170157310165,61.13188475273208,61.24164962768555,2498600,0.0,0.0
2018-12-13 00:00:00-05:00,61.46117166671033,62.297089071429525,60.346612979758994,60.75190353393555,1995800,0.0,0.0
2018-12-14 00:00:00-05:00,60.26645916183373,61.23739930579375,59.90022689714894,60.8967170715332,2584500,0.62,0.0
2018-12-17 00:00:00-05:00,60.72637256959909,61.87616929889736,59.695807136597985,60.027976989746094,1885400,0.0,0.0
2018-12-18 00:00:00-05:00,60.53898808917688,62.131666890667475,60.45381917699619,60.82856369018555,1713800,0.0,0.0
2018-12-19 00:00:00-05:00,61.041486689662364,62.18277085909009,59.80652126929867,60.121646881103516,1236300,0.0,0.0
2018-12-20 00:00:00-05:00,59.90021574018403,61.33107565918903,58.66524368326106,59.37215805053711,1572300,0.0,0.0
2018-12-21 00:00:00-05:00,59.37216080597915,61.0500152142374,58.83559074818971,58.90372848510742,3089200,0.0,0.0
2018-12-24 00:00:00-05:00,58.69932752041453,59.525479883472926,57.634699526364756,57.651737213134766,510200,0.0,0.0
2018-12-26 00:00:00-05:00,57.90722436537748,60.50491838777046,57.40472324188223,60.48788070678711,910700,0.0,0.0
2018-12-27 00:00:00-05:00,59.39770923198239,61.91874694824219,59.125164789629224,61.91874694824219,1131200,0.0,0.0
2018-12-28 00:00:00-05:00,62.14019166669988,62.472355004511755,61.254420599877506,61.57807159423828,774100,0.0,0.0
2018-12-31 00:00:00-05:00,61.816550812884635,62.59159648079163,61.37366200438994,62.26795196533203,725800,0.0,0.0
2019-01-02 00:00:00-05:00,61.373655710815505,63.52846114087525,61.22886790279712,62.25090789794922,1589000,0.0,0.0
2019-01-03 00:00:00-05:00,62.07204653245082,62.259422033594106,60.70932447591511,60.81153106689453,1206900,0.0,0.0
2019-01-04 00:00:00-05:00,61.99538775052903,64.14167387571037,61.80801227571748,63.73286056518555,999000,0.0,0.0
2019-01-07 00:00:00-05:00,63.56253354406592,64.40572340985636,62.770450229457204,63.741390228271484,2140100,0.0,0.0
2019-01-08 00:00:00-05:00,64.32906859998724,64.72085084729589,63.5284664218504,64.2524185180664,1685400,0.0,0.0
2019-01-09 00:00:00-05:00,64.25241260933458,65.38517153626414,64.09058712064247,65.02745819091797,1078000,0.0,0.0
2019-01-10 00:00:00-05:00,64.7378881896506,65.61514044508522,64.55051265975732,65.11263275146484,1217000,0.0,0.0
2019-01-11 00:00:00-05:00,64.64419325198214,65.66623321330556,64.54198665666115,65.49589538574219,800400,0.0,0.0
2019-01-14 00:00:00-05:00,64.95933607576917,65.45332500360884,64.59310380140161,65.09561157226562,1159600,0.0,0.0
2019-01-15 00:00:00-05:00,64.89119156964865,65.1466983264251,64.02245170188155,64.49089050292969,836800,0.0,0.0
2019-01-16 00:00:00-05:00,64.29499543009061,65.47886093458503,64.29499543009061,65.39369201660156,1141300,0.0,0.0
2019-01-17 00:00:00-05:00,65.79398769596246,67.5740419786781,65.58958100993127,67.38667297363281,1567800,0.0,0.0
2019-01-18 00:00:00-05:00,68.0084066693275,69.6947795694925,67.60810567041116,69.158203125,1803100,0.0,0.0
2019-01-22 00:00:00-05:00,68.64718923473595,68.8004958755007,66.7223406335721,67.20781707763672,1154500,0.0,0.0
2019-01-23 00:00:00-05:00,67.31001746484922,67.56553069988949,65.8536076202513,66.12615203857422,1213100,0.0,0.0
2019-01-24 00:00:00-05:00,65.96432502985438,66.79899594675986,65.96432502985438,66.4838638305664,1068600,0.0,0.0
2019-01-25 00:00:00-05:00,67.48888472488602,69.03047022181647,67.19930907782161,68.86864471435547,1180000,0.0,0.0
2019-01-28 00:00:00-05:00,68.32354941947744,69.09008267546452,68.09358619369537,68.96232604980469,981000,0.0,0.0
2019-01-29 00:00:00-05:00,68.76644653280123,69.60111770235274,68.5620397864109,68.89420318603516,1125600,0.0,0.0
2019-01-30 00:00:00-05:00,69.54150179657992,70.72536760485973,68.80051837424296,70.14620971679688,1203300,0.0,0.0
2019-01-31 00:00:00-05:00,69.09860912422101,69.57556685751747,67.70181779394022,68.66424560546875,1819900,0.0,0.0
2019-02-01 00:00:00-05:00,67.55701657407873,70.44428644086796,67.20782205965628,69.55000305175781,2356500,0.0,0.0
2019-02-04 00:00:00-05:00,69.70330126175749,70.51242220797144,68.92825567947952,70.15470886230469,1755700,0.0,0.0
2019-02-05 00:00:00-05:00,69.96732162028493,70.46131034700424,69.226338530206,69.49036407470703,1548600,0.0,0.0
2019-02-06 00:00:00-05:00,68.56203580181919,69.32856917870119,68.22987242149914,68.8601303100586,1274500,0.0,0.0
2019-02-07 00:00:00-05:00,68.54498094843112,68.64718103141375,66.33906935314255,67.1396713256836,1215600,0.0,0.0
2019-02-08 00:00:00-05:00,66.70532502863087,67.64219627522377,66.00692939048274,67.3696517944336,1051400,0.0,0.0
2019-02-11 00:00:00-05:00,67.48888073769164,67.68477510346443,66.95231068913995,67.5910873413086,932700,0.0,0.0
2019-02-12 00:00:00-05:00,68.26392940994688,69.59258269993029,68.26392940994688,69.27745056152344,1135700,0.0,0.0
2019-02-13 00:00:00-05:00,69.94179418277474,70.0099254273096,68.80902858098338,69.12416076660156,1347300,0.0,0.0
2019-02-14 00:00:00-05:00,68.77495652243697,69.92475325758289,68.66423756947279,69.63517761230469,1269800,0.0,0.0
2019-02-15 00:00:00-05:00,70.41873250746325,70.79348352475465,69.92474371157397,70.44428253173828,1053500,0.0,0.0
2019-02-19 00:00:00-05:00,69.77142276010895,71.09156339268833,69.4903595547773,70.5805435180664,1108700,0.0,0.0
2019-02-20 00:00:00-05:00,70.58907211144756,72.49688961297959,70.43576546396682,72.05400085449219,1017500,0.0,0.0
2019-02-21 00:00:00-05:00,72.16470910144467,72.49687234219377,70.98083741250305,71.27893829345703,808400,0.0,0.0
2019-02-22 00:00:00-05:00,71.63667861900278,72.42876199189546,71.4067153666941,71.92625427246094,966700,0.0,0.0
2019-02-25 00:00:00-05:00,72.18176950469355,72.53097056468717,71.47485504029635,71.95181274414062,581500,0.0,0.0
2019-02-26 00:00:00-05:00,71.87516350121629,72.15622684680586,71.3471056850759,71.36414337158203,516600,0.0,0.0
2019-02-27 00:00:00-05:00,71.31303124974085,71.75591355441097,70.72535462614584,71.37265014648438,654000,0.0,0.0
2019-02-28 00:00:00-05:00,71.29600251465793,71.29600251465793,69.8651423152501,70.4272689819336,1263600,0.0,0.0
2019-03-01 00:00:00-05:00,70.98937022294992,71.93476009359776,70.4187313635056,70.87013244628906,825100,0.0,0.0
2019-03-04 00:00:00-05:00,70.96381898383828,71.33005114815963,69.53295919043993,70.77644348144531,919800,0.0,0.0
2019-03-05 00:00:00-05:00,70.64869082191211,70.7594162602372,69.67775088966961,70.29097747802734,964200,0.0,0.0
2019-03-06 00:00:00-05:00,70.18025613502758,71.03195825681682,69.74588623348305,70.41873168945312,1060200,0.0,0.0
2019-03-07 00:00:00-05:00,70.05249094200305,70.18024754422699,66.96932729926793,68.06802368164062,1489600,0.0,0.0
2019-03-08 00:00:00-05:00,67.39520621183343,67.87216395774736,66.73939824591518,67.2674560546875,1154800,0.0,0.0
2019-03-11 00:00:00-04:00,67.69329159486892,68.97935719804781,67.59960383596557,68.75791931152344,790700,0.0,0.0
2019-03-12 00:00:00-04:00,69.16672196484123,69.86511737849179,69.02193417739474,69.158203125,969500,0.0,0.0
2019-03-13 00:00:00-04:00,69.53296901459021,70.43577129225149,69.13266792982424,69.72034454345703,985400,0.0,0.0
2019-03-14 00:00:00-04:00,69.58303541467464,69.68601548744577,67.96103379289804,68.33863830566406,1205400,0.62,0.0
2019-03-15 00:00:00-04:00,68.17557027459047,68.87071181261958,67.30020055127213,67.48900604248047,2491300,0.0,0.0
2019-03-18 00:00:00-04:00,67.5319383521437,67.5319383521437,65.44650658554775,67.33454895019531,1493500,0.0,0.0
2019-03-19 00:00:00-04:00,68.04684374367011,68.59609255134572,67.09423891057847,67.38602447509766,1179500,0.0,0.0
2019-03-20 00:00:00-04:00,67.34311327111466,67.98676478338213,66.74236793112796,67.48900604248047,1035800,0.0,0.0
2019-03-21 00:00:00-04:00,67.30019886120402,68.55317298791213,67.30019886120402,67.8065414428711,1190200,0.0,0.0
2019-03-22 00:00:00-04:00,67.22296464896272,67.22296464896272,64.40806311908814,64.48529815673828,1513800,0.0,0.0
2019-03-25 00:00:00-04:00,64.39090807704913,64.78568029143945,63.532705902923325,63.75584030151367,1271000,0.0,0.0
2019-03-26 00:00:00-04:00,64.37374541212286,64.90582655722271,63.77299997571737,64.27934265136719,939700,0.0,0.0
2019-03-27 00:00:00-04:00,64.29650030798528,64.79425910163803,63.6871775975052,64.42523193359375,1267900,0.0,0.0
2019-03-28 00:00:00-04:00,64.53679652900755,65.24910585697664,64.45097762688704,65.14612579345703,775200,0.0,0.0
2019-03-29 00:00:00-04:00,65.33491946923093,65.703946611277,64.67410677408712,65.12036895751953,1760600,0.0,0.0
2019-04-01 00:00:00-04:00,65.77260692099583,67.48901108187268,65.61813028461442,67.38602447509766,1115900,0.0,0.0
2019-04-02 00:00:00-04:00,67.51476463026187,68.44162456570155,66.93977073510622,67.68640899658203,1306800,0.0,0.0
2019-04-03 00:00:00-04:00,68.51026643897393,70.32965046749013,68.10691045602958,69.43712615966797,1853300,0.0,0.0
2019-04-04 00:00:00-04:00,69.41996988766408,70.26101085739423,69.34273483866535,70.12369537353516,1055000,0.0,0.0
2019-04-05 00:00:00-04:00,70.37257026049318,70.93040291963148,70.2438386395286,70.69868469238281,1237800,0.0,0.0
2019-04-08 00:00:00-04:00,70.69869341458299,71.01623057912897,70.06362563305404,70.20951843261719,1334400,0.0,0.0
2019-04-09 00:00:00-04:00,69.70317237628225,70.02070294811298,68.9222053586791,69.62593078613281,720600,0.0,0.0
2019-04-10 00:00:00-04:00,69.92630575360052,70.4068968052719,69.19682877473386,70.0550308227539,637400,0.0,0.0
2019-04-11 00:00:00-04:00,70.19234813337921,70.81025467176217,69.90055602467073,70.10652923583984,1065000,0.0,0.0
2019-04-12 00:00:00-04:00,71.11063094772813,72.1919674942263,70.72444259776019,72.03749084472656,1820300,0.0,0.0
2019-04-15 00:00:00-04:00,72.48375308352425,72.9128541601832,71.71995369087631,72.03749084472656,799900,0.0,0.0
2019-04-16 00:00:00-04:00,72.08897222551987,72.63822101390934,71.53113958331,72.52665710449219,968600,0.0,0.0
2019-04-17 00:00:00-04:00,72.93001074987869,73.95985055781021,71.81434550165136,71.88300323486328,1080300,0.0,0.0
2019-04-18 00:00:00-04:00,71.86584380468074,72.17479709215519,71.02480939243783,72.1147232055664,956600,0.0,0.0
2019-04-22 00:00:00-04:00,71.96883079360572,72.32069026045221,71.43674311848561,71.45391082763672,744100,0.0,0.0
2019-04-23 00:00:00-04:00,71.31660866307854,71.86585760235957,70.56139300845807,71.52257537841797,1440400,0.0,0.0
2019-04-24 00:00:00-04:00,71.60840608460202,71.60840608460202,70.27818982483396,70.28677368164062,805800,0.0,0.0
2019-04-25 00:00:00-04:00,70.17518749142103,70.17518749142103,69.18826024899923,69.26549530029297,1364900,0.0,0.0
2019-04-26 00:00:00-04:00,68.22707250873538,69.48863074612962,65.60955327145054,68.83639526367188,2193800,0.0,0.0
2019-04-29 00:00:00-04:00,68.57893169141333,69.26548943023757,68.11550178023677,68.88787841796875,1002000,0.0,0.0
2019-04-30 00:00:00-04:00,68.8707237595197,69.08527430082661,66.95693005013433,67.69498443603516,1135300,0.0,0.0
2019-05-01 00:00:00-04:00,67.76364078680824,68.17558069857182,67.11998917612705,67.41178131103516,1238200,0.0,0.0
2019-05-02 00:00:00-04:00,67.11139012242647,68.14982024767114,65.89274492027519,66.6222152709961,1387500,0.0,0.0
2019-05-03 00:00:00-04:00,67.0770884552826,68.32147905149597,67.00843070647494,68.26998901367188,1222900,0.0,0.0
2019-05-06 00:00:00-04:00,66.50206608222037,66.78527429206744,65.55804526362456,66.27893829345703,1184200,0.0,0.0
2019-05-07 00:00:00-04:00,65.38642945507156,65.66963121246786,64.76852280700082,65.6181411743164,1189700,0.0,0.0
2019-05-08 00:00:00-04:00,65.2662665177762,65.96999191526855,64.88865553214944,65.55805206298828,1006400,0.0,0.0
2019-05-09 00:00:00-04:00,64.63978060157729,65.10321051190344,63.79873967967524,64.98306274414062,774500,0.0,0.0
2019-05-10 00:00:00-04:00,64.94015077384364,65.35209065920776,63.704344212875974,65.03455352783203,1029300,0.0,0.0
2019-05-13 00:00:00-04:00,63.64425833788231,63.7472383791504,61.54165967865686,62.23680114746094,1145600,0.0,0.0
2019-05-14 00:00:00-04:00,62.36555422983587,63.223756456356455,62.36555422983587,62.64017868041992,1524400,0.0,0.0
2019-05-15 00:00:00-04:00,61.98794361787992,63.009199714851576,61.66182261337301,62.116668701171875,1472300,0.0,0.0
2019-05-16 00:00:00-04:00,62.59725292508541,62.72597798076379,61.79912484207279,61.9278564453125,1281900,0.0,0.0
2019-05-17 00:00:00-04:00,61.309944989384476,61.816280960602846,60.880844045276376,61.12113952636719,942200,0.0,0.0
2019-05-20 00:00:00-04:00,60.640557740430026,61.22412882706577,60.03981239923629,60.1170539855957,863400,0.0,0.0
2019-05-21 00:00:00-04:00,60.52041588899939,61.70473910811959,60.52041588899939,61.550262451171875,1094100,0.0,0.0
2019-05-22 00:00:00-04:00,61.181227494752456,61.37003300127658,60.47750204615675,60.55473709106445,778700,0.0,0.0
2019-05-23 00:00:00-04:00,59.705114461089636,59.816678366925395,58.469301453104165,58.72676467895508,1028800,0.0,0.0
2019-05-24 00:00:00-04:00,59.37042373323936,59.619303137141266,58.54655047251029,59.02714157104492,721100,0.0,0.0
2019-05-28 00:00:00-04:00,59.39617039435269,59.70512369412682,58.14319603307442,58.263343811035156,1111300,0.0,0.0
2019-05-29 00:00:00-04:00,57.67976503891428,58.177523851488104,57.06185845055544,58.06595993041992,1136400,0.0,0.0
2019-05-30 00:00:00-04:00,58.177521703180936,58.99281108698232,57.67976290898773,57.868568420410156,810900,0.0,0.0
2019-05-31 00:00:00-04:00,56.933130719201735,57.06186235851999,55.64582742114554,55.71448516845703,1205500,0.0,0.0
2019-06-03 00:00:00-04:00,55.903295016668295,58.06596839104102,55.78314722337688,57.997310638427734,1847600,0.0,0.0
2019-06-04 00:00:00-04:00,58.92415946654274,61.18122863769531,58.67528007125359,61.18122863769531,2069600,0.0,0.0
2019-06-05 00:00:00-04:00,61.32713346107255,61.54168402868653,59.76520559074532,61.473026275634766,1551400,0.0,0.0
2019-06-06 00:00:00-04:00,61.3786120423391,61.945028577917356,60.62339654246391,61.53308868408203,1326000,0.0,0.0
2019-06-07 00:00:00-04:00,61.73048858699325,61.79914633894525,60.82937359842318,61.21556854248047,1181100,0.0,0.0
2019-06-10 00:00:00-04:00,61.387209637961234,62.554365292933376,61.387209637961234,61.936458587646484,1324900,0.0,0.0
2019-06-11 00:00:00-04:00,62.820387427327454,63.747247212540984,62.25397747918276,62.41703796386719,907500,0.0,0.0
2019-06-12 00:00:00-04:00,62.43419690486468,62.64016355618198,61.953605869270376,62.33979415893555,586300,0.0,0.0
2019-06-13 00:00:00-04:00,62.85472322365097,63.712925368066166,62.734575447237866,63.67859649658203,908500,0.0,0.0
2019-06-14 00:00:00-04:00,63.003570433596295,63.289158511280746,62.31122089368376,62.38910675048828,1019600,0.62,0.0
2019-06-17 00:00:00-04:00,62.31121556993546,63.34973318834079,61.826574895044175,62.371795654296875,800300,0.0,0.0
2019-06-18 00:00:00-04:00,62.89104517660064,64.6911482785734,62.80450315496855,63.929569244384766,995600,0.0,0.0
2019-06-19 00:00:00-04:00,64.14594036018151,64.44884079751536,63.48820898001776,63.912269592285156,1250600,0.0,0.0
2019-06-20 00:00:00-04:00,65.0979036120929,65.59985658577145,64.7863470493085,65.49600219726562,1197900,0.0,0.0
2019-06-21 00:00:00-04:00,65.4960103079606,66.39606197826971,64.69115685488744,65.9546890258789,2015500,0.0,0.0
2019-06-24 00:00:00-04:00,66.01527265413397,66.47395139668184,65.59121204723385,65.66909790039062,793500,0.0,0.0
2019-06-25 00:00:00-04:00,65.71236966205655,66.45664304266872,65.13253076868524,66.0931625366211,1251500,0.0,0.0
2019-06-26 00:00:00-04:00,66.30952308258047,66.7162713176937,65.69506603490632,66.10181427001953,1050900,0.0,0.0
2019-06-27 00:00:00-04:00,66.18834830801195,66.99320162160626,66.18834830801195,66.67298889160156,765600,0.0,0.0
2019-06-28 00:00:00-04:00,66.88936215722411,67.59036124380013,66.62107986043263,67.35669708251953,1508800,0.0,0.0
2019-07-01 00:00:00-04:00,68.07502052165701,69.01834012013013,67.77211343329886,68.87986755371094,1407200,0.0,0.0
2019-07-02 00:00:00-04:00,68.67214493754685,68.67214493754685,66.91531603930329,67.2874526977539,988400,0.0,0.0
2019-07-03 00:00:00-04:00,67.19224598485758,67.4518786356611,66.63836915902712,67.26148223876953,421900,0.0,0.0
2019-07-05 00:00:00-04:00,66.65567402202838,67.40860341701637,66.44797186582677,67.37398529052734,439300,0.0,0.0
2019-07-08 00:00:00-04:00,66.95858071585259,67.33071732073627,65.01135567691689,65.29694366455078,1356600,0.0,0.0
2019-07-09 00:00:00-04:00,65.02866395770594,65.32291474174201,63.79109395424513,64.595947265625,945400,0.0,0.0
2019-07-10 00:00:00-04:00,64.96809510383876,65.2277278050147,64.1372797039032,64.31036376953125,643700,0.0,0.0
2019-07-11 00:00:00-04:00,64.17190244906904,65.23638207437101,64.12862812818533,65.16715240478516,686500,0.0,0.0
2019-07-12 00:00:00-04:00,65.56525415510032,67.54709797516746,65.52197983217809,67.0970687866211,896700,0.0,0.0
2019-07-15 00:00:00-04:00,67.05378539600662,67.28744951806937,65.88544497749352,67.27879333496094,658500,0.0,0.0
2019-07-16 00:00:00-04:00,67.28745554214544,69.07890264745397,67.06244098031301,67.97980499267578,1145500,0.0,0.0
2019-07-17 00:00:00-04:00,67.81537488184627,67.95384081923335,66.88070504423042,67.46920013427734,784900,0.0,0.0
2019-07-18 00:00:00-04:00,66.93262180360483,67.87594772500759,66.93262180360483,67.2874526977539,569400,0.0,0.0
2019-07-19 00:00:00-04:00,67.55572175889797,68.55097138142413,67.52110363432735,68.09229278564453,596300,0.0,0.0
2019-07-22 00:00:00-04:00,68.16155282491815,68.70677362105431,67.84134001292642,68.11827850341797,609000,0.0,0.0
2019-07-23 00:00:00-04:00,68.71541587226851,70.67129727880318,68.71541587226851,70.2905044555664,977300,0.0,0.0
2019-07-24 00:00:00-04:00,69.95299842005348,70.93959218098917,69.51162544192933,70.74053955078125,848100,0.0,0.0
2019-07-25 00:00:00-04:00,70.29050878731455,70.74053129481874,69.1221749017952,69.77989959716797,1111900,0.0,0.0
2019-07-26 00:00:00-04:00,68.36924637795362,69.16544361187626,65.14983270726323,67.20091247558594,1985200,0.0,0.0
2019-07-29 00:00:00-04:00,66.85472911044766,67.51246033298553,66.2056540705404,66.67298889160156,967700,0.0,0.0
2019-07-30 00:00:00-04:00,65.81623026200872,66.66435152264296,65.26235326652747,66.38741302490234,1679700,0.0,0.0
2019-07-31 00:00:00-04:00,66.20565314351818,66.75087379242221,64.65652661096938,65.21040344238281,1364000,0.0,0.0
2019-08-01 00:00:00-04:00,64.97673352818597,65.40945017671774,62.33715933104936,62.72660827636719,1443000,0.0,0.0
2019-08-02 00:00:00-04:00,62.120830395910076,62.38911273204886,60.49381740468056,60.94384002685547,1720400,0.0,0.0
2019-08-05 00:00:00-04:00,59.931273674816666,59.931273674816666,58.1484826646573,58.79755783081055,1448600,0.0,0.0
2019-08-06 00:00:00-04:00,59.49855387577862,59.53317200854348,57.940770915028395,58.572540283203125,1219200,0.0,0.0
2019-08-07 00:00:00-04:00,57.923462044980155,58.58984290746418,57.11860865885962,58.4254150390625,1678400,0.0,0.0
2019-08-08 00:00:00-04:00,59.117765760807686,59.706260859554796,59.013917956915634,59.23892593383789,1207600,0.0,0.0
2019-08-09 00:00:00-04:00,58.667737805859346,58.94467626197909,57.984044547965745,58.33021926879883,1066500,0.0,0.0
2019-08-12 00:00:00-04:00,58.183111138293576,58.183111138293576,56.83303006292686,56.8416862487793,815600,0.0,0.0
2019-08-13 00:00:00-04:00,56.7810889689761,59.559129540690655,56.20989972481429,58.11385726928711,1374800,0.0,0.0
2019-08-14 00:00:00-04:00,56.6339624790806,56.642612058909855,54.97232867338606,55.11079788208008,1192700,0.0,0.0
2019-08-15 00:00:00-04:00,55.733919435591126,55.967583578386154,54.894447873383655,55.604103088378906,1687600,0.0,0.0
2019-08-16 00:00:00-04:00,55.98490315732977,56.954184588865004,54.894454944118074,56.67724609375,967400,0.0,0.0
2019-08-19 00:00:00-04:00,57.767677716217484,58.50329476359282,57.43881541107146,57.5859375,1054200,0.0,0.0
2019-08-20 00:00:00-04:00,57.07533124577961,57.26572765407605,56.01950802267448,56.45222473144531,1214400,0.0,0.0
2019-08-21 00:00:00-04:00,57.25708146702193,57.25708146702193,56.46953384107575,56.77243423461914,909500,0.0,0.0
2019-08-22 00:00:00-04:00,57.05803493325187,57.46478976330523,56.08009738643618,56.25318145751953,697000,0.0,0.0
2019-08-23 00:00:00-04:00,55.560819401156266,55.75121579792518,53.25877008329398,53.50974655151367,1092200,0.0,0.0
2019-08-26 00:00:00-04:00,54.461724071939805,54.61750234789418,53.57898160865384,53.847267150878906,719300,0.0,0.0
2019-08-27 00:00:00-04:00,54.34056830586987,54.47903752884255,53.128960128833974,53.26742935180664,894500,0.0,0.0
2019-08-28 00:00:00-04:00,53.21551315969405,54.72136576482892,52.98184569309715,54.340576171875,634600,0.0,0.0
2019-08-29 00:00:00-04:00,55.197348574910926,56.53877316533948,54.998299262463945,55.88969802856445,926000,0.0,0.0
2019-08-30 00:00:00-04:00,56.7378150120517,57.49074449243234,56.37433454679204,56.573387145996094,1365300,0.0,0.0
2019-09-03 00:00:00-04:00,55.73390973933634,56.01084815059991,55.084834718931184,55.6560173034668,830000,0.0,0.0
2019-09-04 00:00:00-04:00,56.893593227813504,57.11860777386982,55.98489206577825,56.322410583496094,890200,0.0,0.0
2019-09-05 00:00:00-04:00,57.205144456963865,58.87543112577204,57.205144456963865,58.40809631347656,1087200,0.0,0.0
2019-09-06 00:00:00-04:00,58.546578872974315,59.11776156201547,57.81096170247061,58.89275360107422,979700,0.0,0.0
2019-09-09 00:00:00-04:00,59.5331633480257,61.108251844657346,59.412003202341175,60.97843551635742,1084200,0.0,0.0
2019-09-10 00:00:00-04:00,61.463078146617235,64.5526751699621,61.29865028784363,64.32766723632812,1938400,0.0,0.0
2019-09-11 00:00:00-04:00,63.713208118982266,64.86422950184071,62.103501496222535,64.595947265625,1448400,0.0,0.0
2019-09-12 00:00:00-04:00,64.44883366606638,64.78635220213874,62.882401147231334,64.62191772460938,1829900,0.0,0.0
2019-09-13 00:00:00-04:00,65.37242374784104,66.31491253631577,64.98844264193379,65.86112213134766,1168100,0.62,0.0
2019-09-16 00:00:00-04:00,65.3724312349664,66.25383282645,64.57828961279874,64.83136749267578,1490100,0.0,0.0
2019-09-17 00:00:00-04:00,63.993588189922036,64.41247061395123,62.440219772949646,63.43507385253906,1143300,0.0,0.0
2019-09-18 00:00:00-04:00,63.23435309442707,63.56596889350446,62.30931499414767,62.89400863647461,1171600,0.0,0.0
2019-09-19 00:00:00-04:00,63.01619463339541,63.85396627059265,62.719486758103876,63.155826568603516,1016500,0.0,0.0
2019-09-20 00:00:00-04:00,63.304172542925684,64.19430271484383,62.91146276806651,63.12091064453125,1551100,0.0,0.0
2019-09-23 00:00:00-04:00,62.17841954850761,63.58343419305207,61.92534167348852,63.190731048583984,995300,0.0,0.0
2019-09-24 00:00:00-04:00,63.12963281455028,63.452526631450624,61.73334692446931,61.86425018310547,1213700,0.0,0.0
2019-09-25 00:00:00-04:00,61.72461666609083,63.627058017463185,61.497718158675205,63.41761016845703,823600,0.0,0.0
2019-09-26 00:00:00-04:00,63.548521715076895,63.836507551587204,62.63220556545913,63.22562789916992,671700,0.0,0.0
2019-09-27 00:00:00-04:00,63.57470568518058,64.3339393120543,63.29544848759774,63.95868682861328,1092300,0.0,0.0
2019-09-30 00:00:00-04:00,63.94123414529875,64.52593456283876,63.539802310789824,64.42993927001953,772900,0.0,0.0
2019-10-01 00:00:00-04:00,64.77028697441203,65.320072776431,62.41404784143591,62.562408447265625,780000,0.0,0.0
2019-10-02 00:00:00-04:00,61.6286284571785,62.13477750519962,60.79085693926306,61.17483139038086,942300,0.0,0.0
2019-10-03 00:00:00-04:00,60.9653938671446,61.82061609725556,60.319612864691095,61.803165435791016,789400,0.0,0.0
2019-10-04 00:00:00-04:00,61.75080327272502,62.31804627922245,61.2882842030939,62.021331787109375,787400,0.0,0.0
2019-10-07 00:00:00-04:00,61.864244490536244,62.33549218345377,61.201006257020936,61.44536209106445,620100,0.0,0.0
2019-10-08 00:00:00-04:00,60.947946922315964,60.947946922315964,59.900733947753906,59.900733947753906,1017200,0.0,0.0
2019-10-09 00:00:00-04:00,60.61631234748081,60.886840839941954,59.961802775643314,60.52031707763672,916700,0.0,0.0
2019-10-10 00:00:00-04:00,60.93920485039175,61.57625709174842,60.31960326772319,60.904296875,864400,0.0,0.0
2019-10-11 00:00:00-04:00,62.187126327501794,64.15937667387963,62.187126327501794,63.36524200439453,1068000,0.0,0.0
2019-10-14 00:00:00-04:00,62.59730395657726,63.32162288717849,61.93406566711929,63.086002349853516,957300,0.0,0.0
2019-10-15 00:00:00-04:00,63.216897950405766,64.42119312711739,62.95509146685237,63.635780334472656,720100,0.0,0.0
2019-10-16 00:00:00-04:00,64.25540531094276,65.40734227366366,63.68816882002596,63.7492561340332,982800,0.0,0.0
2019-10-17 00:00:00-04:00,64.04597473414597,64.32523202451375,62.98130423398788,63.461280822753906,643500,0.0,0.0
2019-10-18 00:00:00-04:00,63.4001746709548,63.958689085831466,63.34780936717341,63.784149169921875,786200,0.0,0.0
2019-10-21 00:00:00-04:00,64.6655483780663,64.84881027058927,63.94995146811261,64.24666595458984,961200,0.0,0.0
2019-10-22 00:00:00-04:00,64.15941372142179,65.04082215282494,62.99875468812933,64.77902221679688,639700,0.0,0.0
2019-10-23 00:00:00-04:00,64.90118113936558,65.37242889974937,64.17685550814512,65.29388427734375,870200,0.0,0.0
2019-10-24 00:00:00-04:00,65.99202543165856,66.29746192155984,64.61319023951437,65.49459838867188,1353100,0.0,0.0
2019-10-25 00:00:00-04:00,63.871416625134856,67.43194403037705,62.57984799739801,66.5679931640625,3243600,0.0,0.0
2019-10-28 00:00:00-04:00,67.03924754275448,68.9416893636675,66.76871899353846,68.19991302490234,2412200,0.0,0.0
2019-10-29 00:00:00-04:00,67.81593186496963,68.93296070330075,67.5454033157536,68.19991302490234,932000,0.0,0.0
2019-10-30 00:00:00-04:00,67.61521310057788,67.61521310057788,66.46327638411863,67.37085723876953,988800,0.0,0.0
2019-10-31 00:00:00-04:00,67.0915986211025,67.18759390025758,65.3462395935794,66.35855102539062,926000,0.0,0.0
2019-11-01 00:00:00-04:00,67.06542143075337,69.25584894410035,66.69016896159845,68.9155044555664,959900,0.0,0.0
2019-11-04 00:00:00-05:00,69.81437023775078,70.73068651032813,69.50893369956405,70.68704986572266,1017300,0.0,0.0
2019-11-05 00:00:00-05:00,71.00120670864302,71.7866196129897,70.66086222642888,70.98374938964844,1438500,0.0,0.0
2019-11-06 00:00:00-05:00,70.66086956025687,71.07103004498678,69.90163589758552,70.76558685302734,908900,0.0,0.0
2019-11-07 00:00:00-05:00,71.60335656200098,72.51966605401307,71.16701680637152,72.39749145507812,1672600,0.0,0.0
2019-11-08 00:00:00-05:00,71.89133501230823,73.2963495438425,71.29791268434334,73.21781158447266,1609300,0.0,0.0
2019-11-11 00:00:00-05:00,72.56330528666186,72.78147517227538,71.83025100883181,72.15314483642578,739600,0.0,0.0
2019-11-12 00:00:00-05:00,72.19679525640977,72.67676510155782,71.47246950000233,71.8739013671875,1136900,0.0,0.0
2019-11-13 00:00:00-05:00,70.92265679356711,71.00120140714523,69.72709019434735,69.78817749023438,913000,0.0,0.0
2019-11-14 00:00:00-05:00,69.50892541497213,70.12852707802135,69.24711889457774,69.66600799560547,839500,0.0,0.0
2019-11-15 00:00:00-05:00,70.25070811546577,70.28561609858457,69.29949054304241,69.52638244628906,786400,0.0,0.0
2019-11-18 00:00:00-05:00,69.20350074122895,69.20350074122895,68.0341065170857,69.17731475830078,917600,0.0,0.0
2019-11-19 00:00:00-05:00,69.5263852905635,69.5263852905635,68.05156122705823,68.47044372558594,726600,0.0,0.0
2019-11-20 00:00:00-05:00,67.89446262327776,68.36570365854836,66.80361333086016,67.08287048339844,867300,0.0,0.0
2019-11-21 00:00:00-05:00,67.24867248613347,67.97299798662478,66.76870281056661,67.69374084472656,764500,0.0,0.0
2019-11-22 00:00:00-05:00,68.1824522947936,69.0027732198064,67.60648724171197,67.7112045288086,985500,0.0,0.0
2019-11-25 00:00:00-05:00,68.08646082699495,69.19476766969606,67.67630699950931,69.0813217163086,922100,0.0,0.0
2019-11-26 00:00:00-05:00,69.03768428029008,69.36930013424589,68.39190323500053,68.42681121826172,916700,0.0,0.0
2019-11-27 00:00:00-05:00,68.62751478692125,69.1598498102153,68.1126370819737,69.02021789550781,678700,0.0,0.0
2019-11-29 00:00:00-05:00,68.68859929918733,69.00276443652093,68.31334686615084,68.39189147949219,298200,0.0,0.0
2019-12-02 00:00:00-05:00,68.77587964418474,69.6311086127842,68.3919051336858,68.40062713623047,894100,0.0,0.0
2019-12-03 00:00:00-05:00,67.10904887257298,67.34466938694808,65.71276312920143,65.90474700927734,1358900,0.0,0.0
2019-12-04 00:00:00-05:00,66.65525121235616,67.23122282116644,65.42477670137642,65.4684066772461,1673000,0.0,0.0
2019-12-05 00:00:00-05:00,65.96585018451066,66.31492336890076,65.5033310448511,66.0531234741211,1109000,0.0,0.0
2019-12-06 00:00:00-05:00,67.04798138347425,68.06901501071069,66.46328759605005,67.63267517089844,1262400,0.0,0.0
2019-12-09 00:00:00-05:00,67.8857464029684,67.99047035111403,67.2137793872301,67.55413055419922,703900,0.0,0.0
2019-12-10 00:00:00-05:00,67.25740597567476,67.35340124928682,66.2625519200732,66.54180908203125,763000,0.0,0.0
2019-12-11 00:00:00-05:00,66.90833849618413,67.41449422550997,66.6552606315212,67.22250366210938,719400,0.0,0.0
2019-12-12 00:00:00-05:00,67.17886898483697,69.9016246885361,66.98687843485489,69.77072143554688,1250900,0.0,0.0
2019-12-13 00:00:00-05:00,70.03472386574553,70.56269551684453,68.82040383778238,69.1371841430664,1025000,0.66,0.0
2019-12-16 00:00:00-05:00,69.96432253494689,70.30750002649121,69.27796755185823,69.44515228271484,1067600,0.0,0.0
2019-12-17 00:00:00-05:00,69.44514731138263,69.95551621068543,69.2339627271127,69.86752319335938,1327000,0.0,0.0
2019-12-18 00:00:00-05:00,69.87632436695833,70.24589906703802,69.32195560340192,70.1843032836914,875500,0.0,0.0
2019-12-19 00:00:00-05:00,70.42187309689002,70.76505050466966,69.83231259772353,70.3162841796875,991200,0.0,0.0
2019-12-20 00:00:00-05:00,70.63308591867776,70.63308591867776,69.06678702779476,69.1371841430664,2856100,0.0,0.0
2019-12-23 00:00:00-05:00,69.0755775554267,69.54194662273375,68.67960559239475,69.44515228271484,509900,0.0,0.0
2019-12-24 00:00:00-05:00,69.6299440654002,69.72673841156212,69.2163761567712,69.53314971923828,162500,0.0,0.0
2019-12-26 00:00:00-05:00,69.66515257490909,69.66515257490909,68.86440716720604,69.39237213134766,282400,0.0,0.0
2019-12-27 00:00:00-05:00,69.74432949575653,69.74432949575653,68.82918737396152,68.93477630615234,646400,0.0,0.0
2019-12-30 00:00:00-05:00,68.93478693998345,69.4011627450369,68.60041074740407,68.94358825683594,556800,0.0,0.0
2019-12-31 00:00:00-05:00,68.89959384956228,69.87633188589972,68.67960792630498,69.74433898925781,895800,0.0,0.0
2020-01-02 00:00:00-05:00,70.74747960807728,70.74747960807728,69.13718091693096,69.22517395019531,1187000,0.0,0.0
2020-01-03 00:00:00-05:00,68.10764855786307,68.2660387036452,66.81413015288213,66.83172607421875,1461500,0.0,0.0
2020-01-06 00:00:00-05:00,66.55893982280487,67.61486955984995,66.34775521808336,66.44454956054688,1274600,0.0,0.0
2020-01-07 00:00:00-05:00,65.66139207771583,66.6821231351959,65.27421475585957,65.9781723022461,1431800,0.0,0.0
2020-01-08 00:00:00-05:00,66.11896608777204,66.42694502614255,65.35341268659047,66.17176055908203,965900,0.0,0.0
2020-01-09 00:00:00-05:00,66.21576206837666,66.59413812016203,65.43261272849678,66.32135772705078,1013900,0.0,0.0
2020-01-10 00:00:00-05:00,66.42693957669817,66.91971255110289,65.6877901852463,65.81098175048828,707500,0.0,0.0
2020-01-13 00:00:00-05:00,66.08376566147905,67.148496654469,65.87258106879138,67.04290771484375,828800,0.0,0.0
2020-01-14 00:00:00-05:00,67.39487362757647,68.11643378728195,66.98130579618146,67.34207916259766,1172100,0.0,0.0
2020-01-15 00:00:00-05:00,66.7261219558171,67.45647672391928,66.5765331614164,67.05169677734375,604100,0.0,0.0
2020-01-16 00:00:00-05:00,67.28050187955145,67.70287785581431,66.8493312989986,67.69407653808594,713900,0.0,0.0
2020-01-17 00:00:00-05:00,67.87006010972232,68.32763462658997,67.47408810124367,68.15164184570312,1343000,0.0,0.0
2020-01-21 00:00:00-05:00,67.74684815068593,67.80844392711708,66.18935111039218,66.62052154541016,715900,0.0,0.0
2020-01-22 00:00:00-05:00,66.57655045357883,66.84052956283196,64.61427284561606,64.71106719970703,1213800,0.0,0.0
2020-01-23 00:00:00-05:00,64.21829083366178,65.26541921696099,63.02156692694499,65.16862487792969,1356000,0.0,0.0
2020-01-24 00:00:00-05:00,65.24782288825664,65.24782288825664,64.14789332747496,64.3854751586914,1472500,0.0,0.0
2020-01-27 00:00:00-05:00,62.55518866506653,62.907167455426,61.42886190666587,61.44646453857422,1960400,0.0,0.0
2020-01-28 00:00:00-05:00,61.851241809534216,62.30880956727402,61.376071418744345,61.728050231933594,1576200,0.0,0.0
2020-01-29 00:00:00-05:00,62.0448304930611,63.03916443040071,62.000830623872965,62.326412200927734,1315300,0.0,0.0
2020-01-30 00:00:00-05:00,61.446467838732524,61.525659546262176,60.34653825568248,61.2000846862793,2051800,0.0,0.0
2020-01-31 00:00:00-05:00,61.323275218120294,64.38547536565488,61.27927535017269,62.71358108520508,2693200,0.0,0.0
2020-02-03 00:00:00-05:00,63.047964035369304,64.01590071029455,62.62558812831681,63.53192901611328,1431000,0.0,0.0
2020-02-04 00:00:00-05:00,64.54387152704834,65.28302775437659,64.06870110521687,64.30628967285156,1198500,0.0,0.0
2020-02-05 00:00:00-05:00,65.08063075903308,66.44454608536525,64.78145314411167,66.40934753417969,1485100,0.0,0.0
2020-02-06 00:00:00-05:00,66.69971361278067,66.77010398384401,64.5086496734443,65.03662109375,1113700,0.0,0.0
2020-02-07 00:00:00-05:00,64.23588269452348,64.87824447538094,63.45273342888438,63.69031524658203,891900,0.0,0.0
2020-02-10 00:00:00-05:00,63.42632885936882,64.5878540065854,63.26793876141038,64.35026550292969,1079500,0.0,0.0
2020-02-11 00:00:00-05:00,64.87825412014207,66.37415577469083,64.71106266326223,65.37982177734375,703300,0.0,0.0
2020-02-12 00:00:00-05:00,66.43573374300333,67.5444644243043,65.99576199636091,66.59412384033203,772200,0.0,0.0
2020-02-13 00:00:00-05:00,66.074965491236,66.62933428763107,65.50300748918124,66.02217102050781,654900,0.0,0.0
2020-02-14 00:00:00-05:00,66.07497518339318,66.14537229698176,64.89585374125664,65.7582015991211,799800,0.0,0.0
2020-02-18 00:00:00-05:00,65.02782959713844,65.26541140139554,63.1623468568989,63.971893310546875,1439700,0.0,0.0
2020-02-19 00:00:00-05:00,64.2358918778446,64.61426794785434,63.69912566891361,64.3766860961914,801200,0.0,0.0
2020-02-20 00:00:00-05:00,64.40306702429694,65.5469895482068,64.30627270205522,65.23020935058594,664200,0.0,0.0
2020-02-21 00:00:00-05:00,64.71106050676623,65.05423801270794,64.33268444721028,64.76385498046875,679500,0.0,0.0
2020-02-24 00:00:00-05:00,62.52878823935061,62.98636265749573,61.94802897131927,62.511192321777344,1511600,0.0,0.0
2020-02-25 00:00:00-05:00,62.792769095029925,62.792769095029925,58.24346278242294,58.57783889770508,1417200,0.0,0.0
2020-02-26 00:00:00-05:00,59.08821608980562,59.74817381222317,57.8562936652721,57.909088134765625,1106100,0.0,0.0
2020-02-27 00:00:00-05:00,56.50118011000892,58.049882790448684,54.978878021240234,54.978878021240234,2797000,0.0,0.0
2020-02-28 00:00:00-05:00,53.16619317574398,54.58290297476897,52.18945855391896,54.12533187866211,3081300,0.0,0.0
2020-03-02 00:00:00-05:00,54.7412983003553,55.445252608673535,52.91981505901733,55.37485885620117,2238700,0.0,0.0
2020-03-03 00:00:00-05:00,55.242863560051816,56.448388827301194,53.095802173576466,53.632568359375,1541600,0.0,0.0
2020-03-04 00:00:00-05:00,54.582906449790066,55.43645291001492,53.23659366755401,55.35725784301758,1261700,0.0,0.0
2020-03-05 00:00:00-05:00,53.245389499812006,53.94934711464348,52.19825775066415,52.54143524169922,1641900,0.0,0.0
2020-03-06 00:00:00-05:00,50.7991469515975,52.339048352432535,49.77841244302702,50.843143463134766,1990800,0.0,0.0
2020-03-09 00:00:00-04:00,46.72500090864694,49.312037079901835,43.77719137483763,44.058773040771484,2000900,0.0,0.0
2020-03-10 00:00:00-04:00,46.408229631234825,46.733807842227385,43.92678544720487,45.52828598022461,2367100,0.0,0.0
2020-03-11 00:00:00-04:00,43.80359433796782,44.08517604074165,41.43654710005073,41.806121826171875,2452000,0.0,0.0
2020-03-12 00:00:00-04:00,38.004763918753945,38.823111757753814,32.161938791452286,37.31840896606445,4118200,0.0,0.0
2020-03-13 00:00:00-04:00,41.448007718157385,41.46588520676749,37.211141801249255,41.394378662109375,1955100,0.66,0.0
2020-03-16 00:00:00-04:00,34.22567664667643,39.267013569687094,33.96645812161095,35.76310348510742,2060600,0.0,0.0
2020-03-17 00:00:00-04:00,36.79103496022663,37.60444206236599,34.86031022274295,36.44243240356445,2340800,0.0,0.0
2020-03-18 00:00:00-04:00,33.421208676954514,34.72623501733558,30.784338050990552,34.52064895629883,2030600,0.0,0.0
2020-03-19 00:00:00-04:00,33.51952986283736,38.5787441004103,32.116179152029204,36.871482849121094,1497200,0.0,0.0
2020-03-20 00:00:00-04:00,37.64020903404707,38.435738898235826,34.949705401691574,36.47819900512695,2037800,0.0,0.0
2020-03-23 00:00:00-04:00,35.736279926066395,37.523987796763755,34.0737110607527,34.3150520324707,1704100,0.0,0.0
2020-03-24 00:00:00-04:00,37.425673248477125,38.31952742099244,35.76310394203334,37.16645812988281,1531900,0.0,0.0
2020-03-25 00:00:00-04:00,38.52511156193168,43.43237222610827,37.98880044891893,41.63572692871094,1566200,0.0,0.0
2020-03-26 00:00:00-04:00,42.02902492148742,44.80891203092544,41.349693819551206,42.86030960083008,1365900,0.0,0.0
2020-03-27 00:00:00-04:00,41.08153935721838,42.645784250761494,40.23237716162404,41.53740692138672,991300,0.0,0.0
2020-03-30 00:00:00-04:00,40.277065481092635,42.94075019121835,39.7765059761186,42.556392669677734,1295200,0.0,0.0
2020-03-31 00:00:00-04:00,42.40443861475378,43.110584194387464,41.19773690558363,41.63572692871094,2126600,0.0,0.0
2020-04-01 00:00:00-04:00,39.71394147464116,41.144106798168245,39.12399785246335,40.67930221557617,1842900,0.0,0.0
2020-04-02 00:00:00-04:00,41.010025945292774,43.02119761549211,40.05360235713615,40.5630989074707,2045000,0.0,0.0
2020-04-03 00:00:00-04:00,40.250246314279,41.546335353727045,40.20555429425305,40.30387878417969,1414900,0.0,0.0
2020-04-06 00:00:00-04:00,42.54745792457045,45.20220595029762,42.27036530894447,44.85360336303711,1718300,0.0,0.0
2020-04-07 00:00:00-04:00,47.061426288656556,48.39326717381928,46.65919120563372,47.25807189941406,2548700,0.0,0.0
2020-04-08 00:00:00-04:00,47.39214624584418,50.94968526386653,47.16868271398512,50.53851318359375,1773400,0.0,0.0
2020-04-09 00:00:00-04:00,52.39772722977281,54.614485024242505,51.37873408495349,53.37202835083008,2011900,0.0,0.0
2020-04-13 00:00:00-04:00,53.20219977145509,53.30946131543013,50.83348489426829,51.78097152709961,2318400,0.0,0.0
2020-04-14 00:00:00-04:00,52.5496806889323,52.862528244133124,49.58208550040617,50.39549255371094,1857100,0.0,0.0
2020-04-15 00:00:00-04:00,47.83907012188614,48.42901367029285,46.19437850060338,46.480411529541016,1767400,0.0,0.0
2020-04-16 00:00:00-04:00,46.44465979958048,46.87370937302018,45.023431595781425,46.68600082397461,1394600,0.0,0.0
2020-04-17 00:00:00-04:00,48.13405162604087,49.734051605986274,48.13405162604087,49.25136947631836,1563800,0.0,0.0
2020-04-20 00:00:00-04:00,48.16980323625762,49.44801504008513,47.32958149931655,47.919525146484375,1053400,0.0,0.0
2020-04-21 00:00:00-04:00,46.6502403386112,48.01783931555384,46.07817430815944,47.123985290527344,914000,0.0,0.0
2020-04-22 00:00:00-04:00,48.38432429845632,48.62566531917291,47.22231462854087,48.151920318603516,568700,0.0,0.0
2020-04-23 00:00:00-04:00,48.87594471553166,50.8066695242087,48.81337519842782,50.05583190917969,895200,0.0,0.0
2020-04-24 00:00:00-04:00,50.735157279224254,51.45024328794589,49.805551605495154,51.19102478027344,1099200,0.0,0.0
2020-04-27 00:00:00-04:00,51.33404870729128,54.52510803595727,51.325108255511665,53.05024719238281,1869300,0.0,0.0
2020-04-28 00:00:00-04:00,54.12286992137689,55.043542045503116,52.87147611514656,54.212257385253906,1575100,0.0,0.0
2020-04-29 00:00:00-04:00,55.77650172332538,57.045773011475106,55.222309681377155,56.73292541503906,1415300,0.0,0.0
2020-04-30 00:00:00-04:00,55.56197703808862,55.61560951770949,54.02454672012233,54.08711624145508,1665200,0.0,0.0
2020-05-01 00:00:00-04:00,55.9642104084453,57.376501640786444,53.46141940191662,53.64912796020508,2101300,0.0,0.0
2020-05-04 00:00:00-04:00,52.55862510625165,54.25694941230086,51.99549601806729,54.212257385253906,2284800,0.0,0.0
2020-05-05 00:00:00-04:00,54.70387731803718,55.51728449763986,53.61337411095856,53.729576110839844,1092300,0.0,0.0
2020-05-06 00:00:00-04:00,54.31951260403017,54.703870129466864,52.98766853057562,53.21113204956055,1099500,0.0,0.0
2020-05-07 00:00:00-04:00,54.042413004949026,55.052468998065976,53.7385025030281,54.051353454589844,1191500,0.0,0.0
2020-05-08 00:00:00-04:00,55.10611098024484,56.06253466998409,54.8200779184415,55.8927001953125,787600,0.0,0.0
2020-05-11 00:00:00-04:00,54.88263843516973,55.44576401522229,54.07816844969108,55.177608489990234,981900,0.0,0.0
2020-05-12 00:00:00-04:00,55.54408984942868,56.17872540347297,54.77537482462795,54.980960845947266,1610000,0.0,0.0
2020-05-13 00:00:00-04:00,54.49828761074934,54.534039184654404,52.96085740999531,53.452476501464844,1803000,0.0,0.0
2020-05-14 00:00:00-04:00,51.772028917369035,53.863647691476366,51.21784031852536,53.82789611816406,1402900,0.0,0.0
2020-05-15 00:00:00-04:00,53.43460049469446,53.890468024928566,52.96979592318144,53.604434967041016,1349700,0.0,0.0
2020-05-18 00:00:00-04:00,55.91951904688022,56.91169432811457,55.71393299348302,56.250244140625,1595600,0.0,0.0
2020-05-19 00:00:00-04:00,56.07146889845851,57.34968398083137,55.31169425549318,56.670352935791016,1236600,0.0,0.0
2020-05-20 00:00:00-04:00,57.680399233918806,59.19995517057621,57.537386135865006,58.610008239746094,1509000,0.0,0.0
2020-05-21 00:00:00-04:00,57.9664425036344,59.056945699906215,57.814488928958156,58.458065032958984,829600,0.0,0.0
2020-05-22 00:00:00-04:00,57.82342734979952,58.65471198501547,57.70722194536726,58.51169204711914,710200,0.0,0.0
2020-05-26 00:00:00-04:00,60.7642011105551,61.86363776931608,60.424532208201974,61.35414123535156,2068700,0.0,0.0
2020-05-27 00:00:00-04:00,62.882636029176886,63.51727163654462,61.16643775407831,62.3463249206543,1624100,0.0,0.0
2020-05-28 00:00:00-04:00,63.311680158182355,63.401064193847944,61.02340929166743,61.184303283691406,1350900,0.0,0.0
2020-05-29 00:00:00-04:00,60.60330625108661,61.345199916658245,60.022299764900445,60.85358428955078,2490100,0.0,0.0
2020-06-01 00:00:00-04:00,61.0144825976284,61.51503870990835,60.478171503104804,61.28263473510742,705000,0.0,0.0
2020-06-02 00:00:00-04:00,61.78320710405903,63.731809606801946,61.4167235947571,63.40108108520508,1076000,0.0,0.0
2020-06-03 00:00:00-04:00,64.38429791190904,65.24239687202748,63.704967011145314,64.22340393066406,1051700,0.0,0.0
2020-06-04 00:00:00-04:00,63.91950908242077,65.55525691488418,63.57984015733774,65.5284423828125,1302400,0.0,0.0
2020-06-05 00:00:00-04:00,68.56754049910943,69.30050051677546,66.6993888858693,68.7552490234375,1899800,0.0,0.0
2020-06-08 00:00:00-04:00,69.17536407026013,69.70274150354264,68.25469549406532,69.13066864013672,1174000,0.0,0.0
2020-06-09 00:00:00-04:00,67.37873733375564,69.27371097946393,66.71728703517252,68.84465789794922,1487800,0.0,0.0
2020-06-10 00:00:00-04:00,68.93402917164221,69.22899583545917,67.2714600356611,67.61112213134766,1537900,0.0,0.0
2020-06-11 00:00:00-04:00,64.3574960264764,65.0993965756996,59.441298413342786,59.46811294555664,1976900,0.0,0.0
2020-06-12 00:00:00-04:00,62.18557080478728,63.29603050125489,61.16539764837574,62.86267852783203,1199300,0.66,0.0
2020-06-15 00:00:00-04:00,60.614685392499155,63.3321464317748,59.89243436872546,62.83559799194336,1027000,0.0,0.0
2020-06-16 00:00:00-04:00,65.41763318255659,66.28433023965164,63.15157741233862,64.6051025390625,1007700,0.0,0.0
2020-06-17 00:00:00-04:00,65.10164979562421,65.13776303334608,63.449505331301864,63.64812469482422,979900,0.0,0.0
2020-06-18 00:00:00-04:00,62.94393528954803,64.14467464300672,62.80851236681504,63.59395980834961,813500,0.0,0.0
2020-06-19 00:00:00-04:00,64.92109233614366,65.06553840323197,62.176548182505904,62.73628616333008,2802100,0.0,0.0
2020-06-22 00:00:00-04:00,62.3209989599543,62.9439403215894,61.75223090448085,62.528648376464844,1036100,0.0,0.0
2020-06-23 00:00:00-04:00,63.58492877456648,63.82868452132725,62.582808805191114,62.59183883666992,1126100,0.0,0.0
2020-06-24 00:00:00-04:00,61.59874974766636,61.59874974766636,59.71187264055355,60.352867126464844,1092400,0.0,0.0
2020-06-25 00:00:00-04:00,59.919520792442256,61.237622975337096,59.45908562080705,61.13831329345703,818300,0.0,0.0
2020-06-26 00:00:00-04:00,60.83135325744008,61.23762200997102,59.89242975403646,60.74107360839844,1392400,0.0,0.0
2020-06-29 00:00:00-04:00,61.3098505124856,63.043244627850115,61.255677210952,62.58280944824219,799200,0.0,0.0
2020-06-30 00:00:00-04:00,62.149464472325754,63.52174013407064,61.23763092992194,62.8717155456543,1290100,0.0,0.0
2020-07-01 00:00:00-04:00,62.790454048301726,62.90781689817927,61.445261850673624,62.0230598449707,1356700,0.0,0.0
2020-07-02 00:00:00-04:00,63.27795649100267,64.63217163860986,62.4654329127539,63.178653717041016,1019400,0.0,0.0
2020-07-06 00:00:00-04:00,64.84886498357744,65.03845431851401,63.25991693967146,64.97525787353516,1161700,0.0,0.0
2020-07-07 00:00:00-04:00,64.27108213899166,65.19194582461905,63.918986592613756,64.37039184570312,1079300,0.0,0.0
2020-07-08 00:00:00-04:00,64.1627295992097,64.41551538844958,62.0320966786219,63.00713348388672,1303300,0.0,0.0
2020-07-09 00:00:00-04:00,62.961978269586176,62.961978269586176,61.11122158491123,61.67095947265625,980400,0.0,0.0
2020-07-10 00:00:00-04:00,61.670967884386926,63.51270167800466,61.607771440444466,63.368255615234375,659300,0.0,0.0
2020-07-13 00:00:00-04:00,64.19885257923085,65.47181175043895,63.539797910522246,64.47872161865234,1004500,0.0,0.0
2020-07-14 00:00:00-04:00,64.14467950212754,66.05863307703459,64.10856626080336,65.92321014404297,1058300,0.0,0.0
2020-07-15 00:00:00-04:00,67.11492649435691,68.20733321562928,66.69963450804136,67.9184341430664,1120200,0.0,0.0
2020-07-16 00:00:00-04:00,67.71076416276297,68.61357435159981,67.1781094575389,68.29759216308594,770900,0.0,0.0
2020-07-17 00:00:00-04:00,68.63163745906267,68.7941435920917,67.74688720315713,68.51427459716797,956200,0.0,0.0
2020-07-20 00:00:00-04:00,67.94550672361277,68.60455440107539,67.14200608852234,67.70174407958984,958800,0.0,0.0
2020-07-21 00:00:00-04:00,67.75591292812159,69.12818149588725,67.75591292812159,68.80316925048828,870500,0.0,0.0
2020-07-22 00:00:00-04:00,68.63164933784886,69.23653759142101,68.33372711564459,69.15528106689453,580500,0.0,0.0
2020-07-23 00:00:00-04:00,68.90246785146294,69.60665864063466,68.16216383106517,69.04692077636719,545900,0.0,0.0
2020-07-24 00:00:00-04:00,69.15527774736569,69.78724918281225,68.68581935317127,69.19139099121094,757800,0.0,0.0
2020-07-27 00:00:00-04:00,69.18235427560164,71.28590403309084,68.5323366128664,70.79838562011719,1100000,0.0,0.0
2020-07-28 00:00:00-04:00,70.2476708805165,70.54559994805619,68.68581283777142,68.9385986328125,826100,0.0,0.0
2020-07-29 00:00:00-04:00,69.30874394449205,70.02196491055216,68.82123244212306,69.90460205078125,638900,0.0,0.0
2020-07-30 00:00:00-04:00,68.60456303506014,68.67678952296386,67.10590129449135,67.6566162109375,706900,0.0,0.0
2020-07-31 00:00:00-04:00,67.5211848303145,67.75591744271976,66.35655868801807,67.3767318725586,1873700,0.0,0.0
2020-08-03 00:00:00-04:00,67.70173643866838,68.60454665826138,66.97949239573119,67.86424255371094,1032200,0.0,0.0
2020-08-04 00:00:00-04:00,65.76973182868338,65.860011485018,62.87171146659533,64.17176055908203,1991700,0.0,0.0
2020-08-05 00:00:00-04:00,64.32523991166053,66.4649030031017,64.32523991166053,65.50791931152344,1475400,0.0,0.0
2020-08-06 00:00:00-04:00,65.1829005265634,65.48082957692945,64.59607934528569,64.93011474609375,881000,0.0,0.0
2020-08-07 00:00:00-04:00,64.59608891009418,65.9593276977539,64.09954041929299,65.9593276977539,655100,0.0,0.0
2020-08-10 00:00:00-04:00,65.69749869146268,67.29547668704042,65.69749869146268,67.03366088867188,953900,0.0,0.0
2020-08-11 00:00:00-04:00,68.15315239471762,69.03790958139764,67.65661082765644,67.87328338623047,724300,0.0,0.0
2020-08-12 00:00:00-04:00,68.16218927948779,68.55942808338938,66.34753833827037,66.42879486083984,1099500,0.0,0.0
2020-08-13 00:00:00-04:00,66.18502347345897,66.83504801690638,65.78779160971597,66.23919677734375,612900,0.0,0.0
2020-08-14 00:00:00-04:00,65.65236012144092,66.4016942550925,65.47179394519607,66.16696166992188,370900,0.0,0.0
2020-08-17 00:00:00-04:00,66.01350425679664,66.762831714487,64.71345497171899,65.36347961425781,1138200,0.0,0.0
2020-08-18 00:00:00-04:00,65.28220457644203,65.97737230063946,64.87594273401676,64.91205596923828,517600,0.0,0.0
2020-08-19 00:00:00-04:00,65.18291151869802,65.39959098526545,64.56900013921783,64.89401245117188,494800,0.0,0.0
2020-08-20 00:00:00-04:00,64.15369525795971,64.9301126372688,64.15369525795971,64.50579071044922,482300,0.0,0.0
2020-08-21 00:00:00-04:00,64.3342677664467,64.6773332213869,63.64812996866991,63.918975830078125,681400,0.0,0.0
2020-08-24 00:00:00-04:00,64.5148238950222,66.29336130693014,64.4155142099383,66.21210479736328,634200,0.0,0.0
2020-08-25 00:00:00-04:00,66.42878191271667,67.30450898449776,65.91418032973856,66.32044219970703,1404700,0.0,0.0
2020-08-26 00:00:00-04:00,66.23920024171477,66.89824796369824,66.00446761366064,66.15794372558594,534500,0.0,0.0
2020-08-27 00:00:00-04:00,66.29335679405858,66.97949451123114,65.49888625536629,66.70864868164062,718300,0.0,0.0
2020-08-28 00:00:00-04:00,66.96144200198654,67.3406206958664,65.54403002809592,67.19617462158203,565300,0.0,0.0
2020-08-31 00:00:00-04:00,67.2593767668607,67.33160325406801,65.89613109438432,66.00447082519531,983300,0.0,0.0
2020-09-01 00:00:00-04:00,65.62528421785667,69.1913822187064,65.02039607001122,69.16429901123047,1228500,0.0,0.0
2020-09-02 00:00:00-04:00,69.50737398592263,71.56578069117352,68.71290327677754,71.40327453613281,1326200,0.0,0.0
2020-09-03 00:00:00-04:00,71.0331160617002,71.30396191212878,69.04693611821088,70.09419250488281,1425300,0.0,0.0
2020-09-04 00:00:00-04:00,71.00601858523216,71.7102093893606,70.00389878308175,71.25880432128906,1438800,0.0,0.0
2020-09-08 00:00:00-04:00,70.3469639919015,70.83448229083461,69.01080885073195,70.00389862060547,1383500,0.0,0.0
2020-09-09 00:00:00-04:00,70.6719902138121,72.37830115469411,70.48240087459143,72.04426574707031,945000,0.0,0.0
2020-09-10 00:00:00-04:00,72.05329246291666,72.39636480718686,70.59074409131055,70.87061309814453,1039800,0.0,0.0
2020-09-11 00:00:00-04:00,71.36715598010342,72.269966267579,70.635874963479,72.22482299804688,989800,0.0,0.0
2020-09-14 00:00:00-04:00,73.00770272201869,73.7450670638915,72.21572831675502,73.7359619140625,1300100,0.66,0.0
2020-09-15 00:00:00-04:00,73.68134274179972,74.02726202800558,72.46150967272632,72.96218872070312,1354500,0.0,0.0
2020-09-16 00:00:00-04:00,73.39003757059115,76.0754801343326,73.03501314881365,75.32901763916016,1518800,0.0,0.0
2020-09-17 00:00:00-04:00,74.90117151452381,78.5788672605389,73.72685720653529,77.81420135498047,1739000,0.0,0.0
2020-09-18 00:00:00-04:00,76.84015182975673,77.7777807736252,75.58390517508779,76.31216430664062,1794800,0.0,0.0
2020-09-21 00:00:00-04:00,75.00130355951343,75.11054451704528,72.64357685730194,73.34452056884766,1426300,0.0,0.0
2020-09-22 00:00:00-04:00,73.25349805826642,73.74507200404719,70.89576414860652,71.92443084716797,1002900,0.0,0.0
2020-09-23 00:00:00-04:00,71.82427218547853,72.50701240217474,69.96721796264177,70.10376739501953,977200,0.0,0.0
2020-09-24 00:00:00-04:00,70.02185492014607,70.6954971265413,68.9294730400805,70.13109588623047,781500,0.0,0.0
2020-09-25 00:00:00-04:00,69.43925172531445,70.60446093960476,69.19346822816046,70.36778259277344,607700,0.0,0.0
2020-09-28 00:00:00-04:00,71.40553901512143,72.30675432473451,71.10513159685243,71.4692611694336,1035000,0.0,0.0
2020-09-29 00:00:00-04:00,71.40553827320468,71.8789018510061,70.02184730081187,70.2312240600586,535800,0.0,0.0
2020-09-30 00:00:00-04:00,70.50430739020015,72.03364583563481,70.50430739020015,71.11422729492188,1046800,0.0,0.0
2020-10-01 00:00:00-04:00,71.07783946577403,71.69685779818316,69.19347595972198,69.46656799316406,893400,0.0,0.0
2020-10-02 00:00:00-04:00,68.28315004158081,71.9062221344842,68.12839026147981,71.15975952148438,881400,0.0,0.0
2020-10-05 00:00:00-04:00,71.81518009690002,73.74506196062949,71.75145794289543,73.28990173339844,886600,0.0,0.0
2020-10-06 00:00:00-04:00,73.95443031430821,75.46556557254428,72.76191276499227,73.05321502685547,1288200,0.0,0.0
2020-10-07 00:00:00-04:00,74.50972715358513,76.68539246500531,74.50972715358513,76.02996063232422,858600,0.0,0.0
2020-10-08 00:00:00-04:00,76.46692108106195,77.77778480777087,76.20292730581119,77.74137115478516,807000,0.0,0.0
2020-10-09 00:00:00-04:00,78.35128745076855,78.94299718212852,77.79599137389783,78.43321990966797,723100,0.0,0.0
2020-10-12 00:00:00-04:00,78.88836518579514,78.88836518579514,77.54108800642629,78.1510009765625,725400,0.0,0.0
2020-10-13 00:00:00-04:00,77.28621862369025,77.48649026250239,75.87521894674647,76.94029235839844,616100,0.0,0.0
2020-10-14 00:00:00-04:00,77.21337172562083,78.23293301678683,77.07682228423,77.93252563476562,384200,0.0,0.0
2020-10-15 00:00:00-04:00,76.92208667711733,78.42411697760294,76.43051274540234,78.4059066772461,603100,0.0,0.0
2020-10-16 00:00:00-04:00,78.7791384939381,79.38905157440536,78.2693612261081,78.7336196899414,471600,0.0,0.0
2020-10-19 00:00:00-04:00,79.11595446696681,80.14461408590768,77.94164024081631,78.08728790283203,744600,0.0,0.0
2020-10-20 00:00:00-04:00,78.7336058916077,80.02626607951042,78.60616159698523,78.87015533447266,386900,0.0,0.0
2020-10-21 00:00:00-04:00,78.36038352095474,79.51648739995241,77.50468010259522,77.69584655761719,487300,0.0,0.0
2020-10-22 00:00:00-04:00,78.141900564467,78.5242404145432,75.77506889042071,78.37858581542969,662200,0.0,0.0
2020-10-23 00:00:00-04:00,78.99760005928528,79.77137097947616,78.41499558206908,79.48917388916016,764900,0.0,0.0
2020-10-26 00:00:00-04:00,77.99624732807348,78.242030764994,76.14829814154481,77.21337127685547,648400,0.0,0.0
2020-10-27 00:00:00-04:00,76.95849694414383,77.11324976438996,74.79193662511506,75.05592346191406,783300,0.0,0.0
2020-10-28 00:00:00-04:00,72.97128228430918,73.78146683680313,71.80606640722338,73.0714111328125,900500,0.0,0.0
2020-10-29 00:00:00-04:00,72.9621869082634,75.22888292920945,72.26123625850806,74.546142578125,943000,0.0,0.0
2020-10-30 00:00:00-04:00,73.19887797812999,75.82059863388504,72.1975198276592,73.5903091430664,940000,0.0,0.0
2020-11-02 00:00:00-05:00,74.91936904203365,76.72179948082548,74.07277082223953,75.84789276123047,934300,0.0,0.0
2020-11-03 00:00:00-05:00,77.1860598566136,77.60480636545567,75.67492480952919,77.0404052734375,590800,0.0,0.0
2020-11-04 00:00:00-05:00,76.63077430382002,76.97669356798227,73.99994880888698,75.47467041015625,772900,0.0,0.0
2020-11-05 00:00:00-05:00,76.30305218456573,79.60751258621,76.30305218456573,78.66988372802734,519200,0.0,0.0
2020-11-06 00:00:00-05:00,78.9976016850593,79.10684263123296,77.14054727126697,77.404541015625,506200,0.0,0.0
2020-11-09 00:00:00-05:00,82.01988255024882,84.75084427963687,81.26431480493802,82.23835754394531,1084100,0.0,0.0
2020-11-10 00:00:00-05:00,82.25655096332655,85.42446202995932,82.21103216576728,85.02392578125,1135700,0.0,0.0
2020-11-11 00:00:00-05:00,84.7963584654809,85.2970305881339,82.66620482114165,83.53101348876953,714800,0.0,0.0
2020-11-12 00:00:00-05:00,82.59337654211251,83.51279518558367,82.01076507118093,82.61157989501953,905800,0.0,0.0
2020-11-13 00:00:00-05:00,82.93019848161852,85.86143168487506,82.93019848161852,85.57012939453125,737900,0.0,0.0
2020-11-16 00:00:00-05:00,86.53506598432492,89.68477413465378,86.37120801372077,89.21141052246094,1102300,0.0,0.0
2020-11-17 00:00:00-05:00,88.30109840157071,88.31930175772646,86.85369197796022,88.3102035522461,1197300,0.0,0.0
2020-11-18 00:00:00-05:00,88.61059459927961,89.12948395437718,87.50000941744018,88.05530548095703,643400,0.0,0.0
2020-11-19 00:00:00-05:00,87.39987362205157,87.88234237842825,85.87053489597771,87.85503387451172,845600,0.0,0.0
2020-11-20 00:00:00-05:00,87.68206458792676,88.29197761647106,86.88098510022054,87.89144134521484,761400,0.0,0.0
2020-11-23 00:00:00-05:00,88.30108215332031,91.09576560964342,88.04619354287162,91.03204345703125,1114100,0.0,0.0
2020-11-24 00:00:00-05:00,91.85132906036893,94.42753743989984,90.8499780169154,93.96327209472656,1237000,0.0,0.0
2020-11-25 00:00:00-05:00,92.85268619803965,93.34426007604077,90.49495955866485,90.88639068603516,855500,0.0,0.0
2020-11-27 00:00:00-05:00,91.487208048698,91.8513376289754,89.88504206259381,90.9410171508789,353300,0.0,0.0
2020-11-30 00:00:00-05:00,90.67701412708617,90.87728572306486,88.49224381352657,88.66520690917969,1454000,0.0,0.0
2020-12-01 00:00:00-05:00,90.29467478951281,91.56911768172903,89.10215044723496,89.92144012451172,707700,0.0,0.0
2020-12-02 00:00:00-05:00,90.24918157997611,90.70434186914089,89.05666384482676,89.37527465820312,793200,0.0,0.0
2020-12-03 00:00:00-05:00,89.6119322571449,90.16722819391795,88.16451937344695,89.34793853759766,1063100,0.0,0.0
2020-12-04 00:00:00-05:00,90.56776474698452,93.25321380042374,90.05798760119494,93.20769500732422,1167700,0.0,0.0
2020-12-07 00:00:00-05:00,92.64330543266368,93.14398443820207,91.94236177010352,92.59779357910156,1431000,0.0,0.0
2020-12-08 00:00:00-05:00,92.21545291236252,94.35470431518543,91.67836030205439,93.9177474975586,811800,0.0,0.0
2020-12-09 00:00:00-05:00,94.15443608170965,95.4288859878658,93.89044234116926,94.80986785888672,1247200,0.0,0.0
2020-12-10 00:00:00-05:00,93.76300773570794,94.96463046965877,93.36246450932634,93.74480438232422,1247800,0.0,0.0
2020-12-11 00:00:00-05:00,92.82537734235478,93.75390114491556,92.29738981482323,93.30784606933594,949200,0.0,0.0
2020-12-14 00:00:00-05:00,94.29764774510998,94.75589270722725,91.41986994239461,91.82312774658203,1200400,0.69,0.0
2020-12-15 00:00:00-05:00,92.81293257192935,93.49114015775528,91.89644263760997,93.00540161132812,973300,0.0,0.0
2020-12-16 00:00:00-05:00,93.34449850934945,93.34449850934945,92.18055936814551,93.20702362060547,868400,0.0,0.0
2020-12-17 00:00:00-05:00,93.78442969089828,94.462630378715,92.90460007074743,93.94023132324219,1028700,0.0,0.0
2020-12-18 00:00:00-05:00,93.84858420236571,95.22331930203241,93.18871023576342,95.02169036865234,2835800,0.0,0.0
2020-12-21 00:00:00-05:00,93.97688173766524,94.32514540673344,92.15306866733243,94.01354217529297,785100,0.0,0.0
2020-12-22 00:00:00-05:00,94.23350721822773,94.23350721822773,92.43718754868321,92.53800201416016,919200,0.0,0.0
2020-12-23 00:00:00-05:00,93.133711775892,93.97688085663464,92.39135015735114,92.4921646118164,511200,0.0,0.0
2020-12-24 00:00:00-05:00,92.38219686954892,92.94125634147282,91.8322972634006,92.84960174560547,154100,0.0,0.0
2020-12-28 00:00:00-05:00,93.50030426192335,93.55529841521495,91.20907932224192,91.23657989501953,330200,0.0,0.0
2020-12-29 00:00:00-05:00,91.85978221129287,92.28136670996413,89.70602543553575,90.66834259033203,459500,0.0,0.0
2020-12-30 00:00:00-05:00,91.00746438609482,92.12557636897573,90.9341435042542,91.89645385742188,391200,0.0,0.0
2020-12-31 00:00:00-05:00,92.23553840850522,92.40967371840506,91.08075923386387,91.90560150146484,513700,0.0,0.0
2021-01-04 00:00:00-05:00,92.71213350827554,93.02373675787732,89.92600301655415,90.34758758544922,1205600,0.0,0.0
2021-01-05 00:00:00-05:00,90.53087960882165,93.93105661444869,90.53087960882165,92.95957946777344,994700,0.0,0.0
2021-01-06 00:00:00-05:00,94.51759706557982,99.62244532342606,94.31597516919578,98.16522979736328,1194600,0.0,0.0
2021-01-07 00:00:00-05:00,99.2100424200289,100.08070512242156,98.22939840050994,98.62348937988281,1027100,0.0,0.0
2021-01-08 00:00:00-05:00,98.07359587663005,98.8251173894207,95.56240826732397,96.9004898071289,842000,0.0,0.0
2021-01-11 00:00:00-05:00,95.93817944780535,98.32105219758616,95.49826114384288,98.2202377319336,659700,0.0,0.0
2021-01-12 00:00:00-05:00,98.33937400889633,101.06134327518646,97.92694933781233,100.86888122558594,839500,0.0,0.0
2021-01-13 00:00:00-05:00,100.2548499648919,100.98804483072006,97.47788612261073,97.68867492675781,966000,0.0,0.0
2021-01-14 00:00:00-05:00,98.32104023910381,98.40352797017965,96.3139250208401,97.58785247802734,886700,0.0,0.0
2021-01-15 00:00:00-05:00,96.79967855701311,97.02880106231466,95.04917926022259,96.02982330322266,593500,0.0,0.0
2021-01-19 00:00:00-05:00,96.61638530929771,96.72636663924769,95.08584851021654,96.11231994628906,499700,0.0,0.0
2021-01-20 00:00:00-05:00,96.62554240394938,96.97380609186781,95.47992988706308,96.8271713256836,494700,0.0,0.0
2021-01-21 00:00:00-05:00,96.93714058522248,98.15607391761759,96.34142770139142,97.07461547851562,708900,0.0,0.0
2021-01-22 00:00:00-05:00,95.93817575547546,97.98195158055267,95.03085259178637,97.34957122802734,1063300,0.0,0.0
2021-01-25 00:00:00-05:00,95.97481564577086,97.3128899519384,94.6642349156065,95.95648193359375,861200,0.0,0.0
2021-01-26 00:00:00-05:00,96.97379470249602,97.0654492868934,94.5451020457531,94.73756408691406,861300,0.0,0.0
2021-01-27 00:00:00-05:00,92.95957366723744,93.64694111316724,91.21824140576261,91.92394256591797,993600,0.0,0.0
2021-01-28 00:00:00-05:00,92.84044433056059,92.84044433056059,91.3923883817047,91.57568359375,1397800,0.0,0.0
2021-01-29 00:00:00-05:00,92.17139627266087,93.17953384415532,88.2304865932347,90.13678741455078,2675600,0.0,0.0
2021-02-01 00:00:00-05:00,91.64899444580078,91.8872837891936,89.64187922991347,91.64899444580078,1069200,0.0,0.0
2021-02-02 00:00:00-05:00,92.86794033167797,94.06854008404908,91.41071748659049,93.48198699951172,1400700,0.0,0.0
2021-02-03 00:00:00-05:00,93.38116460106073,94.52677708953411,93.07872122596046,94.0410385131836,616600,0.0,0.0
2021-02-04 00:00:00-05:00,94.18768319266631,94.77424328140567,93.36284770793029,93.64695739746094,670600,0.0,0.0
2021-02-05 00:00:00-05:00,94.60927688746222,95.94735160553338,93.90357558891728,95.7732162475586,504200,0.0,0.0
2021-02-08 00:00:00-05:00,96.68968076457524,98.75178296097613,96.21310911133598,98.48600006103516,736900,0.0,0.0
2021-02-09 00:00:00-05:00,98.42185600311022,98.49517687787325,96.91881303178559,97.21208953857422,586300,0.0,0.0
2021-02-10 00:00:00-05:00,98.10109005965168,98.10109005965168,95.51658854933815,96.3230972290039,738000,0.0,0.0
2021-02-11 00:00:00-05:00,96.81799728779417,98.33937395368217,96.13062982863683,97.58785247802734,735000,0.0,0.0
2021-02-12 00:00:00-05:00,98.06441693944853,100.41062878944767,98.00942978429633,100.10819244384766,1021000,0.0,0.0
2021-02-16 00:00:00-05:00,100.3556410596698,101.94117161602095,100.3556410596698,101.10716247558594,1171800,0.0,0.0
2021-02-17 00:00:00-05:00,100.58476956252879,101.31796430157553,98.99007904620487,101.04301452636719,613300,0.0,0.0
2021-02-18 00:00:00-05:00,100.55727828977201,100.86888151604249,98.9717476019307,99.76909637451172,637400,0.0,0.0
2021-02-19 00:00:00-05:00,100.11736905856476,103.23343656335001,99.93407384921552,102.57356262207031,738500,0.0,0.0
2021-02-22 00:00:00-05:00,102.2344607567297,104.4706915683012,101.83120292528042,103.93913269042969,752900,0.0,0.0
2021-02-23 00:00:00-05:00,103.85664380797009,103.85664380797009,101.41878410761485,102.97681427001953,658800,0.0,0.0
2021-02-24 00:00:00-05:00,102.7935213927011,104.80979658866393,102.45441757668556,103.90247344970703,832100,0.0,0.0
2021-02-25 00:00:00-05:00,104.47985108552652,104.85561530975203,100.85971869131048,100.96053314208984,727800,0.0,0.0
2021-02-26 00:00:00-05:00,100.0165406192736,101.22630701181038,98.21106138346566,100.13568878173828,973900,0.0,0.0
2021-03-01 00:00:00-05:00,101.81286902284852,103.85664476490021,101.37295774595172,102.50023651123047,815200,0.0,0.0
2021-03-02 00:00:00-05:00,102.2894532684423,104.74564683959674,102.2894532684423,103.8749771118164,1088900,0.0,0.0
2021-03-03 00:00:00-05:00,103.8108208497545,105.36885806952175,103.4625571615134,104.2690658569336,1130800,0.0,0.0
2021-03-04 00:00:00-05:00,103.94828676717026,104.69980823430707,99.49414512293447,101.9045181274414,791800,0.0,0.0
2021-03-05 00:00:00-05:00,102.9859795767477,106.1112067120887,101.12549907985175,105.65296173095703,834400,0.0,0.0
2021-03-08 00:00:00-05:00,105.99207371654471,108.89734544305635,105.50633511780944,106.73442840576172,721800,0.0,0.0
2021-03-09 00:00:00-05:00,107.03687519970204,107.41263248921359,104.71815646117864,104.78231048583984,850700,0.0,0.0
2021-03-10 00:00:00-05:00,105.02975390492577,108.09083417888976,105.02975390492577,107.1468505859375,808100,0.0,0.0
2021-03-11 00:00:00-05:00,107.91668958868176,109.07146886185933,107.22932213907232,108.16413879394531,690100,0.0,0.0
2021-03-12 00:00:00-05:00,108.59743548176824,109.12290664882843,107.51883084758433,108.1549301147461,433600,0.69,0.0
2021-03-15 00:00:00-04:00,107.71241741241697,108.13648825056804,102.66052075268102,104.55037689208984,1194900,0.0,0.0
2021-03-16 00:00:00-04:00,104.45818803506465,105.16803935280858,101.22239530629405,102.1073989868164,968600,0.0,0.0
2021-03-17 00:00:00-04:00,102.47614667493458,103.91427669796808,101.52660471437451,103.72989654541016,926700,0.0,0.0
2021-03-18 00:00:00-04:00,104.21849938730168,106.61538511987541,103.6284969618492,103.89583587646484,846100,0.0,0.0
2021-03-19 00:00:00-04:00,103.32427202515893,104.6333394295697,100.7153509487268,103.06614685058594,3980900,0.0,0.0
2021-03-22 00:00:00-04:00,102.23646086330866,103.88662638204306,101.65567214681506,103.46256256103516,1014800,0.0,0.0
2021-03-23 00:00:00-04:00,101.91380613815221,103.04771425815908,97.82065791947197,98.27237701416016,1267700,0.0,0.0
2021-03-24 00:00:00-04:00,99.48004499396389,102.48536784832672,99.16660222855019,100.26364135742188,980700,0.0,0.0
2021-03-25 00:00:00-04:00,99.61831679243421,103.42568440362844,99.29566030844755,102.87255096435547,947500,0.0,0.0
2021-03-26 00:00:00-04:00,104.24615654021021,104.79928294491759,101.97833335754129,103.87740325927734,1041000,0.0,0.0
2021-03-29 00:00:00-04:00,103.08459805541783,104.52272828018936,101.45287391834125,101.57271575927734,626100,0.0,0.0
2021-03-30 00:00:00-04:00,101.70177371330155,103.83131368458749,101.31458590641034,102.79881286621094,801800,0.0,0.0
2021-03-31 00:00:00-04:00,102.76192348399091,103.63770631915928,100.81675690197197,101.51738739013672,1155300,0.0,0.0
2021-04-01 00:00:00-04:00,101.63724486448655,102.78037381243561,100.74302036029195,102.59600067138672,797200,0.0,0.0
2021-04-05 00:00:00-04:00,103.63772158295806,104.29225537266827,102.4577166080786,102.47615814208984,1151300,0.0,0.0
2021-04-06 00:00:00-04:00,102.47615132569206,104.92834768224131,102.40239926132173,102.85411834716797,1052500,0.0,0.0
2021-04-07 00:00:00-04:00,103.1122467183506,103.4902207848646,102.17193248548017,102.86334228515625,683100,0.0,0.0
2021-04-08 00:00:00-04:00,102.6973953890862,103.1583352184507,100.18988159200197,101.43441772460938,674300,0.0,0.0
2021-04-09 00:00:00-04:00,102.45771002353365,103.68381172126016,102.088956734236,103.46256256103516,889700,0.0,0.0
2021-04-12 00:00:00-04:00,104.30147325796428,105.13116643093574,103.48100085174369,105.02053833007812,736100,0.0,0.0
2021-04-13 00:00:00-04:00,105.09427964738434,105.09427964738434,102.31020621106344,103.84052276611328,775700,0.0,0.0
2021-04-14 00:00:00-04:00,103.72991408775026,106.2558698545947,103.72991408775026,105.14039611816406,723900,0.0,0.0
2021-04-15 00:00:00-04:00,105.48147208260141,106.36647573798173,104.05256278799747,105.70272827148438,689700,0.0,0.0
2021-04-16 00:00:00-04:00,106.77211285779069,107.26992876910063,105.14960252093434,105.96086120605469,618500,0.0,0.0
2021-04-19 00:00:00-04:00,106.36647274003606,106.36647274003606,104.08021511975453,104.68865203857422,690000,0.0,0.0
2021-04-20 00:00:00-04:00,104.09865217145602,104.5503782804015,102.47614899255345,103.31505584716797,607400,0.0,0.0
2021-04-21 00:00:00-04:00,103.08459926485074,105.55523741762039,102.59600409472209,105.41695404052734,439700,0.0,0.0
2021-04-22 00:00:00-04:00,105.3431865020043,105.3431865020043,101.7755166904338,102.11660766601562,973600,0.0,0.0
2021-04-23 00:00:00-04:00,102.93709069612488,105.21412764748277,102.04286626162622,104.72553253173828,940400,0.0,0.0
2021-04-26 00:00:00-04:00,105.01132140435033,107.08555075702992,105.01132140435033,106.6246109008789,694000,0.0,0.0
2021-04-27 00:00:00-04:00,105.28787113280191,106.9841333002508,105.28787113280191,106.73522186279297,581700,0.0,0.0
2021-04-28 00:00:00-04:00,107.08555194046677,107.83227226500078,106.24663801697646,106.3480453491211,586500,0.0,0.0
2021-04-29 00:00:00-04:00,107.15007419397263,107.84148392747055,106.33881560530295,107.49116516113281,625200,0.0,0.0
2021-04-30 00:00:00-04:00,107.21461583795141,109.2427484386486,106.2097632709028,106.37570190429688,805300,0.0,0.0
2021-05-03 00:00:00-04:00,107.79538663910103,109.9802439189845,107.30679155500412,109.10445404052734,631700,0.0,0.0
2021-05-04 00:00:00-04:00,108.7541447473849,111.68572235107422,108.3024256827847,111.68572235107422,978200,0.0,0.0
2021-05-05 00:00:00-04:00,112.11901022831869,114.13792196308928,111.61197358637638,113.4280776977539,819200,0.0,0.0
2021-05-06 00:00:00-04:00,113.4741552387428,114.47900764815414,111.97149404062773,114.34994506835938,549200,0.0,0.0
2021-05-07 00:00:00-04:00,113.2713674683544,115.63137737879309,112.52464008779816,115.20731353759766,571800,0.0,0.0
2021-05-10 00:00:00-04:00,116.53481039137718,117.48434530927459,115.0505835863624,115.12432861328125,1137300,0.0,0.0
2021-05-11 00:00:00-04:00,117.14324442544516,118.7749682775653,115.48385827635397,118.36933898925781,1631700,0.0,0.0
2021-05-12 00:00:00-04:00,117.97295542534214,118.87639366226611,115.26262664780123,115.30872344970703,1140200,0.0,0.0
2021-05-13 00:00:00-04:00,115.52075016586006,118.120457834154,115.30872176032257,117.62263488769531,616400,0.0,0.0
2021-05-14 00:00:00-04:00,117.9452925326008,119.3926363648457,117.7701331367439,118.91326904296875,454800,0.0,0.0
2021-05-17 00:00:00-04:00,118.46153070594896,119.92731591998302,117.60418238137213,119.7429428100586,502800,0.0,0.0
2021-05-18 00:00:00-04:00,119.42951287458739,119.8812249056657,117.08793769205928,117.11559295654297,713000,0.0,0.0
2021-05-19 00:00:00-04:00,115.7512166210689,115.85262395401594,113.511048596357,115.05980682373047,569000,0.0,0.0
2021-05-20 00:00:00-04:00,114.99526701712729,115.60371096979947,113.12385242944524,113.20682525634766,984700,0.0,0.0
2021-05-21 00:00:00-04:00,113.98120039678847,116.4610589284559,113.85213780728895,115.07823944091797,766300,0.0,0.0
2021-05-24 00:00:00-04:00,115.53918176921385,117.18012647124449,114.89386177437434,116.39653015136719,538300,0.0,0.0
2021-05-25 00:00:00-04:00,117.23543140741174,117.7885577813221,113.8152588081212,114.11026000976562,998600,0.0,0.0
2021-05-26 00:00:00-04:00,114.14714614504055,114.92152876378094,112.52463587565731,113.99964904785156,824400,0.0,0.0
2021-05-27 00:00:00-04:00,115.35480687520625,116.0370029323008,114.84777724904497,115.33637237548828,944600,0.0,0.0
2021-05-28 00:00:00-04:00,116.04621995828049,116.04621995828049,114.77402844011921,115.60372161865234,587200,0.0,0.0
2021-06-01 00:00:00-04:00,117.76089654838042,120.2776309171679,117.3091775198125,119.87200164794922,1011400,0.0,0.0
2021-06-02 00:00:00-04:00,119.48481985814306,119.82591082116562,117.42902518079171,117.80699920654297,691100,0.0,0.0
2021-06-03 00:00:00-04:00,117.03261533667991,118.96856817185504,116.42417844280631,118.9040298461914,598800,0.0,0.0
2021-06-04 00:00:00-04:00,119.52169529877965,119.7245099544227,118.40622875951053,119.20825958251953,401400,0.0,0.0
2021-06-07 00:00:00-04:00,119.78906449040701,119.78906449040701,117.30920555644809,117.85311126708984,374200,0.0,0.0
2021-06-08 00:00:00-04:00,117.69637838722814,119.13450845359218,116.23980678836084,118.41544342041016,510000,0.0,0.0
2021-06-09 00:00:00-04:00,118.11121110488234,118.40621933206295,116.47026652479812,116.83901977539062,895900,0.0,0.0
2021-06-10 00:00:00-04:00,118.69201786891239,118.75655620349201,115.16121673672203,115.20731353759766,364000,0.0,0.0
2021-06-11 00:00:00-04:00,115.76044137312495,116.69154190161096,114.38684249780312,115.53919219970703,463600,0.0,0.0
2021-06-14 00:00:00-04:00,115.58552117476194,115.78945858158013,112.47085749611213,113.18463134765625,659500,0.69,0.0
2021-06-15 00:00:00-04:00,113.40712396212939,114.38973098643136,112.60065308543564,113.45347595214844,453900,0.0,0.0
2021-06-16 00:00:00-04:00,113.27733861730437,113.66667691704201,111.71074189584273,112.60991668701172,749200,0.0,0.0
2021-06-17 00:00:00-04:00,112.62845471921453,112.62845471921453,106.40839852125981,108.4292221069336,620400,0.0,0.0
2021-06-18 00:00:00-04:00,107.33537626200409,108.16039067262284,105.62045890529049,105.81512451171875,1677400,0.0,0.0
2021-06-21 00:00:00-04:00,108.54044696259714,110.85790469505318,108.43848532890324,110.34806823730469,1334500,0.0,0.0
2021-06-22 00:00:00-04:00,110.7374046007023,110.95987857313852,109.07810393824195,109.29131317138672,729900,0.0,0.0
2021-06-23 00:00:00-04:00,109.5508655485386,110.01435710914804,108.46629699406931,108.51264190673828,612400,0.0,0.0
2021-06-24 00:00:00-04:00,109.13373045479392,109.27277227083093,107.90084115558406,108.65169525146484,724400,0.0,0.0
2021-06-25 00:00:00-04:00,109.04103184386258,110.10706394393738,108.06770372213217,108.25309753417969,750400,0.0,0.0
2021-06-28 00:00:00-04:00,108.13257018462308,108.13257018462308,106.00977823021255,107.14996337890625,681000,0.0,0.0
2021-06-29 00:00:00-04:00,108.05843256913589,108.8185585188815,106.92751192071226,107.62274932861328,485300,0.0,0.0
2021-06-30 00:00:00-04:00,107.22414483968866,108.54973109602297,107.22414483968866,108.22528839111328,590700,0.0,0.0
2021-07-01 00:00:00-04:00,109.39328119547383,109.91238948533987,107.40953786226291,108.38286590576172,475800,0.0,0.0
2021-07-02 00:00:00-04:00,107.96573554365784,108.50338750253287,106.91823999062191,108.1882095336914,306100,0.0,0.0
2021-07-06 00:00:00-04:00,107.96573195395413,108.2623662882431,104.13728689966666,104.8139877319336,618100,0.0,0.0
2021-07-07 00:00:00-04:00,104.11875044590087,105.94490844121611,103.9426213786409,105.78732299804688,753000,0.0,0.0
2021-07-08 00:00:00-04:00,103.66453635866475,104.47100724287161,102.55215223873137,103.37716674804688,595500,0.0,0.0
2021-07-09 00:00:00-04:00,105.24039492593988,106.94604758395522,104.55442938145985,106.55670928955078,721600,0.0,0.0
2021-07-12 00:00:00-04:00,106.01906286525944,107.47442609291295,104.77690179648611,106.81626892089844,537000,0.0,0.0
2021-07-13 00:00:00-04:00,106.81626804277893,106.81626804277893,104.63785205265054,105.24966430664062,452900,0.0,0.0
2021-07-14 00:00:00-04:00,105.5555707239303,106.36204151436431,104.6378523404213,105.09207916259766,735300,0.0,0.0
2021-07-15 00:00:00-04:00,104.05385660522826,106.29715408813563,104.05385660522826,104.64712524414062,590800,0.0,0.0
2021-07-16 00:00:00-04:00,104.97157547256923,105.52776397749483,100.82795944154455,101.2265625,945400,0.0,0.0
2021-07-19 00:00:00-04:00,98.9183743465861,99.19647212967583,97.15710488909886,97.97285461425781,983400,0.0,0.0
2021-07-20 00:00:00-04:00,98.02846501366648,100.77233420225005,97.48154836716905,100.2903060913086,827200,0.0,0.0
2021-07-21 00:00:00-04:00,101.82910366044482,102.97856085445893,101.18949005813728,101.81983184814453,512700,0.0,0.0
2021-07-22 00:00:00-04:00,101.74568423563586,101.83838114684166,99.96587100780802,100.35520935058594,625000,0.0,0.0
2021-07-23 00:00:00-04:00,101.16166599868956,102.26477818181932,100.07709743857977,102.01449584960938,819900,0.0,0.0
2021-07-26 00:00:00-04:00,102.35747201556086,103.97969243756417,101.91252408888188,103.62744140625,601700,0.0,0.0
2021-07-27 00:00:00-04:00,102.30186846046023,103.887008913883,100.61475928731548,102.75608825683594,563900,0.0,0.0
2021-07-28 00:00:00-04:00,102.91366657124411,103.88700171117218,101.43049494037484,103.0063705444336,717000,0.0,0.0
2021-07-29 00:00:00-04:00,104.10020756950456,104.8510616361918,103.70160454361579,104.52661895751953,535300,0.0,0.0
2021-07-30 00:00:00-04:00,104.5080690202273,105.89854362108517,103.83137534164209,104.48953247070312,575000,0.0,0.0
2021-08-02 00:00:00-04:00,105.28674438156307,107.36318458842936,103.71086883544922,103.71086883544922,479000,0.0,0.0
2021-08-03 00:00:00-04:00,103.92409522652677,104.7491097731134,100.94847977103103,103.60891723632812,826300,0.0,0.0
2021-08-04 00:00:00-04:00,103.06198701312051,103.683064026946,100.9855467350889,101.05970001220703,460200,0.0,0.0
2021-08-05 00:00:00-04:00,102.92293526304961,103.97043072084769,102.34821025168993,102.51506042480469,636900,0.0,0.0
2021-08-06 00:00:00-04:00,103.69233428072391,105.23112261068763,103.68306246910339,104.58223724365234,493200,0.0,0.0
2021-08-09 00:00:00-04:00,103.71088047811837,104.98085004009135,103.12688359346723,104.5729751586914,451500,0.0,0.0
2021-08-10 00:00:00-04:00,104.38757789198444,107.00167021241175,104.38757789198444,106.09322357177734,459600,0.0,0.0
2021-08-11 00:00:00-04:00,107.00167085236782,108.27164037995205,106.23227310049592,108.22528839111328,605900,0.0,0.0
2021-08-12 00:00:00-04:00,107.9657319356781,108.44776007669593,106.14884575442566,107.8266830444336,597600,0.0,0.0
2021-08-13 00:00:00-04:00,107.56713108976602,108.11404778159337,106.9923989612636,107.251953125,387900,0.0,0.0
2021-08-16 00:00:00-04:00,106.21373431185715,106.80700298043425,104.62859392497272,106.352783203125,461700,0.0,0.0
2021-08-17 00:00:00-04:00,105.3979880251137,105.73170254611004,103.22885071095814,104.76763916015625,434400,0.0,0.0
2021-08-18 00:00:00-04:00,104.19291447098014,105.49069238258949,102.8951365593708,103.13615417480469,474200,0.0,0.0
2021-08-19 00:00:00-04:00,101.50466071614667,102.72827826106494,100.5591409610228,101.72713470458984,752600,0.0,0.0
2021-08-20 00:00:00-04:00,101.36559897896012,102.52432783576653,101.19874174068723,101.87544250488281,519000,0.0,0.0
2021-08-23 00:00:00-04:00,102.81171604637713,104.19291911392257,102.72828387595037,103.6181869506836,664800,0.0,0.0
2021-08-24 00:00:00-04:00,104.03532656561819,105.49995463141912,104.00751112915827,104.77690887451172,597600,0.0,0.0
2021-08-25 00:00:00-04:00,104.72127529207465,106.08394149415952,104.06311818152524,105.53701782226562,609600,0.0,0.0
2021-08-26 00:00:00-04:00,105.74095981308935,105.90781705063522,104.05385088782322,104.29486846923828,441100,0.0,0.0
2021-08-27 00:00:00-04:00,105.01792504703106,107.29830281542338,105.01792504703106,106.85334777832031,453600,0.0,0.0
2021-08-30 00:00:00-04:00,107.21487749627165,107.53004838129615,105.15697371464455,105.28675079345703,942900,0.0,0.0
2021-08-31 00:00:00-04:00,105.04572878542304,105.44433181716313,104.36902798369866,104.89741516113281,948400,0.0,0.0
2021-09-01 00:00:00-04:00,105.18477612634612,105.44433026928394,103.41423496623182,104.52661895751953,709000,0.0,0.0
2021-09-02 00:00:00-04:00,104.85106629280469,106.23226922753388,104.44319143731946,105.00865173339844,748100,0.0,0.0
2021-09-03 00:00:00-04:00,105.11989422065523,105.45360873185734,103.95189343144783,104.34122467041016,557200,0.0,0.0
2021-09-07 00:00:00-04:00,103.93335278027953,104.48954125290564,103.31226869806557,103.79430389404297,493700,0.0,0.0
2021-09-08 00:00:00-04:00,103.61817600650741,103.89627378212921,101.12458905467795,101.30998992919922,1022100,0.0,0.0
2021-09-09 00:00:00-04:00,100.35519580223296,102.85804742849943,99.96585751201725,101.38414764404297,901500,0.0,0.0
2021-09-10 00:00:00-04:00,102.10719360146787,103.20103398223326,101.41195625112513,101.47684478759766,619800,0.0,0.0
2021-09-13 00:00:00-04:00,102.48725606885583,103.099068350139,100.92992407469531,102.1535415649414,787300,0.0,0.0
2021-09-14 00:00:00-04:00,102.601295989229,102.601295989229,97.44278110065287,97.48009490966797,1400500,0.69,0.0
2021-09-15 00:00:00-04:00,97.35882609809313,98.90730996145972,97.20957086857868,98.88865661621094,1233000,0.0,0.0
2021-09-16 00:00:00-04:00,99.1405299256045,99.49500758733824,97.86256564753268,97.9092025756836,631800,0.0,0.0
2021-09-17 00:00:00-04:00,96.81779116548624,97.62935050153956,95.0827381828077,96.16481018066406,1929800,0.0,0.0
2021-09-20 00:00:00-04:00,93.66485793660571,94.45775688512879,91.64062451951432,92.9559097290039,1138900,0.0,0.0
2021-09-21 00:00:00-04:00,93.70216221894366,93.98201224857056,91.7898774060994,92.5174789428711,914800,0.0,0.0
2021-09-22 00:00:00-04:00,93.748804979511,95.53050210219004,93.36634375204854,93.44097137451172,852800,0.0,0.0
2021-09-23 00:00:00-04:00,94.01931798724667,96.50995599291377,94.01931798724667,94.9801254272461,705100,0.0,0.0
2021-09-24 00:00:00-04:00,94.61631592079878,95.77301541075774,94.45773758686904,95.33458709716797,517300,0.0,0.0
2021-09-27 00:00:00-04:00,95.93161062244546,98.98194889325573,95.93161062244546,98.41292572021484,821300,0.0,0.0
2021-09-28 00:00:00-04:00,98.7580616143777,99.30842425892331,97.38680944321351,97.55471801757812,721600,0.0,0.0
2021-09-29 00:00:00-04:00,97.57338005926151,97.89986700604697,96.3980199339522,97.01368713378906,1102100,0.0,0.0
2021-09-30 00:00:00-04:00,97.28419898260503,97.48009113468729,93.92603458698724,93.97267150878906,1106400,0.0,0.0
2021-10-01 00:00:00-04:00,94.93348397750056,96.37936385106693,94.4390884554201,95.61444854736328,1235200,0.0,0.0
2021-10-04 00:00:00-04:00,96.13682065175658,97.09762804805499,94.15923870733842,95.25064086914062,1531100,0.0,0.0
2021-10-05 00:00:00-04:00,95.57713793349556,98.04912274343184,94.91483380470719,97.592041015625,1225900,0.0,0.0
2021-10-06 00:00:00-04:00,96.24876958538933,96.9857013150457,94.50438634302186,96.19280242919922,1162800,0.0,0.0
2021-10-07 00:00:00-04:00,97.36814883028555,99.0845483785627,96.80845595556424,97.93717193603516,722100,0.0,0.0
2021-10-08 00:00:00-04:00,97.88121360927272,98.4129229557327,97.29353710535854,98.1517333984375,912600,0.0,0.0
2021-10-11 00:00:00-04:00,98.20769499417437,99.01925431570834,97.58270471505809,97.62934875488281,495900,0.0,0.0
2021-10-12 00:00:00-04:00,97.09763595623102,97.55472478960316,96.39801803395942,97.15361022949219,909800,0.0,0.0
2021-10-13 00:00:00-04:00,97.14429044259506,97.48010765074245,95.67975705251757,96.84578704833984,988500,0.0,0.0
2021-10-14 00:00:00-04:00,97.40547302585458,100.27857243722387,96.99503533628881,100.09201049804688,1262400,0.0,0.0
2021-10-15 00:00:00-04:00,101.27669638369463,101.34199377578813,100.07335262921565,100.15731048583984,829600,0.0,0.0
2021-10-18 00:00:00-04:00,99.53230614043568,100.46513002972517,98.89798561104357,99.79350280761719,548400,0.0,0.0
2021-10-19 00:00:00-04:00,100.41848718915536,100.55841218768128,99.07521859031615,100.03602600097656,801700,0.0,0.0
2021-10-20 00:00:00-04:00,99.94276000988857,101.26736834498152,99.85880926832789,100.97819519042969,408400,0.0,0.0
2021-10-21 00:00:00-04:00,100.50245287840669,100.78230291711554,99.0565799900966,100.2132797241211,665500,0.0,0.0
2021-10-22 00:00:00-04:00,100.7170030738878,101.46325796415641,99.70955149929911,100.3438720703125,1060900,0.0,0.0
2021-10-25 00:00:00-04:00,101.15542377111532,101.92033906763561,100.08267488630626,101.4819107055664,791800,0.0,0.0
2021-10-26 00:00:00-04:00,101.77108626845485,102.1722008309256,100.69833735795108,101.351318359375,709300,0.0,0.0
2021-10-27 00:00:00-04:00,101.02482990056312,101.26735898724864,98.42225039944472,98.45956420898438,1085300,0.0,0.0
2021-10-28 00:00:00-04:00,99.81214869442992,102.85315633896819,99.81214869442992,102.64793395996094,1046900,0.0,0.0
2021-10-29 00:00:00-04:00,102.77853223308608,102.79718557868657,96.45398765922376,97.04166412353516,1655400,0.0,0.0
2021-11-01 00:00:00-04:00,95.13870331343136,99.05656778834356,94.61632423019557,98.38493347167969,1325300,0.0,0.0
2021-11-02 00:00:00-04:00,98.87932769190928,102.79718499898719,98.83268365284933,101.95764923095703,1352300,0.0,0.0
2021-11-03 00:00:00-04:00,101.61251874948097,102.79720209974101,101.61251874948097,102.19087219238281,1193600,0.0,0.0
2021-11-04 00:00:00-04:00,102.41473705556608,102.573315410856,100.5490892515486,100.78229522705078,951200,0.0,0.0
2021-11-05 00:00:00-04:00,101.53787733959072,104.34567919521628,101.53787733959072,104.31769561767578,949600,0.0,0.0
2021-11-08 00:00:00-05:00,105.38111831904389,106.32327246147551,103.44084287694686,103.6553955078125,749200,0.0,0.0
2021-11-09 00:00:00-05:00,103.35688406643418,104.98932578244901,103.35688406643418,104.79342651367188,762300,0.0,0.0
2021-11-10 00:00:00-05:00,104.79343849423604,105.44641952542302,103.89792836166826,104.51359558105469,836600,0.0,0.0
2021-11-11 00:00:00-05:00,104.86806201007504,107.58258299796036,104.84007843154123,107.45198822021484,777800,0.0,0.0
2021-11-12 00:00:00-05:00,107.25610566980532,108.72063905172641,106.78969367407399,108.07698822021484,884600,0.0,0.0
2021-11-15 00:00:00-05:00,108.41279255989728,108.53405710231796,107.0695238942099,107.37735748291016,816700,0.0,0.0
2021-11-16 00:00:00-05:00,107.39600944149477,108.07697399707445,106.9202743926117,106.96691131591797,777600,0.0,0.0
2021-11-17 00:00:00-05:00,106.71505234385542,107.61056240664486,106.08073182643605,106.2113265991211,643600,0.0,0.0
2021-11-18 00:00:00-05:00,106.10871731298238,106.45386471379204,104.90537364283574,106.07140350341797,537500,0.0,0.0
2021-11-19 00:00:00-05:00,105.11059915035054,106.35125666680956,104.34568382382724,105.57701110839844,731200,0.0,0.0
2021-11-22 00:00:00-05:00,105.70760120074908,108.46875901595078,105.5863366591103,107.17213439941406,760500,0.0,0.0
2021-11-23 00:00:00-05:00,107.65721331343302,109.31763877222996,107.56392522680972,108.85122680664062,991200,0.0,0.0
2021-11-24 00:00:00-05:00,108.36615512486955,108.81391374635353,105.33447732761557,105.44641876220703,621000,0.0,0.0
2021-11-26 00:00:00-05:00,101.54720347313257,103.31957018694774,100.13863748642542,103.07703399658203,438000,0.0,0.0
2021-11-29 00:00:00-05:00,104.36433940957052,104.73747040738968,101.20206683551844,102.7785415649414,600100,0.0,0.0
2021-11-30 00:00:00-05:00,101.33266271555998,102.12556876335061,97.1722687694545,97.28421020507812,1726900,0.0,0.0
2021-12-01 00:00:00-05:00,99.71886677711339,100.67034393250351,95.72638200642243,95.8010025024414,1001100,0.0,0.0
2021-12-02 00:00:00-05:00,96.41667081047476,99.06588704883002,95.71705294398052,98.1050796508789,985900,0.0,0.0
2021-12-03 00:00:00-05:00,98.85135481529252,101.27669565443513,98.64613240822442,100.52111053466797,1425600,0.0,0.0
2021-12-06 00:00:00-05:00,102.20952487934902,103.5434634772903,101.35132851173314,101.9949722290039,1169700,0.0,0.0
2021-12-07 00:00:00-05:00,103.87927117047924,107.3680306005992,103.54345399358196,105.94081115722656,1506500,0.0,0.0
2021-12-08 00:00:00-05:00,107.20945093305642,111.24858012137851,107.19079758651539,109.14039611816406,1735200,0.0,0.0
2021-12-09 00:00:00-05:00,107.76914627892116,109.50419933850607,107.40534551967416,108.44078063964844,1260500,0.0,0.0
2021-12-10 00:00:00-05:00,110.02658747220259,110.27845393655552,108.89787129116331,109.42025756835938,851600,0.0,0.0
2021-12-13 00:00:00-05:00,108.76726694641748,109.13106770351823,106.4072235827551,107.08818817138672,930500,0.0,0.0
2021-12-14 00:00:00-05:00,106.90038212373791,108.97566822535732,105.82987637624534,108.806640625,1952400,0.76,0.0
2021-12-15 00:00:00-05:00,108.48735261448036,110.79739148688022,106.1491436721249,110.73165893554688,3063500,0.0,0.0
2021-12-16 00:00:00-05:00,111.74583481744433,113.67087097204085,111.33265464822875,112.77877807617188,2077700,0.0,0.0
2021-12-17 00:00:00-05:00,112.46888617294724,113.81171447768031,111.06971772646527,111.4453353881836,2120500,0.0,0.0
2021-12-20 00:00:00-05:00,109.64238689036844,109.69872703606438,107.36990310170826,108.7033462524414,1236700,0.0,0.0
2021-12-21 00:00:00-05:00,109.75505808436515,110.19640829389799,107.8957617873977,108.24320220947266,1367700,0.0,0.0
2021-12-22 00:00:00-05:00,107.95209606511665,109.2667542107029,106.93793059586635,109.07894897460938,1231600,0.0,0.0
2021-12-23 00:00:00-05:00,109.773842774211,111.21996609471255,109.57664511654865,110.23397064208984,708100,0.0,0.0
2021-12-27 00:00:00-05:00,110.54385657006226,111.75521975985659,109.92408635766522,111.73643493652344,393200,0.0,0.0
2021-12-28 00:00:00-05:00,111.3138620146751,113.19194301948288,111.3138620146751,112.49705505371094,539200,0.0,0.0
2021-12-29 00:00:00-05:00,112.40313986510955,113.55816277980304,112.40313986510955,112.93839263916016,516200,0.0,0.0
2021-12-30 00:00:00-05:00,113.17316544049989,114.03708820287846,112.30924984243225,112.40315246582031,458500,0.0,0.0
2021-12-31 00:00:00-05:00,112.08387491977817,113.99012599302323,112.08387491977817,113.53939056396484,616100,0.0,0.0
2022-01-03 00:00:00-05:00,114.09342599745423,115.01368888207612,112.10265746674183,112.33741760253906,1009700,0.0,0.0
2022-01-04 00:00:00-05:00,113.3703750821465,115.44565395377154,112.56279959092265,114.71320343017578,1943900,0.0,0.0
2022-01-05 00:00:00-05:00,115.54895025725737,117.22044140155619,114.38453473921734,114.69441986083984,1266900,0.0,0.0
2022-01-06 00:00:00-05:00,115.53015711664425,116.10297242229655,113.80232595254019,114.70380401611328,1034600,0.0,0.0
2022-01-07 00:00:00-05:00,114.88221255706824,115.6804027220343,114.41269230205788,114.94795227050781,970500,0.0,0.0
2022-01-10 00:00:00-05:00,114.59111569976295,115.10759086135981,111.69886912344201,112.34680938720703,1349300,0.0,0.0
2022-01-11 00:00:00-05:00,113.24829165353013,114.01830463669933,111.95241824214128,113.99952697753906,1136600,0.0,0.0
2022-01-12 00:00:00-05:00,115.07003412757781,115.69918959999451,114.36575368893821,115.39869689941406,1993300,0.0,0.0
2022-01-13 00:00:00-05:00,116.25322334249543,120.19719079989257,115.99967838113783,118.76045989990234,1782200,0.0,0.0
2022-01-14 00:00:00-05:00,117.2673845303059,120.18780129427729,116.60066658118502,119.7652359008789,1684300,0.0,0.0
2022-01-18 00:00:00-05:00,119.38961461595227,120.300485093164,118.37544910538801,119.90608978271484,1872400,0.0,0.0
2022-01-19 00:00:00-05:00,120.50706582004938,121.58695663434813,119.05155021875328,119.73705291748047,1921800,0.0,0.0
2022-01-20 00:00:00-05:00,119.43656743382095,120.32865307257171,114.66623981677253,114.72257995605469,1875200,0.0,0.0
2022-01-21 00:00:00-05:00,114.77893207396076,115.70858023266322,112.51584086039452,112.76937866210938,1074600,0.0,0.0
2022-01-24 00:00:00-05:00,109.98981530392146,112.58156918696493,108.69394194455508,111.97119140625,1667200,0.0,0.0
2022-01-25 00:00:00-05:00,110.4687310554598,112.55340224778408,107.98966454683388,111.55802154541016,1229500,0.0,0.0
2022-01-26 00:00:00-05:00,112.84449409230912,114.13098214422519,110.91007297328662,111.84911346435547,1648900,0.0,0.0
2022-01-27 00:00:00-05:00,113.62390451350059,115.03246531325473,110.60958526174402,111.3138656616211,1582300,0.0,0.0
2022-01-28 00:00:00-05:00,110.80677961243477,113.43609589269131,107.83002293041659,110.9758071899414,2129200,0.0,0.0
2022-01-31 00:00:00-05:00,110.22458368320353,111.83034225872753,108.43101985232319,111.68009948730469,1330600,0.0,0.0
2022-02-01 00:00:00-05:00,112.06509538162122,113.0792608912865,110.72227427785045,112.52523040771484,1342000,0.0,0.0
2022-02-02 00:00:00-05:00,112.57217401049552,114.03708208109096,112.00875113610213,113.70841217041016,876100,0.0,0.0
2022-02-03 00:00:00-05:00,113.44549594448908,115.32357719996577,112.81634044333914,113.72721099853516,711300,0.0,0.0
2022-02-04 00:00:00-05:00,112.68486594868531,114.58172470652475,111.6800928472153,111.9524154663086,1097000,0.0,0.0
2022-02-07 00:00:00-05:00,112.60035443868833,113.00413499260644,110.9382486731118,111.2105712890625,1241800,0.0,0.0
2022-02-08 00:00:00-05:00,111.80215850289163,114.25305475616564,111.70825588670662,114.12158966064453,592100,0.0,0.0
2022-02-09 00:00:00-05:00,114.92916439568373,116.21565243939379,114.71318909612934,115.26721954345703,565400,0.0,0.0
2022-02-10 00:00:00-05:00,114.65684478042317,116.87298095605249,114.65684478042317,115.13575744628906,743600,0.0,0.0
2022-02-11 00:00:00-05:00,114.46905282812541,116.85421685883513,113.83989733316452,114.49722290039062,882500,0.0,0.0
2022-02-14 00:00:00-05:00,114.45027056694738,115.15455104659601,112.83512668497487,113.33281707763672,774600,0.0,0.0
2022-02-15 00:00:00-05:00,113.85867444562562,116.3377410933999,113.40793179861606,116.11237335205078,844300,0.0,0.0
2022-02-16 00:00:00-05:00,115.70857655036616,117.23921005227778,115.59588910635071,116.69456481933594,890700,0.0,0.0
2022-02-17 00:00:00-05:00,115.5958993802488,115.84005194849327,113.84928324648337,114.39392852783203,751400,0.0,0.0
2022-02-18 00:00:00-05:00,113.96195815199975,116.06540691211535,113.60512533332721,113.88683319091797,908000,0.0,0.0
2022-02-22 00:00:00-05:00,114.20612435500051,115.26723769104908,112.5909733200866,113.71781921386719,830100,0.0,0.0
2022-02-23 00:00:00-05:00,114.85405411353518,114.85405411353518,111.4829017802032,111.77400207519531,879600,0.0,0.0
2022-02-24 00:00:00-05:00,109.41701188668658,111.14485038445717,107.93333312488984,110.59081268310547,1326200,0.0,0.0
2022-02-25 00:00:00-05:00,111.32325504916466,113.95256417203454,111.17300512906954,113.43609619140625,878000,0.0,0.0
2022-02-28 00:00:00-05:00,110.9664233885953,112.16839418220803,110.08373011696092,111.24813842773438,1305400,0.0,0.0
2022-03-01 00:00:00-05:00,111.05094386942088,111.5016793474661,106.71257369844598,107.61405181884766,1684500,0.0,0.0
2022-03-02 00:00:00-05:00,108.93810022601893,111.00398664642522,107.81124722590641,110.10250854492188,984500,0.0,0.0
2022-03-03 00:00:00-05:00,110.73165860292812,112.14021941096361,109.17285503414378,110.35604095458984,1052100,0.0,0.0
2022-03-04 00:00:00-05:00,107.96149510873262,108.74090049859282,106.88159702407596,107.85820007324219,1028800,0.0,0.0
2022-03-07 00:00:00-05:00,107.41684281930428,107.53891550583148,98.83401317471169,98.85279083251953,2009100,0.0,0.0
2022-03-08 00:00:00-05:00,99.5101259098413,101.53844972511196,97.7635099544165,98.6368179321289,1985000,0.0,0.0
2022-03-09 00:00:00-05:00,101.23795385429777,102.947007275056,100.8059960846897,102.08309173583984,2445400,0.0,0.0
2022-03-10 00:00:00-05:00,101.02198661396142,101.31308689915939,99.31293305680789,100.3740463256836,1750700,0.0,0.0
2022-03-11 00:00:00-05:00,100.89051825300966,101.09710831880138,98.965482273744,98.99365234375,1610800,0.0,0.0
2022-03-14 00:00:00-04:00,100.1097576472201,101.40558765177249,98.71935036017652,100.3367691040039,1504800,0.76,0.0
2022-03-15 00:00:00-04:00,100.93266778684415,101.3961369277347,98.88015437513624,100.2611083984375,1208900,0.0,0.0
2022-03-16 00:00:00-04:00,101.95418950975942,103.03246868988774,99.97733953530093,101.30154418945312,1572800,0.0,0.0
2022-03-17 00:00:00-04:00,100.2516344870282,102.20010973290022,99.81654003462342,101.48125457763672,2012500,0.0,0.0
2022-03-18 00:00:00-04:00,101.24480304014675,102.1244526750445,99.34362340027057,102.05824279785156,2921300,0.0,0.0
2022-03-21 00:00:00-04:00,102.73926498681524,104.37559793639517,102.37038034655916,103.77024841308594,1228000,0.0,0.0
2022-03-22 00:00:00-04:00,104.97148811604308,105.76600661427032,104.04454265177615,104.4796371459961,1408900,0.0,0.0
2022-03-23 00:00:00-04:00,103.96887272728623,104.98094208629794,103.3918978648619,103.43919372558594,1294400,0.0,0.0
2022-03-24 00:00:00-04:00,104.12966910176915,104.89582020542676,103.46757033696413,104.64989471435547,985400,0.0,0.0
2022-03-25 00:00:00-04:00,104.38505396721443,104.75393859126737,103.22164361850766,104.69718933105469,877800,0.0,0.0
2022-03-28 00:00:00-04:00,104.0918359440616,104.34721482180954,102.75817064822525,104.30937957763672,737000,0.0,0.0
2022-03-29 00:00:00-04:00,105.47279407950614,107.51584683178532,105.29307846661824,107.50639343261719,1202400,0.0,0.0
2022-03-30 00:00:00-04:00,107.26047271689536,108.74547189825603,106.938876722487,108.11174774169922,1365500,0.0,0.0
2022-03-31 00:00:00-04:00,107.6766402016237,108.56575042586798,105.96463684470118,105.99301147460938,945600,0.0,0.0
2022-04-01 00:00:00-04:00,106.69294117549849,107.48745959253324,103.74185730579568,105.34981536865234,1240100,0.0,0.0
2022-04-04 00:00:00-04:00,104.99985336051299,106.20109161584308,104.3566686838661,105.56736755371094,845300,0.0,0.0
2022-04-05 00:00:00-04:00,105.02824356283391,105.94572846579024,104.0161741497073,104.025634765625,1526000,0.0,0.0
2022-04-06 00:00:00-04:00,103.57161346513834,103.94995870188534,102.23794812928061,102.408203125,1205400,0.0,0.0
2022-04-07 00:00:00-04:00,102.29471121491954,102.8338508668102,99.44767196445491,101.16913604736328,1360900,0.0,0.0
2022-04-08 00:00:00-04:00,101.70827168068055,103.68512180372981,101.28263778886556,102.3325424194336,1011300,0.0,0.0
2022-04-11 00:00:00-04:00,101.58530882355468,104.34721675225288,101.358304570653,101.6893539428711,810600,0.0,0.0
2022-04-12 00:00:00-04:00,102.11498815272247,103.9215832155415,101.38667953146323,101.6704330444336,1140200,0.0,0.0
2022-04-13 00:00:00-04:00,101.15021983319846,102.81492740012804,101.09346335463496,102.52171325683594,880700,0.0,0.0
2022-04-14 00:00:00-04:00,102.90951763415116,104.00671091389239,102.01094676932938,102.06770324707031,896700,0.0,0.0
2022-04-18 00:00:00-04:00,102.11498891722742,103.82699227220515,101.97310855151245,102.92842864990234,910400,0.0,0.0
2022-04-19 00:00:00-04:00,100.84754980079946,104.6120668426341,100.48811854628086,103.63783264160156,1246200,0.0,0.0
2022-04-20 00:00:00-04:00,104.23369660275057,106.32405209896231,103.90264727631458,104.99038696289062,1253600,0.0,0.0
2022-04-21 00:00:00-04:00,106.31460684380922,107.20370984663468,104.38505264139788,104.4796371459961,1008500,0.0,0.0
2022-04-22 00:00:00-04:00,103.25947689193809,104.03508137081757,100.45973371899915,100.65836334228516,1014000,0.0,0.0
2022-04-25 00:00:00-04:00,99.71250451768229,100.57324010718374,97.47082217150427,100.1286849975586,1042300,0.0,0.0
2022-04-26 00:00:00-04:00,99.83547092266579,101.04616990150787,98.30317596838029,98.33155059814453,890400,0.0,0.0
2022-04-27 00:00:00-04:00,99.35307801718935,100.31785148608283,98.4166791773317,99.43820190429688,665800,0.0,0.0
2022-04-28 00:00:00-04:00,100.37460550774965,101.65151429750497,98.29371042783842,101.57584381103516,1423600,0.0,0.0
2022-04-29 00:00:00-04:00,101.21643092660928,102.61629899816981,96.92222776896224,97.11139678955078,1773600,0.0,0.0
2022-05-02 00:00:00-04:00,98.06670152752743,98.94635104604339,94.26434996717954,96.3452377319336,1202400,0.0,0.0
2022-05-03 00:00:00-04:00,96.7235873752181,99.8354657672567,96.48712251761336,99.2679443359375,1058500,0.0,0.0
2022-05-04 00:00:00-04:00,99.26794887705289,102.47441191554941,98.36938526358304,102.20011901855469,943800,0.0,0.0
2022-05-05 00:00:00-04:00,100.89483413754095,102.13391502654649,98.67206568961808,99.948974609375,881800,0.0,0.0
2022-05-06 00:00:00-04:00,99.90167983406994,100.82861807365953,98.4828906288599,100.15705871582031,1309600,0.0,0.0
2022-05-09 00:00:00-04:00,98.37884636720123,99.80708898379844,97.43298688881812,97.82078552246094,1060200,0.0,0.0
2022-05-10 00:00:00-04:00,99.08824673844695,99.34362563727444,94.76566895951083,96.61009216308594,923200,0.0,0.0
2022-05-11 00:00:00-04:00,97.21542663600643,98.97472567303835,96.22227860951062,96.3452377319336,827000,0.0,0.0
2022-05-12 00:00:00-04:00,95.90068299243738,96.86546361156218,93.77249936454582,95.56017303466797,938500,0.0,0.0
2022-05-13 00:00:00-04:00,96.23173680019805,98.4828868717036,96.10877767165141,97.47081756591797,731800,0.0,0.0
2022-05-16 00:00:00-04:00,97.23435924282381,98.53018213612134,95.94798974874116,97.75457763671875,791000,0.0,0.0
2022-05-17 00:00:00-04:00,99.75980914866322,101.90690717899831,98.89907348348912,101.11238861083984,999000,0.0,0.0
2022-05-18 00:00:00-04:00,100.44082083812891,100.97996045494187,98.02887626924529,98.57747650146484,1162000,0.0,0.0
2022-05-19 00:00:00-04:00,97.23435635099919,99.10715405945896,96.93168160941302,97.60324096679688,754200,0.0,0.0
2022-05-20 00:00:00-04:00,98.58693192033822,98.9368952922486,94.30218262523377,96.43982696533203,1044500,0.0,0.0
2022-05-23 00:00:00-04:00,97.69782290240353,98.15183139468124,96.47766335286302,97.67890167236328,786100,0.0,0.0
2022-05-24 00:00:00-04:00,97.42352685418871,98.21804535692567,95.16292326468474,98.0572509765625,799800,0.0,0.0
2022-05-25 00:00:00-04:00,97.83970824718055,99.7976371086776,97.6694532498184,99.05986785888672,642000,0.0,0.0
2022-05-26 00:00:00-04:00,99.90168231679223,102.59738043041685,99.86384707108616,102.12445068359375,690100,0.0,0.0
2022-05-27 00:00:00-04:00,102.60683226776806,103.89319443004837,102.4933265403604,103.69456481933594,816000,0.0,0.0
2022-05-31 00:00:00-04:00,103.38244496726992,105.09444833202373,102.6352151054837,104.19588470458984,1617200,0.0,0.0
2022-06-01 00:00:00-04:00,104.99986298453018,105.50116735474222,102.2947042921264,103.70403289794922,1133700,0.0,0.0
2022-06-02 00:00:00-04:00,104.12967048826604,105.51063172982184,103.5432422077262,105.37821197509766,769800,0.0,0.0
2022-06-03 00:00:00-04:00,104.42287949284426,105.09443880274644,103.47702009022129,104.25262451171875,655100,0.0,0.0
2022-06-06 00:00:00-04:00,104.60258559091666,106.67401994671134,103.99723616374702,105.34981536865234,752500,0.0,0.0
2022-06-07 00:00:00-04:00,104.5742160447356,106.42809965755409,104.091832932243,106.21055603027344,664300,0.0,0.0
2022-06-08 00:00:00-04:00,105.11336478748476,105.90789052867443,102.96626687417434,103.34461212158203,888800,0.0,0.0
2022-06-09 00:00:00-04:00,103.10814550648361,105.16065887743834,102.50279600736641,102.63521575927734,1061200,0.0,0.0
2022-06-10 00:00:00-04:00,99.95842659821552,100.63944655433257,96.57224804770854,96.65737915039062,1338800,0.0,0.0
2022-06-13 00:00:00-04:00,94.13193826538864,94.94537804726639,91.96592626870891,92.50506591796875,1295400,0.0,0.0
2022-06-14 00:00:00-04:00,92.29533602753357,93.26766543484095,90.77010986271215,91.74243927001953,959600,0.76,0.0
2022-06-15 00:00:00-04:00,92.73383701163337,93.14374222046865,89.10189111271394,90.6080551147461,1235100,0.0,0.0
2022-06-16 00:00:00-04:00,87.53854354174345,87.65293097048422,82.8579973063591,83.36322784423828,2321800,0.0,0.0
2022-06-17 00:00:00-04:00,83.00097812347718,84.77405576802232,81.92378876274138,83.57293701171875,2209700,0.0,0.0
2022-06-21 00:00:00-04:00,85.72732845929677,86.29928738392157,83.82079386197924,86.08003997802734,1459300,0.0,0.0
2022-06-22 00:00:00-04:00,83.58246988237045,85.7273211207461,83.58246988237045,84.87891387939453,1487200,0.0,0.0
2022-06-23 00:00:00-04:00,84.43089319682379,85.61294273460123,82.06678684841583,82.3623046875,1686900,0.0,0.0
2022-06-24 00:00:00-04:00,82.90566144506845,88.21536022012496,82.886592025535,88.12956237792969,1789500,0.0,0.0
2022-06-27 00:00:00-04:00,88.52040144930729,88.71105199885145,87.42414260729767,88.03423309326172,1111100,0.0,0.0
2022-06-28 00:00:00-04:00,88.67291687858632,89.48319986378733,86.79498649503931,87.37648010253906,1805700,0.0,0.0
2022-06-29 00:00:00-04:00,87.43367812617196,87.75778551796837,85.050509870543,86.947509765625,1532800,0.0,0.0
2022-06-30 00:00:00-04:00,85.28883037408248,86.77592510241135,84.08771148505004,85.5748062133789,1180000,0.0,0.0
2022-07-01 00:00:00-04:00,84.80266367730692,86.12770472907322,82.15258157377434,84.79312896728516,1345700,0.0,0.0
2022-07-05 00:00:00-04:00,82.58154951369484,84.28789897602671,80.98006004372465,84.23070526123047,1240300,0.0,0.0
2022-07-06 00:00:00-04:00,84.1830343702197,85.15537110558624,82.77220281497553,84.58341217041016,873100,0.0,0.0
2022-07-07 00:00:00-04:00,85.91798007923393,87.29068733370019,85.0123790433778,86.53760528564453,763800,0.0,0.0
2022-07-08 00:00:00-04:00,87.10956474038358,87.30975000405306,85.11723954039745,85.97518157958984,748000,0.0,0.0
2022-07-11 00:00:00-04:00,85.16489697465624,86.2039621121196,84.40228749940971,85.47947692871094,665600,0.0,0.0
2022-07-12 00:00:00-04:00,84.93611012450572,87.74825286260827,84.7549942933893,86.47087097167969,595800,0.0,0.0
2022-07-13 00:00:00-04:00,84.80265336410386,85.19349642608343,83.4585503286088,84.44041442871094,730700,0.0,0.0
2022-07-14 00:00:00-04:00,82.38134811779223,83.02957009242564,81.2088335568025,82.49574279785156,758200,0.0,0.0
2022-07-15 00:00:00-04:00,84.1639604296367,84.7931129883084,82.93424489126542,84.52619934082031,810800,0.0,0.0
2022-07-18 00:00:00-04:00,85.81311718466064,86.46133922475943,84.29742570327134,84.83125305175781,732500,0.0,0.0
2022-07-19 00:00:00-04:00,86.08002780959086,88.3106694821555,86.0037646909943,87.86263275146484,798500,0.0,0.0
2022-07-20 00:00:00-04:00,87.51946990378947,88.68245719229004,86.59479944415041,88.04376983642578,717200,0.0,0.0
2022-07-21 00:00:00-04:00,87.3383486274808,88.87310949172436,86.71872345640729,88.76824951171875,729400,0.0,0.0
2022-07-22 00:00:00-04:00,89.67385599873764,90.02656752338707,88.21535817097096,88.72058868408203,575500,0.0,0.0
2022-07-25 00:00:00-04:00,89.50226118867073,89.98842952076588,88.39647496465555,89.81684112548828,873200,0.0,0.0
2022-07-26 00:00:00-04:00,89.18767940357947,90.45552656058683,88.29161315601223,88.4917984008789,908800,0.0,0.0
2022-07-27 00:00:00-04:00,88.5489902353492,90.87496454666335,88.06282192360614,90.55084991455078,905900,0.0,0.0
2022-07-28 00:00:00-04:00,91.32301164205542,91.87590115712067,90.01703280290899,90.71292114257812,1422000,0.0,0.0
2022-07-29 00:00:00-04:00,90.19815212938641,91.8473004414371,89.10189330916567,91.44692993164062,2307700,0.0,0.0
2022-08-01 00:00:00-04:00,89.90263108002732,90.3125362841548,88.02469345350961,89.66431427001953,998800,0.0,0.0
2022-08-02 00:00:00-04:00,89.01609013988869,90.63664877313062,88.7777733355459,88.86357116699219,927400,0.0,0.0
2022-08-03 00:00:00-04:00,89.51179940546075,89.71198466232111,88.26301431811436,89.0065689086914,1117300,0.0,0.0
2022-08-04 00:00:00-04:00,89.21628086062275,90.30301224617406,88.31067985765748,89.41647338867188,935500,0.0,0.0
2022-08-05 00:00:00-04:00,88.65384682937416,91.12280530924508,88.47272373972216,90.6843032836914,1051400,0.0,0.0
2022-08-08 00:00:00-04:00,91.79964691050553,92.89589852318474,91.3706722477222,91.3992691040039,1029100,0.0,0.0
2022-08-09 00:00:00-04:00,91.42787141893292,91.5517935513122,90.07422630802105,90.75104522705078,671900,0.0,0.0
2022-08-10 00:00:00-04:00,92.66711620788503,94.09701720182538,92.5241246539205,93.35346984863281,704000,0.0,0.0
2022-08-11 00:00:00-04:00,94.37346316894032,95.93682096688043,94.34486631345459,94.54505157470703,875000,0.0,0.0
2022-08-12 00:00:00-04:00,95.2790674336214,96.46112416807455,95.0121537428909,96.44205474853516,581600,0.0,0.0
2022-08-15 00:00:00-04:00,95.44112630782138,96.76616729539526,94.99308950559018,96.31813049316406,763900,0.0,0.0
2022-08-16 00:00:00-04:00,96.27999188174357,97.40484752335524,95.72709513337385,97.14746856689453,573700,0.0,0.0
2022-08-17 00:00:00-04:00,95.86055752931308,96.51831429478287,94.99308806667035,95.06935119628906,953500,0.0,0.0
2022-08-18 00:00:00-04:00,95.29813664766125,96.07028086173128,94.96449453496757,95.68897247314453,450900,0.0,0.0
2022-08-19 00:00:00-04:00,95.18374320017247,95.18374320017247,93.42020006174076,94.00169372558594,640900,0.0,0.0
2022-08-22 00:00:00-04:00,92.2953403455667,92.2953403455667,90.34113945765291,90.52226257324219,683700,0.0,0.0
2022-08-23 00:00:00-04:00,90.80824538740934,92.69571057594943,90.80824538740934,92.4383316040039,646000,0.0,0.0
2022-08-24 00:00:00-04:00,92.74337022473406,92.914958618057,91.46598834714067,92.10468292236328,557400,0.0,0.0
2022-08-25 00:00:00-04:00,92.74338021594855,94.41159805797353,92.55272238457698,94.37346649169922,556400,0.0,0.0
2022-08-26 00:00:00-04:00,94.55458679142849,94.9072910414478,90.5317975802011,90.59852600097656,454600,0.0,0.0
2022-08-29 00:00:00-04:00,89.58806296865062,91.27534286915335,89.14002617942243,90.5889892578125,499400,0.0,0.0
2022-08-30 00:00:00-04:00,90.91310362925017,91.27534257948504,88.31068073998378,89.0447006225586,602400,0.0,0.0
2022-08-31 00:00:00-04:00,89.25441239920514,89.59758920026087,86.67105895498446,86.74732208251953,988500,0.0,0.0
2022-09-01 00:00:00-04:00,85.74637941179718,86.2325477070469,83.99237130220413,86.17535400390625,877700,0.0,0.0
2022-09-02 00:00:00-04:00,87.97703348559261,88.55852707743094,84.72638874194395,85.33647918701172,831200,0.0,0.0
2022-09-06 00:00:00-04:00,86.01330593158733,86.70918694129078,84.98377557089668,85.48900604248047,1086300,0.0,0.0
2022-09-07 00:00:00-04:00,85.27929087182588,87.3097475808507,84.93611406567348,87.16676330566406,941400,0.0,0.0
2022-09-08 00:00:00-04:00,86.27068498341593,87.74825211050468,84.8503188361096,87.5575942993164,1644000,0.0,0.0
2022-09-09 00:00:00-04:00,88.76825277568236,89.79777592282122,88.26301500214527,89.27348327636719,873300,0.0,0.0
2022-09-12 00:00:00-04:00,90.31254062994562,91.69478255821468,89.85497640550996,90.43647003173828,1011500,0.0,0.0
2022-09-13 00:00:00-04:00,85.79406567175226,87.19536990804737,80.10305815186953,80.1793212890625,2390900,0.0,0.0
2022-09-14 00:00:00-04:00,78.99610137939453,80.07349111225658,76.48538698680161,78.99610137939453,3840600,0.76,0.0
2022-09-15 00:00:00-04:00,78.71712788213738,80.1408234747421,77.93793589214197,78.20729064941406,1922500,0.0,0.0
2022-09-16 00:00:00-04:00,76.78359684507761,77.07218759259122,74.78271958820784,76.11984252929688,3819900,0.0,0.0
2022-09-19 00:00:00-04:00,75.26369218416052,77.25494760474254,75.04244565918857,76.66815185546875,1511900,0.0,0.0
2022-09-20 00:00:00-04:00,75.28294344349897,75.68696462336096,73.57065691432102,74.38832092285156,1366600,0.0,0.0
2022-09-21 00:00:00-04:00,75.26369991975567,75.53304737218774,72.68564848492801,72.73374938964844,1040500,0.0,0.0
2022-09-22 00:00:00-04:00,73.23395815399876,73.7726603473883,71.81026251379136,71.89683532714844,1187100,0.0,0.0
2022-09-23 00:00:00-04:00,70.40579956933044,70.40579956933044,67.95280055615277,69.92481994628906,1711200,0.0,0.0
2022-09-26 00:00:00-04:00,69.68433752855789,70.61743927053068,68.59731876808065,68.68389892578125,1106400,0.0,0.0
2022-09-27 00:00:00-04:00,69.61699693308216,69.82862181342186,67.94318247289314,68.16443634033203,1381400,0.0,0.0
2022-09-28 00:00:00-04:00,68.64540999594976,70.30959532375836,68.51073629332362,69.87671661376953,1874600,0.0,0.0
2022-09-29 00:00:00-04:00,68.92438260442677,69.15525077238797,67.25057554316635,68.1163330078125,1482600,0.0,0.0
2022-09-30 00:00:00-04:00,68.18368269140119,69.79016053930084,67.80851909568946,68.34722137451172,1175900,0.0,0.0
2022-10-03 00:00:00-04:00,69.64585245829205,72.25276119339513,69.2803032394522,71.6371078491211,1871000,0.0,0.0
2022-10-04 00:00:00-04:00,72.68565079046729,74.57109035646437,72.5702203581451,74.43641662597656,1115800,0.0,0.0
2022-10-05 00:00:00-04:00,73.01271459124852,74.22478540162382,72.28162344571786,73.6668472290039,1046100,0.0,0.0
2022-10-06 00:00:00-04:00,72.71450516174028,73.84961751044335,71.56977850355025,71.9834213256836,897100,0.0,0.0
2022-10-07 00:00:00-04:00,71.12727026222329,71.52166974372801,69.0879139823491,69.63623046875,960700,0.0,0.0
2022-10-10 00:00:00-04:00,70.11721390365715,70.26150926878265,68.54922286185021,69.0494384765625,891000,0.0,0.0
2022-10-11 00:00:00-04:00,68.30872975798927,70.45389481828175,68.00090308542487,69.42459869384766,1558100,0.0,0.0
2022-10-12 00:00:00-04:00,69.50156244390739,69.77090988534019,68.66465517445491,68.8955307006836,621700,0.0,0.0
2022-10-13 00:00:00-04:00,67.85661044557075,72.15656972523827,67.42372435360733,71.12727355957031,969800,0.0,0.0
2022-10-14 00:00:00-04:00,71.67558637471824,72.32971896378123,69.3380250840103,69.50155639648438,935400,0.0,0.0
2022-10-17 00:00:00-04:00,71.32928413348641,72.2431425401307,70.51162018977828,71.12727355957031,717400,0.0,0.0
2022-10-18 00:00:00-04:00,73.1762414210002,73.80151641472376,71.65634401205165,72.46439361572266,688900,0.0,0.0
2022-10-19 00:00:00-04:00,71.73330628542487,72.21428594600548,70.11721433230736,70.35770416259766,671100,0.0,0.0
2022-10-20 00:00:00-04:00,70.58857910028203,72.58945644118839,69.53042521356912,69.60738372802734,712000,0.0,0.0
2022-10-21 00:00:00-04:00,69.73243427331364,71.68521066486844,69.61700384333734,71.48320007324219,1140200,0.0,0.0
2022-10-24 00:00:00-04:00,72.1084722824057,72.18543079211229,70.69439085800863,71.16575622558594,708000,0.0,0.0
2022-10-25 00:00:00-04:00,70.72323717547565,72.79145092391451,69.81900051784393,72.57981872558594,1051100,0.0,0.0
2022-10-26 00:00:00-04:00,72.72412710599039,73.90734036360777,72.22391146143592,72.87804412841797,797800,0.0,0.0
2022-10-27 00:00:00-04:00,72.99347275522197,73.9939113588163,72.33934010437828,72.6856460571289,976400,0.0,0.0
2022-10-28 00:00:00-04:00,72.97423865707991,74.17668787389289,71.18499363532878,73.29168701171875,1881900,0.0,0.0
2022-10-31 00:00:00-04:00,72.89727512881919,75.39836785982483,72.89727512881919,73.88809204101562,1719500,0.0,0.0
2022-11-01 00:00:00-04:00,74.99434793913761,76.45653022000701,74.34983695413841,75.87934875488281,1746500,0.0,0.0
2022-11-02 00:00:00-04:00,75.55228164682454,76.62967866705112,73.07042497866871,73.08966827392578,1529700,0.0,0.0
2022-11-03 00:00:00-04:00,71.90646316541657,74.06125010697852,71.6467373638187,73.29168701171875,1017400,0.0,0.0
2022-11-04 00:00:00-04:00,75.0713058998054,77.68783641353865,75.01359068938007,77.19723510742188,1359000,0.0,0.0
2022-11-07 00:00:00-05:00,77.86099126162831,77.91870647344547,76.06212465526458,77.52429962158203,986800,0.0,0.0
2022-11-08 00:00:00-05:00,78.3996723990265,79.90032635653608,78.10146740469217,79.1019058227539,1327000,0.0,0.0
2022-11-09 00:00:00-05:00,78.21690660118986,78.63054938459027,76.12945672784757,76.18717193603516,851400,0.0,0.0
2022-11-10 00:00:00-05:00,79.81376562680771,81.92045887748732,78.96723673161809,81.89159393310547,1171500,0.0,0.0
2022-11-11 00:00:00-05:00,82.6419229579605,86.57633278040328,82.38218984968596,86.08573150634766,1464100,0.0,0.0
2022-11-14 00:00:00-05:00,85.01797055115502,86.17232625395319,84.20030651531958,84.22916412353516,1075100,0.0,0.0
2022-11-15 00:00:00-05:00,85.6432350651366,86.24927411950803,83.44996904153923,83.5654067993164,952600,0.0,0.0
2022-11-16 00:00:00-05:00,82.89203818035269,83.20948653779305,81.28556777391344,81.49720001220703,755000,0.0,0.0
2022-11-17 00:00:00-05:00,79.90996262999462,80.26589023034356,79.00571849564011,80.07349395751953,1115600,0.0,0.0
2022-11-18 00:00:00-05:00,81.25670669213468,81.42985966704643,79.84262528688335,81.04507446289062,756400,0.0,0.0
2022-11-21 00:00:00-05:00,80.18893449530759,81.89159936849067,79.27507602007294,81.42986297607422,717900,0.0,0.0
2022-11-22 00:00:00-05:00,82.28599792044568,83.65197834043958,81.90121273954358,83.57501983642578,569500,0.0,0.0
2022-11-23 00:00:00-05:00,83.32491570713128,84.10410037756203,82.58420294954054,83.57501983642578,530100,0.0,0.0
2022-11-25 00:00:00-05:00,83.3730141158622,83.83475782762825,82.97861460339942,83.67122650146484,259900,0.0,0.0
2022-11-28 00:00:00-05:00,82.61306508437816,82.74773880420457,80.78534821840053,81.25670623779297,848100,0.0,0.0
2022-11-29 00:00:00-05:00,81.75691521053662,82.91127072262121,81.30479318540765,82.00702667236328,924000,0.0,0.0
2022-11-30 00:00:00-05:00,82.08398470950118,83.32491302490234,80.10234366035282,83.32491302490234,1558400,0.0,0.0
2022-12-01 00:00:00-05:00,84.07523822890894,84.54659619697352,82.72849383812935,83.13251495361328,1027900,0.0,0.0
2022-12-02 00:00:00-05:00,81.99740782128137,84.67165347310534,81.7761612945239,84.190673828125,942100,0.0,0.0
2022-12-05 00:00:00-05:00,83.24796613504843,83.77703939378368,82.19942658806833,82.80546569824219,736200,0.0,0.0
2022-12-06 00:00:00-05:00,82.93051403843694,83.26719834048745,80.84306402655642,81.87236022949219,903000,0.0,0.0
2022-12-07 00:00:00-05:00,81.48756750208081,82.4206691524577,81.11240398026261,81.52604675292969,1085500,0.0,0.0
2022-12-08 00:00:00-05:00,82.28600240783172,83.16138158643422,81.68958497795009,82.01665496826172,812200,0.0,0.0
2022-12-09 00:00:00-05:00,82.10321428575158,82.93049976507095,81.73767244060635,81.93006134033203,600800,0.0,0.0
2022-12-12 00:00:00-05:00,81.89158809718461,83.26719011466972,81.46833101891994,83.19023895263672,780700,0.0,0.0
2022-12-13 00:00:00-05:00,85.93183233462754,86.25889499782171,83.95981268928722,84.74861907958984,1027100,0.0,0.0
2022-12-14 00:00:00-05:00,83.91384577603495,85.46691309992981,83.42851408871127,83.79737091064453,1145800,0.79,0.0
2022-12-15 00:00:00-05:00,82.12782550978639,82.38020005088637,79.78852331368819,79.9244155883789,1077100,0.0,0.0
2022-12-16 00:00:00-05:00,78.84699038068725,80.33210418160138,78.5072522699326,79.91471862792969,2100600,0.0,0.0
2022-12-19 00:00:00-05:00,79.98266283817902,80.79801651093,78.02191869177045,78.34223937988281,933500,0.0,0.0
2022-12-20 00:00:00-05:00,78.26458826474364,79.05083066446693,78.08016725220412,78.54608154296875,695300,0.0,0.0
2022-12-21 00:00:00-05:00,79.3905612833594,79.90501170635586,79.15760413825375,79.36144256591797,624700,0.0,0.0
2022-12-22 00:00:00-05:00,78.46842101799328,79.01199752534065,77.52688379687044,79.00228881835938,818200,0.0,0.0
2022-12-23 00:00:00-05:00,79.0022867247209,79.86617648382041,78.50724635982536,79.76911163330078,418500,0.0,0.0
2022-12-27 00:00:00-05:00,79.60410626437634,80.32239509559803,79.23524943856943,80.12826538085938,519200,0.0,0.0
2022-12-28 00:00:00-05:00,80.341801109978,80.54564692756377,77.55600207357074,77.79866790771484,717100,0.0,0.0
2022-12-29 00:00:00-05:00,78.17722035271193,80.27384915692116,78.17722035271193,79.77881622314453,552200,0.0,0.0
2022-12-30 00:00:00-05:00,78.96346347238565,79.3808490166726,78.1578110999477,79.05082702636719,584300,0.0,0.0
2023-01-03 00:00:00-05:00,78.97317350752778,80.16708532261816,78.78874509480083,79.7205810546875,899800,0.0,0.0
2023-01-04 00:00:00-05:00,81.2153950979809,83.7294168514375,80.68153473576217,83.49645233154297,1157900,0.0,0.0
2023-01-05 00:00:00-05:00,82.50638735847915,83.27321231789152,81.54543268515873,83.1761474609375,1172600,0.0,0.0
2023-01-06 00:00:00-05:00,84.11768854298353,86.44727463297124,84.03032499154352,86.1075439453125,820500,0.0,0.0
2023-01-09 00:00:00-05:00,86.63171235544985,87.64120322562766,85.90371477263095,85.96195220947266,797300,0.0,0.0
2023-01-10 00:00:00-05:00,85.61250800241856,87.12674792601895,85.32131342887638,87.00055694580078,656900,0.0,0.0
2023-01-11 00:00:00-05:00,89.20396001036352,89.26219743940217,87.70913761859303,88.80598449707031,797100,0.0,0.0
2023-01-12 00:00:00-05:00,89.14571222940151,89.14571222940151,87.87414570026134,88.58273315429688,682300,0.0,0.0
2023-01-13 00:00:00-05:00,87.77708393294118,89.17484147730029,87.50529938944321,88.69921112060547,647000,0.0,0.0
2023-01-17 00:00:00-05:00,88.29153995567357,88.77687164457167,86.79671746519855,86.82583618164062,798400,0.0,0.0
2023-01-18 00:00:00-05:00,87.11703545244161,87.9615152309119,85.63192171541434,85.68045043945312,817200,0.0,0.0
2023-01-19 00:00:00-05:00,84.93304662461529,85.07864761422941,82.84611885500995,84.46712493896484,683400,0.0,0.0
2023-01-20 00:00:00-05:00,85.11747201847723,87.49559427735961,84.19533738735494,87.18498229980469,1464600,0.0,0.0
2023-01-23 00:00:00-05:00,87.19468712296462,88.9612940551625,86.95202129488484,88.20417785644531,1477400,0.0,0.0
2023-01-24 00:00:00-05:00,87.45676474181046,88.83510489606608,87.07820663473424,87.9518051147461,1317700,0.0,0.0
2023-01-25 00:00:00-05:00,86.58316326664345,88.39830630090086,86.21431387920843,88.13623046875,1019200,0.0,0.0
2023-01-26 00:00:00-05:00,87.95180921047692,89.39809556910768,87.2820491103496,89.05836486816406,1489200,0.0,0.0
2023-01-27 00:00:00-05:00,85.41837035534682,88.1653492702484,83.31203277278551,84.27298736572266,2509300,0.0,0.0
2023-01-30 00:00:00-05:00,82.26372422892214,85.19512447691606,82.08900451840766,83.80707550048828,1359100,0.0,0.0
2023-01-31 00:00:00-05:00,84.21475775381249,85.84547254453548,83.47705150416843,85.58338928222656,3180300,0.0,0.0
2023-02-01 00:00:00-05:00,85.20482975088701,87.98092759186707,85.03981875471047,87.03938293457031,1120000,0.0,0.0
2023-02-02 00:00:00-05:00,87.50530348895148,89.50486764314063,86.92290695337513,88.7962875366211,1022100,0.0,0.0
2023-02-03 00:00:00-05:00,87.94209983690972,88.41772281462754,87.23351972396307,87.5538330078125,1221100,0.0,0.0
2023-02-06 00:00:00-05:00,86.57346462539003,87.67031152041996,85.72898486371838,87.34999084472656,1455400,0.0,0.0
2023-02-07 00:00:00-05:00,87.43735987883375,88.59244427622264,86.77730847793697,88.1168212890625,931300,0.0,0.0
2023-02-08 00:00:00-05:00,87.27234785233188,88.14593896788936,86.58317033719158,86.82583618164062,639500,0.0,0.0
2023-02-09 00:00:00-05:00,87.55383653612145,88.12653179837284,84.13710459463842,84.42830657958984,1002300,0.0,0.0
2023-02-10 00:00:00-05:00,83.98179365481622,84.53507149359746,83.370278382134,84.36035919189453,671600,0.0,0.0
2023-02-13 00:00:00-05:00,84.39917416048299,86.03959756922436,84.0691521806934,85.91341400146484,656400,0.0,0.0
2023-02-14 00:00:00-05:00,85.41838283431142,86.2143265599536,84.14681609599351,85.767822265625,651300,0.0,0.0
2023-02-15 00:00:00-05:00,84.77773378381764,86.4958120675216,84.55448535951855,86.47639465332031,522400,0.0,0.0
2023-02-16 00:00:00-05:00,84.74861862533302,85.66104458617625,84.18563948461761,84.36035919189453,745700,0.0,0.0
2023-02-17 00:00:00-05:00,84.08856210864637,84.63213861244753,83.08878005773192,84.49624633789062,809700,0.0,0.0
2023-02-21 00:00:00-05:00,84.05945066046274,84.05945066046274,79.5555729857387,80.05061340332031,1010500,0.0,0.0
2023-02-22 00:00:00-05:00,79.84677181954824,81.4386591724393,79.84677181954824,80.94361877441406,863600,0.0,0.0
2023-02-23 00:00:00-05:00,81.39982812867619,82.26371790717289,80.0603153880526,81.4483642578125,623900,0.0,0.0
2023-02-24 00:00:00-05:00,80.36122473132865,81.62308272300601,79.24496032692527,81.38041687011719,954600,0.0,0.0
2023-02-27 00:00:00-05:00,82.40931493540153,82.99171142922884,81.93369199609276,82.36077880859375,872800,0.0,0.0
2023-02-28 00:00:00-05:00,82.24431018613994,83.42851327091978,82.00164434485679,82.70051574707031,1046800,0.0,0.0
2023-03-01 00:00:00-05:00,82.47726671705155,84.51565828780846,82.47726671705155,83.83619689941406,878400,0.0,0.0
2023-03-02 00:00:00-05:00,83.38969579715032,84.58360762556427,82.93348281672871,84.36035919189453,595000,0.0,0.0
2023-03-03 00:00:00-05:00,84.9815741147251,84.9815741147251,83.59352531195655,84.70008087158203,937800,0.0,0.0
2023-03-06 00:00:00-05:00,84.5253684803824,84.61272462946526,81.43865865136567,81.5648422241211,1218200,0.0,0.0
2023-03-07 00:00:00-05:00,81.41924286257749,81.62308128674842,79.7205819222458,80.0020751953125,789400,0.0,0.0
2023-03-08 00:00:00-05:00,80.07973435366819,82.63257655251167,79.62352134882205,82.0113525390625,1231800,0.0,0.0
2023-03-09 00:00:00-05:00,82.20547850912874,83.11789698934999,79.84676635768548,80.17678833007812,853100,0.0,0.0
2023-03-10 00:00:00-05:00,79.98266137432778,80.15738107323007,77.75984141823832,78.38106536865234,883300,0.0,0.0
2023-03-13 00:00:00-04:00,76.7794624182268,78.50724183688541,76.19706594308849,77.35215759277344,1076500,0.0,0.0
2023-03-14 00:00:00-04:00,79.7737173398959,83.19524976835444,79.66587467919537,81.25408935546875,2237800,0.79,0.0
2023-03-15 00:00:00-04:00,78.79333285163979,79.83253575822118,76.5286445171117,78.59725189208984,1383500,0.0,0.0
2023-03-16 00:00:00-04:00,77.63647894713266,81.04820525989675,77.1070715924506,80.35213470458984,1984900,0.0,0.0
2023-03-17 00:00:00-04:00,80.25410244665217,80.25410244665217,77.16589644518497,77.6658935546875,2184500,0.0,0.0
2023-03-20 00:00:00-04:00,78.45999495798414,79.55802583628133,78.36195822307197,79.53841400146484,1642700,0.0,0.0
2023-03-21 00:00:00-04:00,80.9795757201893,81.4697668655654,79.63645676888164,79.98938751220703,885700,0.0,0.0
2023-03-22 00:00:00-04:00,79.72469025890724,80.68546822714909,77.91098445612496,77.95999908447266,808500,0.0,0.0
2023-03-23 00:00:00-04:00,77.88157162801082,79.04822146865011,76.28354370588929,77.18550109863281,906400,0.0,0.0
2023-03-24 00:00:00-04:00,76.1266911076778,78.31293956338749,75.4110086998374,78.01882934570312,582400,0.0,0.0
2023-03-27 00:00:00-04:00,79.26391071444603,79.78351215803046,78.65607845050513,79.04822540283203,699300,0.0,0.0
2023-03-28 00:00:00-04:00,79.03842826900035,80.23448846089079,78.97960024140168,80.1364517211914,571600,0.0,0.0
2023-03-29 00:00:00-04:00,81.47957764463634,81.763889423486,80.34233052923769,80.95997619628906,600300,0.0,0.0
2023-03-30 00:00:00-04:00,82.08741377186278,82.54818717271179,80.96977106168536,81.2148666381836,535600,0.0,0.0
2023-03-31 00:00:00-04:00,81.47957401624184,82.7932827154697,81.38153728162719,82.68544006347656,712700,0.0,0.0
2023-04-03 00:00:00-04:00,83.24426525001705,84.64620476802742,82.38152403312031,82.75407409667969,1003400,0.0,0.0
2023-04-04 00:00:00-04:00,82.48936053692815,82.48936053692815,79.80311531117997,80.4893798828125,1086300,0.0,0.0
2023-04-05 00:00:00-04:00,79.44038432520604,80.40116236405117,79.24431083795965,80.29331970214844,964900,0.0,0.0
2023-04-06 00:00:00-04:00,79.93056643660573,79.93056643660573,78.70508858131686,79.34233856201172,948300,0.0,0.0
2023-04-10 00:00:00-04:00,79.31293080070692,80.48938658713293,79.10705141206856,80.32272338867188,1207300,0.0,0.0
2023-04-11 00:00:00-04:00,80.76389431964316,81.46977079982803,80.68546941718546,80.7933120727539,870500,0.0,0.0
2023-04-12 00:00:00-04:00,82.79328384420232,83.5677867737468,81.31291192797508,81.38153839111328,1163100,0.0,0.0
2023-04-13 00:00:00-04:00,81.14624412000107,82.17564858321634,80.26390598550087,81.74427795410156,1380200,0.0,0.0
2023-04-14 00:00:00-04:00,81.98936633739287,82.53838549339834,80.74428414876017,81.19525909423828,669000,0.0,0.0
2023-04-17 00:00:00-04:00,81.17565980245638,81.78349205918391,80.70507299363558,81.68545532226562,606200,0.0,0.0
2023-04-18 00:00:00-04:00,82.24426916684024,82.27367943859039,80.62663690307333,80.88153839111328,484400,0.0,0.0
2023-04-19 00:00:00-04:00,80.15605857290245,81.12663495110677,79.88155272692332,80.97957611083984,504000,0.0,0.0
2023-04-20 00:00:00-04:00,80.03841173760391,81.12663670752686,79.62665295972049,80.18547058105469,602600,0.0,0.0
2023-04-21 00:00:00-04:00,79.96978673630026,80.52860436784846,78.51881758997455,79.7344970703125,855100,0.0,0.0
2023-04-24 00:00:00-04:00,80.10704329761646,80.74429333996767,79.68547857542016,80.60704040527344,761700,0.0,0.0
2023-04-25 00:00:00-04:00,79.45018643152414,80.28350993192521,78.28352904312844,78.2933349609375,1135500,0.0,0.0
2023-04-26 00:00:00-04:00,77.78352742562555,78.84234209569189,77.77372898811028,78.45018768310547,1706500,0.0,0.0
2023-04-27 00:00:00-04:00,78.86195790512424,79.31293288442639,77.26392990223923,78.97959899902344,1261600,0.0,0.0
2023-04-28 00:00:00-04:00,80.25409619097417,85.0677694253837,79.67566674080908,82.61681365966797,1776000,0.0,0.0
2023-05-01 00:00:00-04:00,83.48935885556664,83.58739558797485,80.75409138695493,80.88153839111328,1239500,0.0,0.0
2023-05-02 00:00:00-04:00,79.97958788745294,80.25409372803297,76.96000868162626,78.8325424194336,916200,0.0,0.0
2023-05-03 00:00:00-04:00,78.80313073925183,79.62665580416028,77.90118077079514,78.01882934570312,1266000,0.0,0.0
2023-05-04 00:00:00-04:00,77.3521629836418,77.9207864982033,76.16590132860891,77.2933349609375,715200,0.0,0.0
2023-05-05 00:00:00-04:00,78.83254623335357,79.7246902584006,78.7050917442586,79.36194610595703,758400,0.0,0.0
2023-05-08 00:00:00-04:00,80.02860439716602,80.33252799615333,78.48940448649228,79.1658706665039,522600,0.0,0.0
2023-05-09 00:00:00-04:00,78.18549419540449,78.76391620482715,77.79333975051723,78.55803680419922,619900,0.0,0.0
2023-05-10 00:00:00-04:00,79.58744419237053,79.88156190670358,76.76394554961468,77.79334259033203,700600,0.0,0.0
2023-05-11 00:00:00-04:00,76.90119458881793,77.44040039812054,76.4306077656927,77.26393127441406,945900,0.0,0.0
2023-05-12 00:00:00-04:00,77.54823655978699,78.22470272394891,76.82275576964372,77.15608215332031,729900,0.0,0.0
2023-05-15 00:00:00-04:00,77.60706582807813,78.61685839212262,77.28353787657166,78.58744812011719,612700,0.0,0.0
2023-05-16 00:00:00-04:00,78.07765042704528,78.49921514035944,77.15608861660878,77.26393127441406,1153100,0.0,0.0
2023-05-17 00:00:00-04:00,77.82274297380354,79.52861353254411,77.6266695089871,79.41096496582031,751700,0.0,0.0
2023-05-18 00:00:00-04:00,79.35215009742338,81.90114272095195,78.881563276596,81.74427795410156,1199200,0.0,0.0
2023-05-19 00:00:00-04:00,82.20505627925529,82.29329457777257,80.63644605855933,80.83251953125,872700,0.0,0.0
2023-05-22 00:00:00-04:00,80.79330729312501,81.62663073526348,80.42075723966501,81.22467041015625,713800,0.0,0.0
2023-05-23 00:00:00-04:00,80.87173906077892,82.24427586545374,80.6854714979492,80.85213470458984,712400,0.0,0.0
2023-05-24 00:00:00-04:00,80.30312500723885,80.69527197873722,79.27372050774552,79.6462631225586,721100,0.0,0.0
2023-05-25 00:00:00-04:00,79.72468944727939,80.27370114941499,78.20509386922392,79.05802917480469,633900,0.0,0.0
2023-05-26 00:00:00-04:00,79.68547925150088,80.018813152675,79.048229203743,79.71488952636719,558200,0.0,0.0
2023-05-30 00:00:00-04:00,79.66586834789597,79.72468889279469,77.74431992406228,78.27371978759766,722700,0.0,0.0
2023-05-31 00:00:00-04:00,77.74431868197892,78.11686125992462,75.51884669236915,75.57766723632812,929900,0.0,0.0
2023-06-01 00:00:00-04:00,75.86197967226077,76.79334734498381,75.22473716111539,76.22472381591797,1082500,0.0,0.0
2023-06-02 00:00:00-04:00,78.10705467874081,81.18545444848101,77.3815738837616,80.95016479492188,1747500,0.0,0.0
2023-06-05 00:00:00-04:00,80.98938893473938,81.32271535336139,79.48940509149239,80.60704040527344,713800,0.0,0.0
2023-06-06 00:00:00-04:00,80.04822146580834,81.5874214771238,80.04822146580834,80.85213470458984,635800,0.0,0.0
2023-06-07 00:00:00-04:00,80.88153964370044,82.69524540037209,80.50899706289047,82.10701751708984,813300,0.0,0.0
2023-06-08 00:00:00-04:00,82.23446819900514,82.23446819900514,78.44039332042385,78.84234619140625,1555900,0.0,0.0
2023-06-09 00:00:00-04:00,78.3031350368099,79.06783201494346,77.20510419555062,78.90116882324219,1180700,0.0,0.0
2023-06-12 00:00:00-04:00,78.70509088486656,79.59724237989562,78.16588510059188,79.12665557861328,1111900,0.0,0.0
2023-06-13 00:00:00-04:00,79.78350547937679,81.25407886667239,79.61684229061682,80.82271575927734,735300,0.0,0.0
2023-06-14 00:00:00-04:00,81.93136275007343,82.47579311584404,80.26838437619281,81.13947296142578,767200,0.79,0.0
2023-06-15 00:00:00-04:00,80.8722034533752,82.6935642949377,80.15950491755613,82.1590347290039,758900,0.0,0.0
2023-06-16 00:00:00-04:00,82.30752214448437,82.3174229386416,80.86231583334846,81.83238220214844,1475600,0.0,0.0
2023-06-20 00:00:00-04:00,80.46636296654502,80.68413511414995,78.77368975392419,79.4468002319336,764300,0.0,0.0
2023-06-21 00:00:00-04:00,78.98156243600377,80.07041564024527,78.0312901367334,78.60541534423828,757600,0.0,0.0
2023-06-22 00:00:00-04:00,77.91250511544465,78.03129198770601,76.635574558984,77.62544250488281,773300,0.0,0.0
2023-06-23 00:00:00-04:00,76.80384766115299,78.19956504196993,76.40790653805779,77.7541275024414,1490400,0.0,0.0
2023-06-26 00:00:00-04:00,77.81351708551233,80.05062067889033,77.64524135314973,79.87244415283203,875800,0.0,0.0
2023-06-27 00:00:00-04:00,79.67447046884679,81.5156254897764,79.19933807433846,80.88211059570312,712200,0.0,0.0
2023-06-28 00:00:00-04:00,80.61484644652539,81.69379886268658,80.27828742402754,81.6443099975586,708700,0.0,0.0
2023-06-29 00:00:00-04:00,81.19886530441268,82.98063060396431,81.19886530441268,82.06995391845703,527100,0.0,0.0
2023-06-30 00:00:00-04:00,82.67376413619922,83.16869808889989,81.73339264690506,82.87174224853516,756600,0.0,0.0
2023-07-03 00:00:00-04:00,82.63417747968198,85.16823694419706,82.38671049909753,84.89107513427734,637500,0.0,0.0
2023-07-05 00:00:00-04:00,83.56464840464979,83.82201617970085,81.96106719970703,81.96106719970703,1274100,0.0,0.0
2023-07-06 00:00:00-04:00,80.85241464464077,81.53542594838653,79.41710913466622,81.40673828125,1005300,0.0,0.0
2023-07-07 00:00:00-04:00,81.64430637691461,84.7128953062073,81.59480996188867,84.09917449951172,1196800,0.0,0.0
2023-07-10 00:00:00-04:00,83.65374407344204,85.03956073878199,83.069718045351,83.17860412597656,734400,0.0,0.0
2023-07-11 00:00:00-04:00,83.80222168868484,84.65350115151729,83.5052582920019,83.90120697021484,759600,0.0,0.0
2023-07-12 00:00:00-04:00,85.27712002319865,87.82108019212882,84.98015663609539,87.45482635498047,1324000,0.0,0.0
2023-07-13 00:00:00-04:00,87.34594667765515,87.59341366766037,86.1779021827468,87.48452758789062,983900,0.0,0.0
2023-07-14 00:00:00-04:00,87.25686282203202,87.25686282203202,85.18803484342598,86.03932189941406,559700,0.0,0.0
2023-07-17 00:00:00-04:00,85.31671882358923,85.77205716257747,84.45553101057867,85.63347625732422,595400,0.0,0.0
2023-07-18 00:00:00-04:00,85.60378503327023,87.46473409082859,85.60378503327023,87.09848022460938,617000,0.0,0.0
2023-07-19 00:00:00-04:00,86.81141071765182,88.29621254898287,86.73222702623791,87.45482635498047,719400,0.0,0.0
2023-07-20 00:00:00-04:00,87.92006869349667,87.92006869349667,86.45506084329072,86.69263458251953,651800,0.0,0.0
2023-07-21 00:00:00-04:00,86.76192649938298,86.76192649938298,85.53449236769046,86.34618377685547,700200,0.0,0.0
2023-07-24 00:00:00-04:00,86.28678298335808,86.79161772666825,85.24742622018154,85.62357330322266,680400,0.0,0.0
2023-07-25 00:00:00-04:00,86.25709256453149,87.9794606830592,86.07891603143598,87.69239807128906,705600,0.0,0.0
2023-07-26 00:00:00-04:00,87.31625115570935,88.05865211984575,85.74236473674493,87.128173828125,716400,0.0,0.0
2023-07-27 00:00:00-04:00,87.52411877634312,87.88047182805616,86.30658547640087,86.72232818603516,1112500,0.0,0.0
2023-07-28 00:00:00-04:00,88.09824683743466,90.45412982062604,84.56441858660105,85.53449249267578,2051900,0.0,0.0
2023-07-31 00:00:00-04:00,85.68296458508527,86.02942439813913,83.69333550695528,84.71289825439453,2556300,0.0,0.0
2023-08-01 00:00:00-04:00,83.44586675015276,85.08904353232509,83.34687391876409,84.88117218017578,1102200,0.0,0.0
2023-08-02 00:00:00-04:00,83.68343633432453,84.7920911429697,83.33698406665198,83.8022232055664,930900,0.0,0.0
2023-08-03 00:00:00-04:00,83.11921068613454,84.22785792633485,82.40650457338124,82.5252914428711,1217700,0.0,0.0
2023-08-04 00:00:00-04:00,82.71335902514944,85.11873831602708,82.21842507683793,83.57454681396484,931900,0.0,0.0
2023-08-07 00:00:00-04:00,84.03979153495813,84.42583943620374,83.53495675944723,84.05958557128906,608800,0.0,0.0
2023-08-08 00:00:00-04:00,82.44610130041235,83.43596923646903,81.74329597206327,83.30728912353516,594600,0.0,0.0
2023-08-09 00:00:00-04:00,83.62404568292395,84.33674424564317,82.74305628115845,83.5151596069336,680300,0.0,0.0
2023-08-10 00:00:00-04:00,83.90120871316591,84.96036710693497,83.90120871316591,84.7920913696289,772300,0.0,0.0
2023-08-11 00:00:00-04:00,84.47532725772388,85.05935327551782,83.3864740227593,83.52505493164062,765900,0.0,0.0
2023-08-14 00:00:00-04:00,82.95093813608493,83.37658166131372,82.45600415568369,83.31718444824219,670100,0.0,0.0
2023-08-15 00:00:00-04:00,82.267927010411,83.28748980398237,81.1493789309567,81.19886779785156,811500,0.0,0.0
2023-08-16 00:00:00-04:00,80.99099077493169,81.61460482932083,80.38717075549931,80.46636199951172,733600,0.0,0.0
2023-08-17 00:00:00-04:00,80.67423324722824,82.60447261696902,80.55544638136239,82.33721160888672,869900,0.0,0.0
2023-08-18 00:00:00-04:00,81.70370136980783,83.1588084623374,81.60471608538329,82.78265380859375,856100,0.0,0.0
2023-08-21 00:00:00-04:00,82.87174579691352,83.34687818267828,82.16894046023718,82.53518676757812,655700,0.0,0.0
2023-08-22 00:00:00-04:00,82.91133806727035,82.91133806727035,80.80291459043504,81.24835968017578,692800,0.0,0.0
2023-08-23 00:00:00-04:00,81.34734827388824,81.43643276420921,80.27828907747804,81.22856140136719,644100,0.0,0.0
2023-08-24 00:00:00-04:00,80.9414996687618,82.000658082602,80.79302551661523,81.02069091796875,955200,0.0,0.0
2023-08-25 00:00:00-04:00,81.37703820424325,81.65420000467789,80.40697190272198,81.0998764038086,1300200,0.0,0.0
2023-08-28 00:00:00-04:00,81.30775417450245,82.86184658002173,81.30775417450245,82.68367004394531,717900,0.0,0.0
2023-08-29 00:00:00-04:00,82.66386987541915,83.67353180355872,82.35700569310524,83.64383697509766,665100,0.0,0.0
2023-08-30 00:00:00-04:00,83.75272568249433,84.34664492667918,83.48545711375075,84.32685089111328,715100,0.0,0.0
2023-08-31 00:00:00-04:00,84.48522547909565,84.84157853453695,84.01998634826434,84.14867401123047,702100,0.0,0.0
2023-09-01 00:00:00-04:00,84.87127052009095,85.66316785055876,84.75249120698562,85.08904266357422,633100,0.0,0.0
2023-09-05 00:00:00-04:00,84.68320118079787,84.8316753229226,80.8623105135393,81.03058624267578,985200,0.0,0.0
2023-09-06 00:00:00-04:00,81.12957778346878,82.51539444964155,80.75343067423194,81.87197875976562,930600,0.0,0.0
2023-09-07 00:00:00-04:00,81.29785051381647,81.9214721441427,79.02115880210488,79.45669555664062,1364900,0.0,0.0
2023-09-08 00:00:00-04:00,79.52598801594924,79.96153233356527,78.37774511327036,78.72419738769531,1225500,0.0,0.0
2023-09-11 00:00:00-04:00,79.53588851358234,80.35748072707935,78.68460146983006,78.79348754882812,890100,0.0,0.0
2023-09-12 00:00:00-04:00,78.49653286786179,79.4171103800052,78.24906587591026,78.51632690429688,586300,0.0,0.0
2023-09-13 00:00:00-04:00,78.51632044129741,78.74399337807316,76.71476119026772,77.18000030517578,920300,0.0,0.0
2023-09-14 00:00:00-04:00,78.33000183105469,79.68000030517578,77.8499984741211,79.62999725341797,971300,0.79,0.0
2023-09-15 00:00:00-04:00,79.43000030517578,79.61000061035156,78.56999969482422,79.0,1162800,0.0,0.0
2023-09-18 00:00:00-04:00,79.11000061035156,79.2699966430664,78.05000305175781,78.44999694824219,441900,0.0,0.0
2023-09-19 00:00:00-04:00,78.41999816894531,78.88999938964844,77.55000305175781,78.70999908447266,1084000,0.0,0.0
2023-09-20 00:00:00-04:00,79.25,80.11000061035156,78.30999755859375,78.41999816894531,599200,0.0,0.0
2023-09-21 00:00:00-04:00,77.97000122070312,78.0250015258789,77.0,77.0999984741211,217916,0.0,0.0
